kode_bps,jenis,kode_kemendagri,nama,pulau,provinsi,kode_prov,pdrb_kapita_ribu,pdrb_adhb_miliar,laju_pdrb_pct,ipm,p0,p1,p2,gk,miskin_ribu,ikk,penduduk_2024,kepadatan,luas_km2,rad_sum_2020,rad_sum_2024,rad_mean_2020,rad_mean_2024,rad_max_2020,rad_max_2024,lit_share_2020,lit_share_2024,cfcvg_mean_2020,cfcvg_mean_2024,n_pix_2020,n_pix_2024,cahaya_pk,pct_menyala,pertumbuhan_cahaya,cahaya_rata,flag_awan,lon,lat
1101,Kabupaten,11.09,Kabupaten Simeulue,Sumatera,Aceh,11,31944.0,3151.0,4.43,69.01,17.69,2.62,0.6,576505.0,17.59,108.8,98633.0,48.0,1837.48,209.1058940437495,241.52036891649755,0.0243012969537728,0.0280683537509305,7.72313928604126,9.286027908325195,0.0139417301217206,0.015519067506941,28.84040909596371,16.05127463080007,9385.0,9385.0,2.448677105192963,1.5519067506941,14.347404140841657,0.0280683537509305,False,96.0263,2.6282
1102,Kabupaten,11.10,Kabupaten Aceh Singkil,Sumatera,Aceh,11,25361.0,3441.0,3.46,70.75,19.06,3.06,0.74,609322.0,24.84,94.32,135684.0,62.0,1887.17,716.1450793795141,691.1132059478293,0.0810648943732065,0.078231381675666,9.25863265991211,10.33495044708252,0.0473022462563134,0.0461760551438568,26.852488940066365,16.111535535169395,9486.0,9486.0,5.093549762299382,4.61760551438568,-3.5528627713986793,0.078231381675666,False,97.9251,2.3755
1103,Kabupaten,11.01,Kabupaten Aceh Selatan,Sumatera,Aceh,11,30853.0,7466.0,3.21,69.1,12.02,1.57,0.31,528243.0,30.53,98.65,241994.0,63.0,4216.15,429.9649746400468,852.3293800176359,0.0217600952110418,0.0431355332510021,8.942590713500977,9.596172332763672,0.0151721797393338,0.0272272423257909,23.87992132782124,15.663000656924606,20365.0,20365.0,3.522109556508161,2.72272423257909,68.31187945377116,0.0431355332510021,False,97.4711,3.0664
1104,Kabupaten,11.02,Kabupaten Aceh Tenggara,Sumatera,Aceh,11,28742.0,6738.0,3.59,71.7,11.99,1.64,0.35,496074.0,27.28,93.43,234430.0,55.0,4146.76,428.3838537406688,667.6341119165514,0.0220408483316244,0.0343505528354476,15.266407012939451,13.192988395690918,0.0118884474177164,0.0149234608434439,26.32795275209254,21.10923102501213,19911.0,19911.0,2.8479039027281123,1.4923460843443899,44.288570977196606,0.0343505528354476,False,97.7396,3.3507
1105,Kabupaten,11.03,Kabupaten Aceh Timur,Sumatera,Aceh,11,33666.0,14935.0,4.63,69.87,13.26,2.04,0.46,557943.0,60.86,95.47,443638.0,71.0,5440.52,4667.85850846896,4994.398192965401,0.1827993938229863,0.1955871114191388,324.2042236328125,232.0542755126953,0.0707529458125899,0.0753506356646385,24.717394879944514,31.32849985663892,26175.0,26175.0,11.257823254467382,7.535063566463849,6.760251616652546,0.1955871114191388,False,97.642,4.6955
1106,Kabupaten,11.04,Kabupaten Aceh Tengah,Sumatera,Aceh,11,47284.0,10721.0,4.98,75.41,14.27,2.12,0.48,626090.0,31.85,100.11,226744.0,53.0,4706.02,585.0096426010132,868.621096521616,0.0264834920712844,0.0393226337610469,10.275287628173828,17.123159408569336,0.0141695664732239,0.0175648300051466,23.51371908379547,26.027483970361715,22589.0,22589.0,3.8308449022757647,1.7564830005146599,39.472135115002075,0.0393226337610469,False,96.9531,4.5624
1107,Kabupaten,11.05,Kabupaten Aceh Barat,Sumatera,Aceh,11,67948.0,14053.0,7.5,73.69,17.6,3.02,0.75,644009.0,38.79,93.49,206822.0,71.0,2810.08,1261.9440089977256,1855.8323337155227,0.0956748114112072,0.140700702466248,25.512845993041992,30.96610450744629,0.0356127312816194,0.0490183836034145,25.170729778392975,24.86196301872606,13527.0,13527.0,8.973089582904732,4.90183836034145,38.54264788694408,0.140700702466248,False,96.1942,4.4421
1108,Kabupaten,11.06,Kabupaten Aceh Besar,Sumatera,Aceh,11,42993.0,18412.0,4.95,75.13,13.21,1.88,0.47,586860.0,58.98,95.73,428254.0,144.0,2897.33,7345.903131669292,7850.9005415436095,0.539448204270841,0.576532813342758,26.67125129699707,33.07737731933594,0.1799607020639911,0.1821983172097371,36.22834214604283,29.343823822221083,14212.0,14212.0,18.332346087937555,18.21983172097371,6.647672788913539,0.576532813342758,False,95.4997,5.3563
1109,Kabupaten,11.07,Kabupaten Pidie,Sumatera,Aceh,11,32150.0,14549.0,4.15,72.31,18.59,2.14,0.42,607117.0,86.89,92.66,452547.0,147.0,2975.83,1919.152854640519,2932.217386500974,0.1373074232420574,0.2097879867945294,14.77169704437256,14.418096542358398,0.0723923361207222,0.1029682269086469,32.27993422270905,24.491873513670008,14448.0,14448.0,6.479365428344401,10.29682269086469,42.36951100428357,0.2097879867945294,False,95.9395,5.1229
1110,Kabupaten,11.11,Kabupaten Bireuen,Sumatera,Aceh,11,40039.0,18381.0,4.52,74.45,12.1,1.69,0.37,494866.0,59.93,94.12,459073.0,241.0,1791.12,3163.272123704004,4133.412906315162,0.3759197858590652,0.4912102512349294,21.760189056396484,23.86611557006836,0.1765703745336152,0.1975428775418705,29.35268496692545,28.394892350596145,8673.0,8673.0,9.003824895637866,19.75428775418705,26.742228441658078,0.4912102512349294,False,96.5956,5.0818
1111,Kabupaten,11.08,Kabupaten Aceh Utara,Sumatera,Aceh,11,47602.0,30084.0,3.56,71.7,16.11,2.78,0.7,473719.0,104.49,102.71,631984.0,195.0,2710.33,5275.835567690811,5982.873661725547,0.4144048730887971,0.4699411057609713,66.137451171875,72.67435455322266,0.1655786010126802,0.1818084088572259,27.69017143117647,28.789956610853604,13221.0,13221.0,9.466811915690187,18.180840885722592,12.574153401915744,0.4699411057609713,False,97.1607,4.993
1112,Kabupaten,11.12,Kabupaten Aceh Barat Daya,Sumatera,Aceh,11,33721.0,5368.0,4.24,68.75,15.32,2.31,0.46,516947.0,24.44,92.68,159187.0,107.0,1893.15,719.3158644957867,795.7505079618859,0.0810330967677976,0.0896436893685073,20.316978454589844,9.85876178741455,0.0383643136471831,0.0461130735805278,18.77926857714389,17.10146766991165,9144.0,9144.0,4.998841035774817,4.6113073580527795,10.085177434193504,0.0896436893685073,False,96.8522,3.833
1113,Kabupaten,11.13,Kabupaten Gayo Lues,Sumatera,Aceh,11,33552.0,3583.0,3.26,69.83,18.3,2.76,0.63,557201.0,17.93,94.18,106791.0,19.0,5450.89,168.98547837138176,203.1130497455597,0.0066094159769274,0.0079442248472997,6.616868019104004,8.390063285827637,0.0040676824317992,0.0043023564182491,22.964011133670155,24.78510765017256,26040.0,26040.0,1.901967860077719,0.43023564182491,18.2960993713837,0.0079442248472997,False,97.3215,3.9756
1114,Kabupaten,11.16,Kabupaten Aceh Tamiang,Sumatera,Aceh,11,37349.0,11542.0,4.25,72.32,12.17,1.47,0.28,583294.0,37.76,94.91,309039.0,158.0,2143.06,2070.298892729773,2639.408436910546,0.2059219484366826,0.2625283382788249,33.55582809448242,33.768150329589844,0.0757387702245174,0.0950930678857285,24.49637986987657,29.266576303184443,10397.0,10397.0,8.54069692469412,9.50930678857285,24.27577212409151,0.2625283382788249,False,97.902,4.1987
1115,Kabupaten,11.15,Kabupaten Nagan Raya,Sumatera,Aceh,11,70463.0,12432.0,4.38,71.72,16.94,2.3,0.45,635820.0,29.6,97.41,176429.0,52.0,3423.92,894.6621007853865,1121.1122729688295,0.0557043905949768,0.0698038688566945,12.1538667678833,23.1979923248291,0.0361509031682613,0.0413443739963135,22.50288180251284,21.036327193057204,16453.0,16453.0,6.3544670828992365,4.13443739963135,22.540492392281575,0.0698038688566945,False,96.5246,4.1925
1116,Kabupaten,11.14,Kabupaten Aceh Jaya,Sumatera,Aceh,11,36357.0,3607.0,3.83,71.83,12.25,1.39,0.28,536092.0,12.24,98.86,99200.0,26.0,3878.16,488.5824967424075,544.4601501792084,0.0268296643376218,0.0298980892109626,6.976459503173828,6.492223739624023,0.0196570138463281,0.0209027914462778,32.17908273729104,21.636265888778883,18684.0,18684.0,5.48850957841944,2.09027914462778,10.80767702461456,0.0298980892109626,False,95.6999,4.8137
1117,Kabupaten,11.17,Kabupaten Bener Meriah,Sumatera,Aceh,11,37903.0,6521.0,3.27,75.01,18.18,3.07,0.8,591421.0,28.37,96.4,172036.0,118.0,1931.73,322.5238244831562,579.2479155063629,0.0355631899119801,0.0638709517297914,4.284045219421387,8.590174674987793,0.0266842053373599,0.0368286139780092,23.200422986382467,25.117106084742566,9376.0,9376.0,3.3670157147711115,3.6828613978009197,58.41826955061116,0.0638709517297914,False,96.9761,4.7696
1118,Kabupaten,11.18,Kabupaten Pidie Jaya,Sumatera,Aceh,11,28383.0,4725.0,4.55,75.16,18.28,3.14,0.73,599755.0,30.95,92.33,166467.0,155.0,942.52,998.640484232295,1204.4865121035018,0.2254784423456848,0.2719554703255056,6.275839805603027,7.127087593078613,0.127010928898849,0.1386446323726681,31.261996066906853,22.555541880535607,4622.0,4622.0,7.235587306213856,13.864463237266811,18.724281035297086,0.2719554703255056,False,96.2137,5.0998
1171,Kota,11.71,Kota Banda Aceh,Sumatera,Aceh,11,98201.0,26025.0,6.08,87.17,6.95,0.71,0.11,862944.0,19.97,94.74,265019.0,4319.0,55.33,4721.6022788945365,5038.130973593861,18.15918708230558,19.376550054544055,63.57239532470703,65.27073669433594,1.0,1.0,39.74710043286127,32.427869025534285,316.0,316.0,19.010451981155544,100.0,6.487366339696088,19.376550054544055,False,95.3233,5.5606
1172,Kota,11.72,Kota Sabang,Sumatera,Aceh,11,42813.0,1861.0,4.16,78.32,14.58,2.9,0.8,725956.0,5.17,102.78,43470.0,284.0,122.9,470.8512447700781,429.0178340429184,0.8151413983840016,0.7427190669192929,14.141026496887209,13.23520278930664,0.3558548772539648,0.3347884531827069,37.99914457962198,28.835256897675425,688.0,688.0,9.869285347203093,33.478845318270686,-9.283709418099306,0.7427190669192929,False,95.3158,5.834
1173,Kota,11.74,Kota Langsa,Sumatera,Aceh,11,37006.0,7324.0,4.43,78.81,10.33,1.52,0.42,546363.0,19.37,92.08,197909.0,754.0,212.46,1239.5225859190905,1711.2737338617735,1.2424948284498922,1.7153771851674688,17.625646591186523,26.759855270385746,0.3726325720350643,0.397020323125909,24.136872518573856,30.528008176422023,1115.0,1115.0,8.646770656522813,39.7020323125909,32.228942511942904,1.7153771851674688,False,97.9769,4.493
1174,Kota,11.73,Kota Lhokseumawe,Sumatera,Aceh,11,59122.0,11848.0,4.46,79.55,10.44,1.98,0.67,522671.0,22.77,100.91,200403.0,1107.0,138.14,6315.223064370949,11241.612026723464,9.736051615526785,17.330965797770812,523.154541015625,1191.1976318359375,0.8998331358371019,0.8800573142124735,30.80507726536237,24.11046891248096,734.0,734.0,56.09502865088578,88.00573142124735,57.65897910691962,17.330965797770812,False,97.1053,5.1611
1175,Kota,11.75,Kota Subulussalam,Sumatera,Aceh,11,27880.0,2762.0,4.12,68.04,16.38,2.11,0.41,504372.0,13.95,97.17,99062.0,71.0,1167.52,539.7651396095753,455.8414978384972,0.0986997166081584,0.0833537095178867,16.503902435302734,10.356646537780762,0.0468113362599979,0.0444341980905449,25.697772159015123,21.00287766379305,5724.0,5724.0,4.601577777942069,4.44341980905449,-16.86485629990795,0.0833537095178867,False,97.9276,2.7452
1201,Kabupaten,12.04,Kabupaten Nias,Sumatera,Sumatera Utara,12,34085.0,5305.0,3.89,65.55,14.89,1.64,0.34,520024.0,21.74,110.03,155629.0,172.0,862.99,64.5269228522684,170.9581519966032,0.0159765545115514,0.0423284129141115,3.0281379222869877,3.7613489627838135,0.0143682876220862,0.0301143695498719,23.682192663997814,12.871720456313048,4314.0,4314.0,1.0984980434019571,3.01143695498719,96.47900507637237,0.0423284129141115,True,97.7489,1.0873
1202,Kabupaten,12.13,Kabupaten Mandailing Natal,Sumatera,Sumatera Utara,12,40129.0,20279.0,4.83,69.33,8.69,1.11,0.21,519553.0,40.56,93.25,505360.0,77.0,6536.62,1054.781124973823,1545.8307801523629,0.0344792153513827,0.0505308931907481,22.442577362060547,24.74818992614746,0.0223743184767721,0.0282822204799748,26.65005804452506,14.505193113417045,31288.0,31288.0,3.0588704688783497,2.82822204799748,38.192728401427175,0.0505308931907481,True,99.4381,0.7889
1203,Kabupaten,12.03,Kabupaten Tapanuli Selatan,Sumatera,Sumatera Utara,12,67227.0,21276.0,5.12,72.14,6.92,0.57,0.08,512480.0,19.9,93.67,316486.0,75.0,4143.0,1631.7875610585306,2430.7096980131146,0.0841418456895197,0.1253376390451002,52.37163925170898,34.934364318847656,0.0348351663906464,0.0596444293459028,28.09614360330737,15.259886680053135,20110.0,20110.0,7.680307179505933,5.96444293459028,39.830587506728676,0.1253376390451002,False,99.2088,1.5473
1204,Kabupaten,12.01,Kabupaten Tapanuli Tengah,Sumatera,Sumatera Utara,12,34619.0,13671.0,4.15,71.52,11.8,1.33,0.21,527227.0,49.21,100.58,394910.0,171.0,2334.3,800.4244102081831,1079.5483785512397,0.0732341624868496,0.0987723767028466,12.3045015335083,16.155485153198242,0.0419132972595165,0.0489651651218504,25.580508226760568,15.509779649760333,11614.0,11614.0,2.733656728245017,4.89651651218504,29.88332919763037,0.0987723767028466,False,98.6797,1.865
1205,Kabupaten,12.02,Kabupaten Tapanuli Utara,Sumatera,Sumatera Utara,12,34494.0,11279.0,4.77,75.23,8.21,1.27,0.35,531593.0,25.51,94.53,326993.0,84.0,3712.59,1015.0831969386222,964.1333762660914,0.0584047728169694,0.0554732764525148,33.719444274902344,16.142250061035156,0.0274613622579387,0.0294386020014729,29.16170720876834,20.919191748256257,17820.0,17820.0,2.948483228283454,2.9438602001472898,-5.1444206000911485,0.0554732764525148,False,99.0665,2.0069
1206,Kabupaten,12.12,Kabupaten Toba,Sumatera,Sumatera Utara,12,47455.0,10284.0,4.84,76.91,8.07,0.89,0.17,531581.0,15.03,94.11,216720.0,95.0,2145.69,788.8106851228313,1119.6341015043213,0.0784883803723652,0.1114060304888725,20.141632080078125,18.486852645874023,0.0429072897245858,0.0577908643734601,29.60715096782453,19.722227771798966,10494.0,10494.0,5.166270309636033,5.7790864373460105,34.98566884792895,0.1114060304888725,False,99.3349,2.39
1207,Kabupaten,12.10,Kabupaten Labuhanbatu,Sumatera,Sumatera Utara,12,97593.0,50802.0,5.06,74.18,7.84,0.83,0.13,556900.0,42.45,96.25,520545.0,188.0,2731.76,2158.975165665033,3230.6957812673904,0.1687410190397557,0.2525044785175079,16.77796173095703,20.441312789916992,0.073252365809739,0.0990104593693727,31.54562261982296,20.280240297306648,13321.0,13321.0,6.206371747432768,9.901045936937269,40.29102848928288,0.2525044785175079,False,100.1321,2.2759
1208,Kabupaten,12.09,Kabupaten Asahan,Sumatera,Sumatera Utara,12,70611.0,57458.0,4.68,72.09,8.12,1.15,0.29,454298.0,61.34,93.06,813720.0,218.0,3781.14,4336.131222220143,6435.916350053689,0.2448175806122725,0.3633712609454599,33.62291717529297,29.55726623535156,0.1153520253276943,0.1497234903560936,30.510409325494475,21.14183238757448,18192.0,18192.0,7.909251769716474,14.972349035609362,39.4836476965585,0.3633712609454599,False,99.6108,2.834
1209,Kabupaten,12.08,Kabupaten Simalungun,Sumatera,Sumatera Utara,12,56003.0,58906.0,4.89,74.97,7.72,0.75,0.12,496959.0,68.05,96.2,1051845.0,229.0,4403.98,2379.647877861821,5452.995197220518,0.1153142476745632,0.2642441533431794,21.47239112854004,40.888450622558594,0.0700731305790263,0.1228212900573919,27.84702552966604,20.83218961691343,21256.0,21256.0,5.184219345265242,12.28212900573919,82.89757355974787,0.2642441533431794,False,98.7833,2.953
1210,Kabupaten,12.11,Kabupaten Dairi,Sumatera,Sumatera Utara,12,38398.0,12694.0,4.97,73.92,7.1,0.79,0.15,502924.0,20.4,101.58,330586.0,159.0,1992.58,654.475809896752,738.546635159441,0.0701214653936046,0.0791289327058028,13.977813720703123,13.33148193359375,0.0365263996450467,0.0383419214531569,28.769591333225787,18.52521268621598,9655.0,9655.0,2.2340529700575376,3.83419214531569,12.067594402047455,0.0791289327058028,False,98.2857,2.8354
1211,Kabupaten,12.06,Kabupaten Karo,Sumatera,Sumatera Utara,12,67690.0,28868.0,4.22,76.55,7.37,0.81,0.18,656812.0,33.44,100.54,426471.0,193.0,2176.22,1315.9105315785782,4545.339730630552,0.1290331605054844,0.4456986527122303,11.20262622833252,32.650821685791016,0.0715898559920017,0.1511403356982176,29.35093960892888,19.644795524023767,10559.0,10559.0,10.658027698555243,15.11403356982176,123.90339674568808,0.4456986527122303,False,98.3313,3.0984
1212,Kabupaten,12.07,Kabupaten Deli Serdang,Sumatera,Sumatera Utara,12,73934.0,151451.0,5.36,76.92,3.44,0.41,0.12,508139.0,84.24,89.32,2048480.0,794.0,2593.97,32610.311128438698,38717.89595682517,2.681894418357368,3.184186395774576,54.62406921386719,56.38394546508789,0.4726153022506533,0.4958613583259019,27.93330054456235,23.224549006580865,12693.0,12693.0,18.900792761864977,49.58613583259019,17.166855316660268,3.184186395774576,False,98.7161,3.4686
1213,Kabupaten,12.05,Kabupaten Langkat,Sumatera,Sumatera Utara,12,57859.0,62411.0,4.98,72.73,9.04,1.18,0.26,507996.0,96.54,94.62,1078676.0,176.0,6239.61,7576.248641412631,9425.587023982114,0.258966530217363,0.3221794429396298,61.63140487670898,62.26842498779297,0.1215100657421613,0.1300496434079225,23.842975762730426,24.72362609338486,29907.0,29907.0,8.738107665306464,13.004964340792249,21.838394597079258,0.3221794429396298,False,98.1705,3.7526
1214,Kabupaten,12.14,Kabupaten Nias Selatan,Sumatera,Sumatera Utara,12,23409.0,9128.0,3.82,65.02,16.32,2.62,0.6,406429.0,54.48,110.59,389957.0,154.0,2500.72,217.9053455496536,244.0224255922963,0.0186268670961618,0.0208593932311541,8.808380126953125,8.223775863647461,0.0128017705054099,0.0145003374003512,24.050079397191457,12.387077482741969,12768.0,12768.0,0.6257675220403693,1.45003374003512,11.271031510172591,0.0208593932311541,True,98.6849,0.1308
1215,Kabupaten,12.16,Kabupaten Humbang Hasundutan,Sumatera,Sumatera Utara,12,39949.0,8272.0,4.79,71.59,8.44,0.78,0.09,487256.0,16.78,97.48,207076.0,88.0,2531.34,214.49765038490293,298.25834956227567,0.018092439693076,0.0251574839758322,5.751550197601318,8.028347969055176,0.0145921974496484,0.0172529621846585,27.328178404870886,20.11325218949117,12190.0,12190.0,1.4403327742581258,1.72529621846585,32.83572392790957,0.0251574839758322,False,98.5969,2.2356
1216,Kabupaten,12.15,Kabupaten Pakpak Bharat,Sumatera,Sumatera Utara,12,30576.0,1719.0,5.02,70.36,6.87,0.8,0.11,412759.0,3.73,99.12,56212.0,41.0,1322.93,95.321510098261,86.62051993608475,0.0153822206524848,0.0139781246574494,6.313247203826904,3.391953706741333,0.0103828629287431,0.0091982027591444,26.76671876977597,19.304956334641183,6431.0,6431.0,1.5409613594265414,0.9198202759144399,-9.467644301127631,0.0139781246574494,False,98.2698,2.5391
1217,Kabupaten,12.17,Kabupaten Samosir,Sumatera,Sumatera Utara,12,42639.0,6100.0,5.02,72.88,11.63,0.98,0.15,455397.0,14.85,103.17,143071.0,77.0,1238.2,100.73197028929108,320.12340434777974,0.0173702471060596,0.0552021629477166,3.877939939498901,7.366433620452881,0.0140501618571612,0.0334189223092387,27.46033637346636,14.293874042872028,6194.0,6194.0,2.237514271569918,3.34189223092387,114.94838740258943,0.0552021629477166,True,98.5687,2.5426
1218,Kabupaten,12.18,Kabupaten Serdang Bedagai,Sumatera,Sumatera Utara,12,60743.0,42012.0,5.01,72.47,6.97,1.11,0.28,518209.0,43.0,93.59,691638.0,355.0,1940.54,5541.421294906211,7434.744549873064,0.6091970595150539,0.817339862282552,17.920194625854492,21.92376708984375,0.2885759257510834,0.3254421441409514,29.966772419983396,22.92308159905221,9491.0,9491.0,10.749473785236011,32.54421441409514,29.386725398524405,0.817339862282552,False,99.0019,3.3474
1219,Kabupaten,12.19,Kabupaten Batu Bara,Sumatera,Sumatera Utara,12,108189.0,47318.0,4.12,70.83,10.94,1.5,0.3,591201.0,47.66,88.66,437360.0,492.0,912.78,3463.031242540302,5933.601785951739,0.8097270783626129,1.3873966770168311,32.029930114746094,36.41111373901367,0.3887056532252074,0.5164788310084256,30.44495273620207,19.804296975648736,4589.0,4589.0,13.566859763013852,51.64788310084256,53.836692006191456,1.3873966770168311,False,99.4841,3.2333
1220,Kabupaten,12.20,Kabupaten Padang Lawas Utara,Sumatera,Sumatera Utara,12,63548.0,17831.0,4.99,72.32,8.97,1.33,0.29,502403.0,27.21,93.95,280595.0,71.0,3957.26,253.15107226652256,445.4262966609468,0.0136662978967462,0.0240462282332508,5.831705093383789,6.40207576751709,0.0104692312317245,0.0178577326065362,26.530436603270932,17.380874282002804,19187.0,19187.0,1.587434903191243,1.78577326065362,56.33454547085268,0.0240462282332508,False,99.693,1.6341
1221,Kabupaten,12.21,Kabupaten Padang Lawas,Sumatera,Sumatera Utara,12,65288.0,18330.0,5.02,71.27,7.87,1.12,0.3,483395.0,24.96,93.07,280764.0,72.0,3831.15,287.15834674215785,1111.1846199098757,0.0160185791411614,0.0619853087204537,4.109403133392334,10.420177459716797,0.0127640454157458,0.0415678066396312,21.752921830612813,15.702936246712614,18344.0,18344.0,3.957717584554557,4.15678066396312,135.05713420087426,0.0619853087204537,False,99.8109,1.1553
1222,Kabupaten,12.22,Kabupaten Labuhan Batu Selatan,Sumatera,Sumatera Utara,12,124517.0,41910.0,4.89,73.67,7.73,0.93,0.16,533535.0,29.19,96.57,336577.0,109.0,3081.49,1672.8474693294834,2131.8682063715137,0.1159357237322029,0.1477478897143098,9.940667152404783,11.867164611816406,0.0799028324852375,0.0999554549237257,30.406881901735066,20.20389387563631,14865.0,14865.0,6.333968769023176,9.995545492372571,24.234279923208746,0.1477478897143098,False,100.0695,1.8475
1223,Kabupaten,12.23,Kabupaten Labuhan Batu Utara,Sumatera,Sumatera Utara,12,89497.0,36582.0,4.24,74.4,8.98,0.89,0.14,607292.0,34.0,95.16,408749.0,111.0,3576.6,1073.4637606534302,1596.1279235902955,0.0640917252502715,0.0952976673201945,10.042573928833008,9.661386489868164,0.0463476486907747,0.0643520275647565,30.39242854242876,20.645823972637547,17197.0,17197.0,3.9049096721711747,6.4352027564756495,39.638525863608365,0.0952976673201945,False,99.7675,2.4294
1224,Kabupaten,12.24,Kabupaten Nias Utara,Sumatera,Sumatera Utara,12,30190.0,4790.0,3.64,65.62,21.5,4.34,1.28,535575.0,30.53,107.35,158676.0,128.0,1202.58,34.87621448659429,65.23309245951035,0.0061922897778122,0.0115821690386545,2.1763570308685303,3.2247323989868164,0.0058306195955886,0.0093530825206045,25.42529684008827,13.377967443502374,5959.0,5959.0,0.41110875280137105,0.9353082520604499,61.31056973452189,0.0115821690386545,True,97.3411,1.3076
1225,Kabupaten,12.25,Kabupaten Nias Barat,Sumatera,Sumatera Utara,12,26031.0,2532.0,3.89,64.67,22.68,1.76,0.2,556919.0,18.78,115.36,97251.0,209.0,456.62,38.560476660728455,36.940375238657,0.0180651282160075,0.0173061298205736,2.032787799835205,1.726475954055786,0.0173340633175578,0.0178025515153296,26.571415973426625,13.993422793145012,2381.0,2381.0,0.37984571098145004,1.78025515153296,-4.181470096401929,0.0173061298205736,True,97.4948,1.0178
1271,Kota,12.73,Kota Sibolga,Sumatera,Sumatera Utara,12,78494.0,7202.0,3.92,75.66,11.39,1.7,0.37,612818.0,9.99,102.94,91747.0,7998.0,10.86,321.63022484171626,335.28100069597656,6.351898027775527,6.621488164302508,21.806020736694336,26.241016387939453,0.9311493184634446,0.9114002478314744,25.193618339529092,12.383364312267648,75.0,75.0,3.6544083261139497,91.14002478314744,4.1440269354502846,6.621488164302508,True,98.7913,1.7371
1272,Kota,12.74,Kota Tanjung Balai,Sumatera,Sumatera Utara,12,65758.0,12208.0,4.91,71.1,11.97,1.6,0.33,592573.0,22.25,94.78,185647.0,3090.0,60.77,1113.4471688950766,1317.7262836222556,3.905864774713448,4.622456114394444,21.67278289794922,26.49557113647461,0.8493252445214812,0.8832487309644673,33.177637461653816,18.16235400932691,331.0,331.0,7.098020887072,88.32487309644674,16.83078647912115,4.622456114394444,False,99.7927,2.9797
1273,Kota,12.72,Kota Pematang Siantar,Sumatera,Sumatera Utara,12,62629.0,17352.0,4.61,81.17,7.2,1.26,0.27,709992.0,18.97,92.05,277054.0,3649.0,76.46,1686.3586367284554,2223.5254908599118,4.712563861542532,6.2136876730879695,27.70092391967773,30.03921890258789,0.8347506849315071,0.9099068493150682,25.80519452054794,21.14918356164384,430.0,430.0,8.025603278999442,90.99068493150682,27.637926091165,6.2136876730879695,False,99.0582,2.953
1274,Kota,12.76,Kota Tebing Tinggi,Sumatera,Sumatera Utara,12,43514.0,7875.0,3.37,77.45,8.79,1.25,0.29,665016.0,15.31,95.16,180977.0,4620.0,39.93,1272.810235067676,1644.6849110841752,6.819342576788686,8.81173762635707,30.19339370727539,30.013256072998047,0.9956508036558462,1.0,33.658682634730546,24.307616346254864,245.0,245.0,9.087811772126708,100.0,25.614406289620906,8.81173762635707,False,99.1595,3.3194
1275,Kota,12.71,Kota Medan,Sumatera,Sumatera Utara,12,132571.0,329609.0,5.07,82.76,7.94,1.09,0.26,695295.0,187.04,94.2,2486283.0,8902.0,283.33,32196.51422767219,36282.66338804236,24.25897696479219,27.33775119653584,87.60587310791016,104.84060668945312,0.9725442919783946,0.9690369818813602,25.963041756787103,24.56798035669965,1524.0,1524.0,14.593134968160246,96.90369818813602,11.947834389180834,27.33775119653584,False,98.6795,3.6397
1276,Kota,12.75,Kota Binjai,Sumatera,Sumatera Utara,12,50750.0,15589.0,4.66,78.1,4.75,0.69,0.14,577220.0,13.86,92.06,307170.0,3276.0,94.21,2985.5855501707865,3356.5700343678977,6.7492093694575495,7.58785623272472,27.69478988647461,28.2043514251709,0.8646300597507136,0.859355330579245,28.546586053438773,23.964858779099654,521.0,521.0,10.927401876380824,85.9355330579245,11.70867298708611,7.58785623272472,False,98.4886,3.6034
1277,Kota,12.77,Kota Padangsidimpuan,Sumatera,Sumatera Utara,12,35727.0,8577.0,5.01,76.96,6.23,0.77,0.12,556024.0,14.88,95.61,240067.0,1507.0,134.55,940.1124482912176,1279.6633150956209,1.4931063380248788,2.0323881571615274,17.413288116455078,19.11164283752441,0.4812371930217928,0.6181916702479494,30.8858972203018,16.66474211650692,702.0,702.0,5.330442397729054,61.81916702479494,30.80708064437312,2.0323881571615274,False,99.2761,1.3844
1278,Kota,12.78,Kota Gunungsitoli,Sumatera,Sumatera Utara,12,50415.0,7322.0,3.84,71.41,14.72,1.99,0.38,493644.0,22.16,103.43,145233.0,696.0,311.83,431.0477134382023,455.8914625588586,0.2955366336314449,0.3125701029041118,18.9721736907959,15.13404369354248,0.1333632677643819,0.1403512545573826,22.67289553779805,11.504382615803223,1619.0,1619.0,3.1390349476968638,14.035125455738259,5.590983289661722,0.3125701029041118,True,97.6091,1.2647
1301,Kabupaten,13.09,Kabupaten Kepulauan Mentawai,Sumatera,Sumatera Barat,13,67335.0,6246.0,3.97,63.99,13.89,1.6,0.35,461088.0,14.19,118.65,92757.0,15.0,6000.68,61.77813010613124,114.33264107201612,0.0021996675910333,0.0040709196722417,2.752519130706787,3.6365463733673096,0.0017701032809255,0.0033103737938143,26.48160618755614,14.429560236082663,29823.0,29823.0,1.2326039120715,0.33103737938143,60.821371800131715,0.0040709196722417,True,98.8827,-1.3395
1302,Kabupaten,13.01,Kabupaten Pesisir Selatan,Sumatera,Sumatera Barat,13,35995.0,19182.0,3.84,72.02,7.49,0.74,0.11,589787.0,36.05,92.61,532913.0,93.0,6100.42,1468.7789383613597,1694.6085126396488,0.0514252283974388,0.0593320257600929,20.88947868347168,20.283071517944336,0.0329590045212461,0.0371909535533227,25.16999729101438,18.69409277747089,29307.0,29307.0,3.179897117615162,3.71909535533227,14.292967349785624,0.0593320257600929,False,100.9283,-1.7246
1303,Kabupaten,13.02,Kabupaten Solok,Sumatera,Sumatera Barat,13,44812.0,18392.0,3.91,71.02,7.31,1.09,0.3,569605.0,28.18,94.5,410426.0,110.0,3246.04,635.4048514370825,1707.4812372019476,0.0418326631677391,0.1124141361205462,8.71609115600586,11.02481174468994,0.030232773690911,0.0694066244677915,21.54413028655288,14.862136600118747,15730.0,15730.0,4.160265765818802,6.94066244677915,98.75251697793584,0.1124141361205462,True,100.8047,-0.9226
1304,Kabupaten,13.03,Kabupaten Sijunjung,Sumatera,Sumatera Barat,13,50609.0,12489.0,3.89,70.23,5.78,0.71,0.13,565067.0,14.99,91.18,246775.0,79.0,3067.75,583.8344034254551,1021.244062050768,0.0406676979994435,0.0711360016736466,6.681718826293945,7.602774620056152,0.0320544269123227,0.0516854620092241,20.438039835709677,18.26715537106825,14733.0,14733.0,4.13836110647662,5.16854620092241,55.842681443026535,0.0711360016736466,False,101.0659,-0.6476
1305,Kabupaten,13.04,Kabupaten Tanah Datar,Sumatera,Sumatera Barat,13,45066.0,17496.0,3.85,74.9,4.28,0.44,0.07,554665.0,15.0,92.26,388228.0,291.0,1315.22,736.1404676318168,1658.542625257782,0.1196077929322743,0.2694793067542663,9.25821304321289,11.23151683807373,0.0859720866455804,0.1557637559671423,25.88063995290005,14.025004014201365,6481.0,6481.0,4.272083995120862,15.576375596714229,81.15188486026241,0.2694793067542663,True,100.6285,-0.4718
1306,Kabupaten,13.05,Kabupaten Padang Pariaman,Sumatera,Sumatera Barat,13,58386.0,26809.0,4.57,73.1,6.27,0.78,0.19,580392.0,26.76,88.15,459169.0,345.0,1354.31,1782.8986088445372,2484.875368733851,0.2813089486753488,0.3920681042097001,23.822582244873047,18.63987159729004,0.1544120740819574,0.1864052727583229,27.28211942411501,13.193524634998118,6613.0,6613.0,5.4116792917942,18.640527275832287,33.18236596437263,0.3920681042097001,True,100.2724,-0.5672
1307,Kabupaten,13.06,Kabupaten Agam,Sumatera,Sumatera Barat,13,50019.0,27976.0,4.12,74.66,6.83,0.5,0.07,558963.0,34.82,90.2,559299.0,310.0,2237.91,1471.162255804912,2525.852446371199,0.1404886329985961,0.2412062680011456,10.49037742614746,15.08260726928711,0.0817010242680869,0.1099065010371504,27.824375715510243,16.992875698845495,10825.0,10825.0,4.5161039915522805,10.99065010371504,54.02421935103483,0.2412062680011456,False,100.153,-0.2362
1308,Kabupaten,13.07,Kabupaten Lima Puluh Kota,Sumatera,Sumatera Barat,13,51985.0,20851.0,4.03,71.14,6.92,0.77,0.16,582794.0,27.72,90.18,401086.0,112.0,3324.12,406.17133807902246,1467.376003505436,0.0261111374667353,0.094331758425221,3.768854856491089,5.1331329345703125,0.021796741228362,0.0587604445869661,23.894051854361678,19.85419654075684,16055.0,16055.0,3.6585071618192506,5.87604445869661,128.26782346187287,0.094331758425221,False,100.5891,0.0351
1309,Kabupaten,13.08,Kabupaten Pasaman,Sumatera,Sumatera Barat,13,38246.0,12165.0,3.95,68.89,6.74,0.79,0.13,515608.0,20.01,90.35,318080.0,81.0,3935.47,250.09442662503204,450.4791389444295,0.0135801984940259,0.0244611453635285,9.678311347961426,9.538758277893066,0.0093592396086291,0.0155878016434034,25.01006429153674,16.205135401485652,18900.0,18900.0,1.4162447778685536,1.55878016434034,58.670009782227694,0.0244611453635285,False,100.0268,0.4
1310,Kabupaten,13.11,Kabupaten Solok Selatan,Sumatera,Sumatera Barat,13,38905.0,7588.0,4.09,71.5,6.56,0.94,0.22,551340.0,12.33,91.49,195034.0,58.0,3610.3,401.7488914306741,545.3519988739023,0.0237737897666391,0.032271610567174,11.562061309814451,5.768861770629883,0.0168059114480235,0.0235231706688808,21.93317109123324,14.498476514655405,17352.0,17352.0,2.7961893765902475,2.35231706688808,30.49501850526033,0.032271610567174,True,101.2654,-1.3596
1311,Kabupaten,13.10,Kabupaten Dharmasraya,Sumatera,Sumatera Barat,13,58714.0,14328.0,3.86,74.06,5.32,0.64,0.15,622190.0,15.25,91.19,244026.0,82.0,3017.02,1312.9457583316398,1273.7108533226974,0.092987254673251,0.0902085061369951,9.075146675109863,17.70210838317871,0.0714766202306009,0.0587489647288464,21.52260543379182,17.878486246099865,14668.0,14668.0,5.219570264327151,5.8748964728846405,-3.031526821804942,0.0902085061369951,False,101.5868,-1.2505
1312,Kabupaten,13.12,Kabupaten Pasaman Barat,Sumatera,Sumatera Barat,13,46259.0,21116.0,4.08,70.93,7.0,0.76,0.17,657354.0,34.6,94.6,456467.0,117.0,3737.62,884.653612419437,1373.856442560986,0.0505795174857078,0.0785493836048671,12.832399368286133,11.098849296569824,0.035412686881732,0.051583393870907,27.94439982601053,16.210373225352235,17991.0,17991.0,3.0097607112036266,5.1583393870907,43.97786817154498,0.0785493836048671,False,99.6963,0.1892
1371,Kota,13.71,Kota Padang,Sumatera,Sumatera Barat,13,88225.0,84183.0,4.65,83.99,4.06,0.25,0.03,736786.0,41.4,94.36,954177.0,1376.0,686.08,10138.073772388816,10864.157197125043,3.1587299289729875,3.384956478131853,48.39613723754883,40.57752227783203,0.4181735096214354,0.4419897535900925,25.25602584451018,12.214841043799572,3447.0,3447.0,11.385892970722459,44.19897535900925,6.916443177083487,3.384956478131853,True,100.4498,-0.9252
1372,Kota,13.72,Kota Solok,Sumatera,Sumatera Barat,13,69988.0,5561.0,4.55,80.0,3.07,0.34,0.07,569869.0,2.4,92.71,79459.0,1115.0,60.87,869.61282514661,934.6164093171848,3.052365076083436,3.2805294549943165,22.663116455078125,21.869909286499023,0.611350465938967,0.616333328745062,24.34095445222921,18.251152803204445,342.0,342.0,11.76224731392523,61.633332874506195,7.200821297527948,3.2805294549943165,False,100.6383,-0.7786
1373,Kota,13.73,Kota Sawahlunto,Sumatera,Sumatera Barat,13,73598.0,5058.0,4.02,75.13,2.33,0.3,0.08,524196.0,1.52,92.19,68725.0,296.0,238.59,425.1639052483381,400.0242450171826,0.3808066505738479,0.3582898054442052,10.48757266998291,9.263587951660156,0.2511986175066649,0.2131695134930085,26.193816011773663,17.95556070712286,1217.0,1217.0,5.820651073367516,21.31695134930085,-6.080213950623392,0.3582898054442052,False,100.7558,-0.6623
1374,Kota,13.74,Kota Padang Panjang,Sumatera,Sumatera Barat,13,80012.0,4757.0,4.52,80.17,5.31,0.46,0.07,634303.0,3.06,90.3,59453.0,2585.0,21.09,440.5948710365623,601.2719778638259,4.455218182025674,6.079956949610424,17.461345672607422,23.96966552734375,0.9516615116186852,0.9877071932746452,28.29221191212627,10.70310889047506,127.0,127.0,10.11340012890562,98.77071932746452,31.031625335880708,6.079956949610424,True,100.4041,-0.4663
1375,Kota,13.75,Kota Bukittinggi,Sumatera,Sumatera Barat,13,93968.0,11747.0,4.52,82.51,4.08,0.43,0.08,658640.0,5.82,95.45,125015.0,4953.0,23.83,730.9543152608122,1091.5261457562444,6.5714761807751785,9.813114058942404,30.9052677154541,34.5148811340332,0.9170074742631504,0.9439782823297136,22.34663658158229,21.673811874206745,140.0,140.0,8.731161426678755,94.39782823297136,40.05297575579192,9.813114058942404,False,100.3738,-0.3013
1376,Kota,13.76,Kota Payakumbuh,Sumatera,Sumatera Barat,13,64206.0,9421.0,4.53,80.61,5.19,0.74,0.15,648230.0,7.62,90.32,146731.0,1722.0,75.26,600.1993859440673,1327.8462046606865,1.70418157885888,3.770232183728525,9.14110279083252,17.198619842529297,0.6741306550568429,0.8328118562727567,26.814940596154063,20.427919250854597,408.0,408.0,9.049527398168665,83.28118562727566,79.31396929194125,3.770232183728525,False,100.6358,-0.2255
1377,Kota,13.77,Kota Pariaman,Sumatera,Sumatera Barat,13,69170.0,6802.0,4.51,78.88,4.26,0.46,0.08,609286.0,4.01,90.87,98336.0,1487.0,64.71,884.2723309248101,798.3410359698182,2.924256832911769,2.6400851273804125,20.05199432373047,14.829530715942385,0.8205291142523664,0.7612631305926596,25.96789002723381,10.670211386331214,367.0,367.0,8.11850223692054,76.12631305926595,-10.210763303259274,2.6400851273804125,True,100.1447,-0.6186
1401,Kabupaten,14.09,Kabupaten Kuantan Singingi,Sumatera,Riau,14,148878.0,51996.0,3.12,72.33,7.89,0.91,0.2,736050.0,25.56,86.92,349251.0,64.0,5283.7,763.7111108675307,1785.8049568729073,0.0308922080803831,0.0722360294798259,8.49612808227539,10.8242826461792,0.0207548786020437,0.0528123146036046,24.846355047382165,22.241149195915007,25264.0,25264.0,5.113242215120092,5.28123146036046,84.86862339838606,0.0722360294798259,False,101.4888,-0.4911
1402,Kabupaten,14.02,Kabupaten Indragiri Hulu,Sumatera,Riau,14,129125.0,60478.0,3.74,71.48,6.02,0.61,0.09,660349.0,27.53,95.28,468366.0,60.0,8003.81,2332.3072727170643,4050.419744284947,0.0622631563701979,0.1081297995566233,10.695622444152832,11.907951354980469,0.0415707226467808,0.0702442658409836,33.818506595103365,26.54345749811218,37963.0,37963.0,8.647979879591915,7.02442658409836,55.178068234384185,0.1081297995566233,False,102.2988,-0.5126
1403,Kabupaten,14.04,Kabupaten Indragiri Hilir,Sumatera,Riau,14,138693.0,94985.0,3.1,68.38,5.66,0.84,0.22,629570.0,41.05,100.51,684860.0,51.0,13434.19,2915.621579901261,2970.875483880323,0.046385092584442,0.0472641358283898,26.27463722229004,20.505998611450195,0.0270591741548382,0.0277967977167671,45.72820646172717,29.268085456026117,64213.0,64213.0,4.337931086470699,2.77967977167671,1.8767276309117342,0.0472641358283898,False,102.9823,-0.2965
1404,Kabupaten,14.05,Kabupaten Pelalawan,Sumatera,Riau,14,187221.0,77686.0,4.36,74.08,8.49,1.12,0.21,729977.0,49.2,95.67,414943.0,31.0,13066.78,7019.188055356226,8531.24871656965,0.1147983657196862,0.1395280198345766,123.85134887695312,131.05526733398438,0.0422603187455008,0.0532021552084632,40.44898389032474,28.58740199224918,62262.0,62262.0,20.56004973350472,5.32021552084632,19.506294502087762,0.1395280198345766,False,102.2163,0.15
1405,Kabupaten,14.08,Kabupaten Siak,Sumatera,Riau,14,250381.0,121123.0,4.37,75.45,5.08,0.56,0.08,595659.0,26.72,95.84,483754.0,62.0,7821.29,13699.620035996271,13748.59605195347,0.3743458259662131,0.3756841088600348,253.41036987304688,193.2133331298828,0.0943198691901785,0.1224407874778677,43.32442125880341,26.82230730085153,37419.0,37419.0,28.420635388965195,12.24407874778677,0.35683557294099444,0.3756841088600348,False,101.8441,0.8182
1406,Kabupaten,14.01,Kabupaten Kampar,Sumatera,Riau,14,130105.0,116424.0,2.72,74.85,6.92,0.91,0.19,590444.0,63.74,94.39,894848.0,86.0,10733.3,12005.369943280431,13808.121048929524,0.239006376159434,0.2748960664325577,283.4327697753906,418.584228515625,0.0935100148453378,0.1128036453248505,29.670663028003887,20.775201220104854,51172.0,51172.0,15.430688842048621,11.28036453248505,13.989198185439555,0.2748960664325577,False,101.0991,0.3168
1407,Kabupaten,14.06,Kabupaten Rokan Hulu,Sumatera,Riau,14,95447.0,56647.0,2.71,71.82,9.62,0.96,0.18,699018.0,75.89,94.53,593486.0,78.0,7241.14,2203.2316777277224,3971.89866588291,0.0650115029812328,0.1172001585527822,46.00846862792969,23.2028751373291,0.0395293035643245,0.0715812161142931,28.03142890270424,16.93296846834235,34585.0,34585.0,6.692489234595104,7.15812161142931,58.91169681118651,0.1172001585527822,False,100.4674,0.8936
1408,Kabupaten,14.03,Kabupaten Bengkalis,Sumatera,Riau,14,296914.0,175714.0,0.93,75.28,6.36,0.72,0.12,755572.0,36.56,98.5,591800.0,69.0,8508.7,13747.768669384131,14568.220890239056,0.3452299824654237,0.3658329408531539,216.88198852539065,414.3651123046875,0.1060129743835936,0.1130557750778586,43.50136346738552,23.52883922350652,40841.0,40841.0,24.616797719227876,11.305577507785861,5.796187643281492,0.3658329408531539,False,101.5477,1.3099
1409,Kabupaten,14.07,Kabupaten Rokan Hilir,Sumatera,Riau,14,152221.0,102494.0,1.69,71.2,7.01,0.85,0.19,545799.0,53.49,102.43,673323.0,74.0,9178.09,4269.34308595038,6596.780586020035,0.0993732989150133,0.1535467719164101,148.5865020751953,177.25880432128906,0.0505024744230811,0.0831871127909193,36.75894517840975,20.261865040546365,43852.0,43852.0,9.797349245488473,8.31871127909193,43.5039145623314,0.1535467719164101,False,100.7021,1.896
1410,Kabupaten,14.10,Kabupaten Kepulauan Meranti,Sumatera,Riau,14,128527.0,27469.0,3.33,67.92,23.15,3.59,0.88,661863.0,44.34,102.89,213720.0,59.0,3641.1,1244.0642973112122,986.429372331792,0.0730348401635311,0.0579099582686943,84.65026092529297,15.94803524017334,0.0324677671745136,0.0284708806986597,48.5005010784756,24.274562457077963,17796.0,17796.0,4.615522049091298,2.84708806986597,-23.18374794638025,0.0579099582686943,False,102.7231,0.841
1471,Kota,14.71,Kota Pekanbaru,Sumatera,Riau,14,166856.0,171307.0,4.61,82.89,3.15,0.34,0.06,749522.0,38.17,90.22,1026671.0,1608.0,625.62,17315.651151574133,17185.91077648168,5.914583679240716,5.8702676845176045,80.6152114868164,55.60178756713867,0.6675409186075011,0.668218709438036,36.85399233533765,23.263083305315277,3091.0,3091.0,16.73945283005138,66.8218709438036,-0.7520440170196707,5.8702676845176045,False,101.4767,0.559
1473,Kota,14.72,Kota Dumai,Sumatera,Riau,14,158148.0,52668.0,5.02,76.19,3.14,0.2,0.03,631652.0,10.02,97.25,333031.0,162.0,2270.12,11124.492416445648,14874.699164140937,1.0466745698337476,1.3995217728781564,774.6216430664062,1367.0015869140625,0.1476666693724478,0.1716467804029594,41.64174469771373,20.26949066616089,10994.0,10994.0,44.66460829214378,17.16467804029594,29.04898637332476,1.3995217728781564,False,101.2309,1.8663
1501,Kabupaten,15.01,Kabupaten Kerinci,Sumatera,Jambi,15,57339.0,14719.0,4.57,73.11,6.93,1.0,0.24,606095.0,16.83,97.95,256706.0,75.0,3401.92,541.1681921198087,1527.0213508657382,0.033969413519086,0.0958519374851722,4.061686992645264,14.791245460510254,0.0256788078818122,0.0581250172311255,24.368095488005174,16.448601029535148,16358.0,16358.0,5.948522242821509,5.81250172311255,103.61526718431824,0.0958519374851722,False,101.6009,-2.0611
1502,Kabupaten,15.02,Kabupaten Merangin,Sumatera,Jambi,15,68216.0,25472.0,4.55,71.66,8.4,1.18,0.27,617011.0,33.49,95.59,373409.0,50.0,7418.18,856.898235522532,1424.2738276689656,0.0246705990527837,0.0410056726541954,13.615029335021973,12.590412139892578,0.013730510892832,0.0271640836245604,23.413083095378227,15.39984665345613,35411.0,35411.0,3.8142461153024314,2.71640836245604,50.763374817357665,0.0410056726541954,False,102.1156,-2.2058
1503,Kabupaten,15.03,Kabupaten Sarolangun,Sumatera,Jambi,15,74063.0,22701.0,3.7,72.01,8.36,1.09,0.21,607306.0,26.54,94.04,306514.0,52.0,5870.54,1906.3314459067933,1930.4007928724384,0.0693374878536405,0.0702129431982286,53.39649200439453,23.937543869018555,0.0308463442434273,0.0342848731401497,24.800162091684488,17.98483507056991,28120.0,28120.0,6.297920463249438,3.4284873140149696,1.2540422671251328,0.0702129431982286,False,102.6171,-2.3356
1504,Kabupaten,15.04,Kabupaten Batang Hari,Sumatera,Jambi,15,82609.0,26150.0,2.99,71.67,8.63,1.34,0.28,613093.0,23.74,90.1,316550.0,59.0,5463.89,2283.952610493875,2752.932961984592,0.0892821371737526,0.1076150780067652,127.28443908691406,82.21710205078125,0.049186982522462,0.0661880694073335,32.749400067144684,24.911521439532272,26174.0,26174.0,8.696676550259333,6.61880694073335,18.668477321555077,0.1076150780067652,False,103.0156,-1.8418
1505,Kabupaten,15.05,Kabupaten Muaro Jambi,Sumatera,Jambi,15,95332.0,40476.0,6.17,71.91,3.65,0.48,0.1,617948.0,17.48,96.85,424579.0,81.0,5418.16,6016.2672201407895,10225.779546638449,0.2371498730792408,0.4030808860190315,136.05104064941406,358.1728515625,0.0936645361307927,0.1329364110167893,35.4390806274992,25.327735137518168,26040.0,26040.0,24.084515594597114,13.29364110167893,53.03765194654737,0.4030808860190315,False,103.8189,-1.704
1506,Kabupaten,15.07,Kabupaten Tanjung Jabung Timur,Sumatera,Jambi,15,114222.0,27296.0,4.73,67.54,10.14,2.32,0.76,592432.0,21.86,101.04,238975.0,53.0,4951.38,2746.406334129151,2274.8433332305326,0.1185113360818702,0.0981627224813295,116.94152069091795,109.4440460205078,0.0286376521024134,0.0489103589301358,39.356006838569535,25.61725992537684,23695.0,23695.0,9.51916867132768,4.89103589301358,-18.830663576808337,0.0981627224813295,False,103.9223,-1.2845
1507,Kabupaten,15.06,Kabupaten Tanjung Jabung Barat,Sumatera,Jambi,15,166332.0,55733.0,4.45,69.93,9.54,1.17,0.24,575337.0,33.12,101.51,335069.0,60.0,4929.38,11515.910684063978,17159.68351920504,0.4992215125745286,0.7438823899192164,795.2816772460938,588.7515869140625,0.0831380998467767,0.1335466748993117,38.55460091702636,25.919796650036417,23500.0,23500.0,51.212387655095036,13.35466748993117,39.88044758703584,0.7438823899192164,False,103.0573,-1.0945
1508,Kabupaten,15.09,Kabupaten Tebo,Sumatera,Jambi,15,67299.0,23909.0,3.97,71.32,6.12,0.73,0.12,590573.0,22.48,91.68,355262.0,58.0,6268.87,1143.233843306817,1760.1036690271362,0.038966369056024,0.0599919688747062,9.499706268310549,34.59843826293945,0.0287945826486391,0.036937932553644,29.097080883605088,23.95547248779048,29931.0,29931.0,4.954382030803003,3.6937932553643997,43.1205416635116,0.0599919688747062,False,102.4385,-1.3952
1509,Kabupaten,15.08,Kabupaten Bungo,Sumatera,Jambi,15,71750.0,27356.0,3.3,71.92,5.06,0.4,0.06,607714.0,20.04,89.12,381272.0,80.0,4692.87,1786.5612742535625,3015.078770500655,0.0813244029970164,0.1372466114280855,16.82341766357422,17.992877960205078,0.0471880732405509,0.072276060867659,23.68212224942716,18.196988927375656,22477.0,22477.0,7.907947005027002,7.2276060867659,52.31052930434616,0.1372466114280855,False,101.9807,-1.5289
1571,Kota,15.71,Kota Jambi,Sumatera,Jambi,15,68297.0,43375.0,4.98,81.04,7.73,0.96,0.23,757014.0,47.25,94.24,635101.0,3738.0,171.49,7518.423945314275,9645.078408129306,9.377619817921486,12.030164710497608,119.17684173583984,56.35715866088867,0.9470368413844376,0.9674678640605742,33.549725108098066,28.04924086791494,892.0,892.0,15.186684335451064,96.74678640605741,24.906191816697465,12.030164710497608,False,103.6097,-1.6286
1572,Kota,15.72,Kota Sungai Penuh,Sumatera,Jambi,15,101944.0,10281.0,5.1,77.4,2.92,0.33,0.07,610141.0,2.6,97.3,100847.0,276.0,352.75,950.307542296718,1002.5071216807646,0.5752671801105368,0.6068661136122564,21.09351348876953,21.40267562866211,0.1688043775000296,0.171653076000902,24.761559187646164,16.741962515875553,1758.0,1758.0,9.940872030707553,17.1653076000902,5.341886646174743,0.6068661136122564,False,101.3405,-2.1374
1601,Kabupaten,16.01,Kabupaten Ogan Komering Ulu,Sumatera,Sumatera Selatan,16,53428.0,20465.0,5.06,71.55,10.68,1.0,0.13,563523.0,41.54,83.37,383039.0,101.0,3866.8,2237.7708231345114,2665.4171467469014,0.1233652062986929,0.1469407558544881,43.10482025146485,85.11746215820312,0.0496410478587721,0.0601619657091366,33.44134109976616,35.245351955130936,18606.0,18606.0,6.958605120488779,6.01619657091366,17.480870308173113,0.1469407558544881,False,104.0111,-4.1053
1602,Kabupaten,16.02,Kabupaten Ogan Komering Ilir,Sumatera,Sumatera Selatan,16,57799.0,46649.0,5.13,69.33,12.08,1.62,0.39,473057.0,106.37,93.42,807085.0,47.0,17944.16,6397.913274002659,9992.4582515311,0.0760635840146249,0.118798451178826,54.77070617675781,73.38491821289062,0.0460979102826469,0.0736981355266683,44.29973073474068,39.8674806881412,85293.0,85293.0,12.38092425398948,7.36981355266683,44.580252907069706,0.118798451178826,False,105.3945,-3.3243
1603,Kabupaten,16.03,Kabupaten Muara Enim,Sumatera,Sumatera Selatan,16,182108.0,116724.0,5.89,71.0,9.79,2.14,0.64,491107.0,66.42,94.79,640962.0,95.0,6751.48,13480.652181052928,17993.9130764641,0.4258530500423733,0.5684267098426888,216.8815155029297,325.4819030761719,0.103500549850852,0.1358278405027433,31.805696075748475,33.17355019809372,32649.0,32649.0,28.073291515665673,13.582784050274329,28.875944775856333,0.5684267098426888,False,103.9562,-3.8468
1604,Kabupaten,16.04,Kabupaten Lahat,Sumatera,Sumatera Selatan,16,66582.0,29981.0,5.11,69.77,14.14,2.13,0.53,582041.0,60.19,85.48,450281.0,104.0,4233.05,4017.37471840697,6384.759974202572,0.2024059895673884,0.3216811353960958,149.34048461914062,74.39134979248047,0.0739320952504768,0.0918369040473273,26.834661525397028,24.3489557750966,20451.0,20451.0,14.17950118748642,9.183690404732731,46.31929853590844,0.3216811353960958,False,103.4067,-3.8758
1605,Kabupaten,16.05,Kabupaten Musi Rawas,Sumatera,Sumatera Selatan,16,61857.0,25472.0,4.95,68.95,13.44,1.87,0.4,589926.0,57.44,90.62,411787.0,67.0,6320.22,3471.657936845224,4662.300198594262,0.1172056629956894,0.1574026000838506,215.00997924804688,265.74676513671875,0.0359223302256261,0.0455573742211369,26.858728078868246,17.858525117378083,30171.0,30171.0,11.322116042017504,4.5557374221136895,29.48031178226085,0.1574026000838506,False,103.2633,-3.1723
1606,Kabupaten,16.06,Kabupaten Musi Banyuasin,Sumatera,Sumatera Selatan,16,142138.0,92667.0,4.94,70.12,12.88,2.02,0.43,594355.0,88.94,92.7,651950.0,45.0,14755.87,11853.477888911377,19030.46437304908,0.1715263715414969,0.2753813297034482,347.48175048828125,460.1305847167969,0.0585602821927937,0.0826812741690143,37.0398408920216,23.765297061995536,70102.0,70102.0,29.19006729511324,8.26812741690143,47.338795198911754,0.2753813297034482,False,103.6827,-2.4889
1607,Kabupaten,16.07,Kabupaten Banyu Asin,Sumatera,Sumatera Selatan,16,44734.0,39630.0,5.14,69.51,9.31,1.66,0.44,539283.0,84.36,93.46,885902.0,72.0,11103.64,6845.58753160261,8720.758668479495,0.1316526754170909,0.1677155109144196,75.5545425415039,63.08076095581055,0.0574319088333269,0.0692115484965705,38.01940604943588,30.886850825445865,53475.0,53475.0,9.843931573107968,6.92115484965705,24.20705421738667,0.1677155109144196,False,105.2447,-2.3995
1608,Kabupaten,16.09,Kabupaten Ogan Komering Ulu Selatan,Sumatera,Sumatera Selatan,16,27724.0,11908.0,4.58,67.65,9.86,1.68,0.38,436420.0,37.81,89.75,429535.0,126.0,4232.23,217.90681267263844,533.4397552673722,0.0109689855422499,0.026852271810242,4.086524486541748,5.9051923751831055,0.0088632325383027,0.0196322012160467,32.18401961088158,30.21898515108992,20372.0,20372.0,1.2419005558740783,1.96322012160467,89.25728854472368,0.026852271810242,False,103.9745,-4.5661
1609,Kabupaten,16.08,Kabupaten Ogan Komering Ulu Timur,Sumatera,Sumatera Selatan,16,31504.0,21240.0,5.12,71.55,9.75,0.72,0.09,434534.0,68.74,92.51,674184.0,154.0,3395.79,4470.344555409518,6231.060347910373,0.2806345595752996,0.3911669122477184,11.764248847961426,35.63363265991211,0.2045166901731437,0.2499851674088705,39.62169285531935,41.41174879080533,16376.0,16376.0,9.242373518075738,24.99851674088705,33.201783328661705,0.3911669122477184,False,104.5688,-4.1047
1610,Kabupaten,16.10,Kabupaten Ogan Ilir,Sumatera,Sumatera Selatan,16,34945.0,15241.0,4.81,69.4,12.3,1.49,0.33,589012.0,55.49,87.91,436141.0,189.0,2384.26,4637.209281184393,6472.527856536356,0.4149751772924832,0.5792144007161766,175.05072021484375,227.07174682617188,0.1515325280571604,0.1791194368213821,34.748630656176154,41.251063680453726,11603.0,11603.0,14.840448058165492,17.911943682138208,33.33928627034659,0.5792144007161766,False,104.637,-3.4204
1611,Kabupaten,16.11,Kabupaten Empat Lawang,Sumatera,Sumatera Selatan,16,19448.0,6722.0,4.44,67.25,10.78,1.51,0.32,421747.0,28.42,89.46,345641.0,155.0,2390.41,163.1695656478405,278.54891726374626,0.0145558321611792,0.0248484530327176,3.9147331714630127,3.989924669265747,0.0112400547554737,0.0185550110249089,25.20566186710847,21.580862451185528,11546.0,11546.0,0.8058908441525926,1.85550110249089,53.22774637685814,0.0248484530327176,False,102.9458,-3.7134
1612,Kabupaten,16.12,Kabupaten Penukal Abab Lematang Ilir,Sumatera,Sumatera Selatan,16,45701.0,9386.0,4.98,67.48,9.82,0.62,0.09,503822.0,19.79,93.56,205384.0,111.0,1923.48,3616.478897820384,3620.8959375552113,0.4011590690556634,0.4016490305895391,356.9720458984375,115.71912384033205,0.1139155157983751,0.1387427768043415,36.576241363050286,29.75653806869886,9330.0,9330.0,17.62988323119236,13.87427768043415,0.12202822435316563,0.4016490305895391,False,104.0126,-3.1748
1613,Kabupaten,16.13,Kabupaten Musi Rawas Utara,Sumatera,Sumatera Selatan,16,48869.0,9696.0,4.52,67.4,17.38,3.07,0.78,638089.0,35.29,93.81,198413.0,33.0,5833.84,907.6453010914372,1726.208781398628,0.0332118817086934,0.0631641476944567,107.4374542236328,84.00411224365234,0.0145560016978342,0.034452461357481,20.39562136114307,15.649495227208742,27900.0,27900.0,8.700079034128953,3.4452461357481,64.23071531629745,0.0631641476944567,False,102.7408,-2.7173
1671,Kota,16.71,Kota Palembang,Sumatera,Sumatera Selatan,16,121154.0,208197.0,5.13,80.57,9.77,1.66,0.4,660932.0,173.59,85.89,1718440.0,4875.0,367.8,18275.2106659223,20240.885304114403,10.610099972019071,11.751318248784042,75.5545425415039,61.59264755249024,0.9124131132163537,0.9234713276459916,30.757472889502157,31.78733712641245,1854.0,1854.0,11.778639524286216,92.34713276459917,10.2153736966903,11.751318248784042,False,104.7345,-2.9837
1672,Kota,16.74,Kota Prabumulih,Sumatera,Sumatera Selatan,16,51808.0,10533.0,5.01,77.08,10.13,1.47,0.36,650002.0,20.41,89.82,203312.0,455.0,406.65,4184.707701792789,4302.251564401736,2.19631264964632,2.2580046699099383,185.1304626464844,236.2421417236328,0.4491273206273413,0.5074465895525461,35.21120693203804,36.54662454204915,2037.0,2037.0,21.160834404273903,50.74465895525461,2.7695120693058684,2.2580046699099383,False,104.2237,-3.4588
1673,Kota,16.72,Kota Pagar Alam,Sumatera,Sumatera Selatan,16,25543.0,3811.0,5.05,71.19,8.18,1.0,0.16,427007.0,11.82,93.79,149199.0,238.0,590.77,568.4131333866541,881.1976089174842,0.2051025390140283,0.3179656773326594,9.886669158935549,15.560956954956056,0.0944916987053857,0.1226140764712457,25.543643173807148,24.24628518304168,2926.0,2926.0,5.906189779539301,12.26140764712457,43.78098374174249,0.3179656773326594,False,103.2601,-4.1184
1674,Kota,16.73,Kota Lubuklinggau,Sumatera,Sumatera Selatan,16,35432.0,8718.0,4.62,76.82,11.14,1.43,0.28,598850.0,27.65,91.18,246046.0,669.0,366.95,1634.5664933506182,2350.965394673862,0.9508279667961036,1.367557487149749,15.206461906433104,20.538698196411133,0.286912881812168,0.3128818121678036,21.9090060907453,14.36672217533136,1852.0,1852.0,9.554983192873944,31.28818121678036,36.32620933265551,1.367557487149749,True,102.8733,-3.2486
1701,Kabupaten,17.01,Kabupaten Bengkulu Selatan,Sumatera,Bengkulu,17,45375.0,7864.0,4.37,72.35,17.1,2.91,0.77,492627.0,31.8,95.51,173315.0,142.04,1227.06,243.1417628176072,392.20063211041344,0.0422314044055323,0.0681215078430815,7.85825777053833,7.337580680847168,0.0198906226905129,0.0350391552785892,26.29641196379884,24.46444964986049,5985.0,5985.0,2.2629353034094764,3.5039155278589202,47.6570944142054,0.0681215078430815,False,103.0119,-4.3506
1702,Kabupaten,17.02,Kabupaten Rejang Lebong,Sumatera,Bengkulu,17,45238.0,13066.0,4.29,72.92,14.65,1.99,0.38,595125.0,41.16,93.15,288832.0,186.46,1506.95,727.6454011379503,928.2338990382118,0.1030298091876798,0.1314318229042335,11.273720741271973,13.050804138183594,0.0453276666346462,0.0528004682022798,21.551729633173075,15.88730051290139,7341.0,7341.0,3.2137502044032926,5.28004682022798,24.31732867150176,0.1314318229042335,False,102.6991,-3.4432
1703,Kabupaten,17.03,Kabupaten Bengkulu Utara,Sumatera,Bengkulu,17,41214.0,12782.0,4.43,71.11,10.96,1.03,0.18,484432.0,34.52,91.0,310125.0,69.19,4434.98,499.3327187231943,723.142890510255,0.024017402268389,0.0347824467487747,10.195039749145508,11.35372829437256,0.0167773069315745,0.0230999670663347,24.077577078168986,21.885703205430232,21360.0,21360.0,2.331778768271681,2.30999670663347,36.971542093225466,0.0347824467487747,False,101.8562,-3.187
1704,Kabupaten,17.04,Kabupaten Kaur,Sumatera,Bengkulu,17,37416.0,4964.0,4.15,68.98,17.12,2.54,0.61,432939.0,21.75,97.76,132659.0,50.85,2541.25,167.41477616931886,235.77040416247695,0.0140346826713666,0.0197650582668618,3.8754355907440186,5.012052536010742,0.0113393199103821,0.0167943046973754,31.300616245946085,27.75430509187805,12274.0,12274.0,1.7772665568297437,1.67943046973754,34.06610703446296,0.0197650582668618,False,103.3645,-4.587
1705,Kabupaten,17.05,Kabupaten Seluma,Sumatera,Bengkulu,17,29171.0,6345.0,4.06,68.97,17.23,2.43,0.49,502739.0,35.08,95.39,217507.0,89.41,2453.48,215.2703345763917,383.78127266472455,0.0187050693329321,0.0333471647544968,5.932301998138428,9.097050666809082,0.0146392708783051,0.022875521900127,26.695508140670853,23.86740116311361,11828.0,11828.0,1.7644548114071021,2.2875521900127,57.61458757816378,0.0333471647544968,False,102.6791,-4.0865
1706,Kabupaten,17.06,Kabupaten Mukomuko,Sumatera,Bengkulu,17,37513.0,7566.0,4.05,70.63,10.76,1.56,0.32,566069.0,20.88,99.2,201700.0,48.74,4259.25,402.0078544894855,636.480817931423,0.0201490229840646,0.0319010349827678,6.58535623550415,5.582451343536377,0.0160876515495929,0.0259192234748533,25.640188250426384,19.43673210499616,20363.0,20363.0,3.155581645668929,2.59192234748533,45.85681352554403,0.0319010349827678,False,101.5822,-2.7273
1707,Kabupaten,17.07,Kabupaten Lebong,Sumatera,Bengkulu,17,40991.0,4581.0,4.3,69.27,10.45,1.3,0.27,532432.0,12.51,93.63,111750.0,67.05,1666.2,125.3634846508503,158.62389400601387,0.0160600169533933,0.0203209286503554,2.9007928371429443,4.337015628814697,0.0131950842847626,0.0151166985009901,24.10777718719889,17.946048106167545,8117.0,8117.0,1.4194531902104148,1.51166985009901,23.36578329062773,0.0203209286503554,False,102.2059,-3.0498
1708,Kabupaten,17.08,Kabupaten Kepahiang,Sumatera,Bengkulu,17,40072.0,6265.0,4.28,70.27,12.9,2.13,0.49,488445.0,18.73,90.08,156353.0,208.64,705.62,307.82984133923753,319.18212335144773,0.0930363266741401,0.0964673605634797,6.2424635887146,5.230724334716797,0.0620027971364907,0.0597650879438676,26.32556772388945,21.06701986441,3473.0,3473.0,2.04141988546077,5.97650879438676,3.609951942799672,0.0964673605634797,False,102.6446,-3.6497
1709,Kabupaten,17.09,Kabupaten Bengkulu Tengah,Sumatera,Bengkulu,17,55284.0,6782.0,3.97,69.84,10.14,1.18,0.2,582468.0,11.98,92.01,122673.0,108.34,1044.95,479.8862368683604,562.219309097996,0.0979714073449793,0.1147801556225132,19.238666534423828,33.35771560668945,0.0578624680556711,0.0620240375069652,22.426601699854583,23.67930856140033,5084.0,5084.0,4.583072958988498,6.20240375069652,15.803836053137754,0.1147801556225132,False,102.3965,-3.6778
1771,Kota,17.71,Kota Bengkulu,Sumatera,Bengkulu,17,83430.0,33148.0,5.39,82.04,13.76,2.39,0.71,820354.0,52.96,94.72,397321.0,2643.34,186.64,3776.212510939906,4619.265106859863,4.3130232206541015,5.275920677272732,59.76604461669922,24.9542293548584,0.854390805421433,0.8715276222554666,21.097114600782927,22.86895665182609,978.0,978.0,11.626028090284338,87.15276222554667,20.146577925728515,5.275920677272732,False,102.3157,-3.8242
1801,Kabupaten,18.04,Kabupaten Lampung Barat,Sumatera,Lampung,18,31347.0,9903.0,4.36,69.84,10.68,1.51,0.4,563531.0,33.43,92.22,315923.0,150.0,2420.81,421.1742739377653,644.075834811435,0.0370438954701806,0.0566489440975439,4.689924716949463,3.9498894214630127,0.03177962009459,0.0528550851807089,40.48344225813042,33.429011936888486,11819.0,11819.0,2.0387114417482586,5.28550851807089,42.39496830323386,0.0566489440975439,False,104.291,-5.0705
1802,Kabupaten,18.06,Kabupaten Tanggamus,Sumatera,Lampung,18,31621.0,21198.0,4.01,68.52,10.28,1.42,0.35,496000.0,64.22,87.91,670367.0,227.0,2775.19,2387.799693728663,2686.045525572114,0.1831061496399937,0.2059768477385239,14.61512565612793,11.882402420043944,0.1249541023410287,0.137665009789997,47.66639671876474,34.62124484976393,13681.0,13681.0,4.006828387393941,13.7665009789997,11.765125279835242,0.2059768477385239,False,104.7945,-5.5221
1803,Kabupaten,18.01,Kabupaten Lampung Selatan,Sumatera,Lampung,18,53891.0,60321.0,4.62,70.28,12.57,1.94,0.46,528226.0,132.38,88.62,1119314.0,503.0,2166.91,15914.377360498913,17199.539793342945,1.5624851918152007,1.6886633780495033,25.051559448242188,24.70603370666504,0.7060018457977294,0.6863533790149657,51.607335602142406,41.76787380195447,10822.0,10822.0,15.366143721371255,68.63533790149657,7.765499521205044,1.6886633780495033,False,105.4939,-5.5315
1804,Kabupaten,18.07,Kabupaten Lampung Timur,Sumatera,Lampung,18,49274.0,56851.0,4.62,71.84,13.19,1.57,0.29,497183.0,142.7,85.93,1153773.0,299.0,3914.34,8648.54641248304,11609.66123964272,0.4703212915217839,0.631351282393302,311.2228698730469,426.2246398925781,0.3861605586242614,0.4150612560088932,53.58671158226613,40.99246186521007,18901.0,18901.0,10.062344360322802,41.50612560088932,29.44168667012459,0.631351282393302,False,105.5971,-5.116
1805,Kabupaten,18.02,Kabupaten Lampung Tengah,Sumatera,Lampung,18,63664.0,97093.0,4.62,72.37,10.37,1.66,0.4,526313.0,137.41,86.72,1525088.0,334.0,4616.14,12386.0100035858,16910.411915890734,0.5713388447103457,0.7800393512361131,25.59152603149414,23.67358016967773,0.3795020915771623,0.4533575127190505,50.6058073940079,41.48274125494631,22339.0,22339.0,11.088154857877536,45.33575127190505,31.134031217882097,0.7800393512361131,False,105.2999,-4.8771
1806,Kabupaten,18.03,Kabupaten Lampung Utara,Sumatera,Lampung,18,48212.0,31815.0,4.1,69.62,16.92,2.3,0.51,544994.0,105.91,88.77,659887.0,247.0,2552.61,3987.4877913469177,6106.744228643763,0.3327446391051398,0.5095906271806009,19.09140968322754,21.615257263183597,0.2133561313229652,0.3006045830504038,40.9806621779716,40.25579704335163,12328.0,12328.0,9.254227206542579,30.060458305040378,42.614535226604744,0.5095906271806009,False,104.8611,-4.8105
1807,Kabupaten,18.08,Kabupaten Way Kanan,Sumatera,Lampung,18,38656.0,19222.0,4.65,69.31,10.43,1.57,0.36,464717.0,48.88,89.19,497260.0,141.0,3650.97,3365.211461556541,2983.8170889814696,0.1963677251761251,0.1741124980698614,9.456157684326172,10.842490196228027,0.1662884066626851,0.1457328472932557,39.029484600721744,40.00484598433411,17593.0,17593.0,6.000517011184229,14.57328472932557,-12.024944835488682,0.1741124980698614,False,104.5133,-4.5782
1808,Kabupaten,18.05,Kabupaten Tulangbawang,Sumatera,Lampung,18,67725.0,30499.0,4.75,70.66,7.88,0.82,0.17,560324.0,37.46,90.65,450336.0,145.0,3092.74,3989.2685400484834,5057.106831999619,0.2748691407071854,0.3484454845346857,15.155905723571776,15.646011352539062,0.2004020102131886,0.2458082504773837,46.61391996165254,39.48467710970928,14988.0,14988.0,11.229630391529033,24.58082504773837,23.71337375091933,0.3484454845346857,False,105.5484,-4.3983
1809,Kabupaten,18.09,Kabupaten Pesawaran,Sumatera,Lampung,18,43308.0,21667.0,3.9,68.52,11.86,1.7,0.36,524588.0,55.01,85.36,500298.0,388.0,1359.1,4197.99814139394,5063.690953046662,0.6573590708182877,0.7929167826407006,25.20196914672852,18.66617584228516,0.4012815710452145,0.4199850166106843,51.707749605458,40.73175864461742,6921.0,6921.0,10.121349581742605,41.99850166106843,18.74471605874426,0.7929167826407006,False,105.0822,-5.4643
1810,Kabupaten,18.10,Kabupaten Pringsewu,Sumatera,Lampung,18,35552.0,15098.0,4.58,72.29,8.32,0.92,0.16,583425.0,34.42,88.05,424679.0,688.0,603.72,2636.6186553868592,3980.702716812436,0.9294520883139318,1.403264156361434,18.50741195678711,21.98898696899414,0.5167079088156823,0.581803226564552,53.43907267373541,43.62933215366961,3050.0,3050.0,9.373439037043122,58.180322656455196,41.183306048810934,1.403264156361434,False,104.9652,-5.3664
1811,Kabupaten,18.11,Kabupaten Mesuji,Sumatera,Lampung,18,58582.0,14153.0,4.58,66.46,6.31,0.83,0.16,555729.0,12.91,92.43,241600.0,110.0,2176.29,1624.581565347606,2822.1280079270077,0.1591642676206904,0.2764908497637854,14.441520690917969,11.071224212646484,0.1255653587790249,0.2190752782033925,46.21093280548589,38.89215075312016,10601.0,10601.0,11.680993410293905,21.90752782033925,55.197985476284295,0.2764908497637854,False,105.3778,-3.9852
1812,Kabupaten,18.12,Kabupaten Tulang Bawang Barat,Sumatera,Lampung,18,52210.0,15595.0,4.55,68.46,7.22,0.87,0.19,544020.0,20.35,93.52,298696.0,238.0,1306.48,2501.008433629135,3477.083815062864,0.4080050300813116,0.5672382657668135,18.332704544067383,13.875633239746094,0.3423793959610032,0.4234158674591886,46.16059000288529,40.45569252599463,6465.0,6465.0,11.640878401662103,42.34158674591886,32.938773148560685,0.5672382657668135,False,105.1611,-4.4288
1813,Kabupaten,18.13,Kabupaten Pesisir Barat,Sumatera,Lampung,18,35622.0,6138.0,2.61,66.73,12.64,2.1,0.49,566040.0,20.22,95.14,172316.0,59.0,2684.44,217.71861911369305,455.53083866939807,0.0172597181074493,0.0361123632727896,9.273004531860352,9.572269439697266,0.0143510131855102,0.0321313844241672,42.02069304058863,29.854818868277597,13162.0,13162.0,2.643578301895344,3.21313844241672,73.58701928745202,0.0361123632727896,False,104.2333,-5.4184
1871,Kota,18.71,Kota Bandar Lampung,Sumatera,Lampung,18,65759.0,79853.0,4.97,79.19,7.37,0.97,0.21,787260.0,83.88,86.01,1214333.0,6609.0,175.81,12739.509715451451,12650.666500156538,15.420206851664313,15.312668901789138,61.38019943237305,52.54489135742188,0.998927232164048,0.9949731808041012,50.0710400151896,38.73406749893195,941.0,941.0,10.417790260296425,99.49731808041012,-0.6997712766299458,15.312668901789138,False,105.272,-5.4286
1872,Kota,18.72,Kota Metro,Sumatera,Lampung,18,48264.0,8480.0,4.88,78.93,6.78,0.77,0.15,503161.0,12.07,86.9,175712.0,2400.0,77.78,1782.7564744792726,2170.525999307632,4.875045854652655,5.935422996251476,25.56795883178711,28.348472595214844,0.9867132792141642,0.9920965995002736,46.84831261863146,42.34675231364812,441.0,441.0,12.35274767407822,99.20965995002736,19.670862638918774,5.935422996251476,False,105.3086,-5.1186
1901,Kabupaten,19.01,Kabupaten Bangka,Sumatera,Kepulauan Bangka Belitung,19,58480.0,20003.0,-0.44,73.98,4.24,0.62,0.14,723719.0,14.76,106.79,342058.0,113.0,3016.29,2592.9496585258075,4354.267973490787,0.1836013749854443,0.30831666336419,20.228694915771484,16.044769287109375,0.1099077775420598,0.1770631206800226,45.39572297941962,30.119509887007226,14583.0,14583.0,12.729618876011633,17.706312068002262,51.82044619705452,0.30831666336419,False,105.9359,-1.9311
1902,Kabupaten,19.02,Kabupaten Belitung,Sumatera,Kepulauan Bangka Belitung,19,73933.0,14151.0,1.84,74.47,6.11,0.96,0.24,919372.0,11.97,103.8,191405.0,84.0,2311.69,2183.940704644135,2960.709917972602,0.2017464297767205,0.2735022312122843,24.55391311645508,22.3823184967041,0.1077937415320857,0.1450735757602104,45.30956629788227,33.76534440411244,11712.0,11712.0,15.468299772590068,14.50735757602104,30.41780858200589,0.2735022312122843,False,107.6591,-2.888
1903,Kabupaten,19.05,Kabupaten Bangka Barat,Sumatera,Kepulauan Bangka Belitung,19,91208.0,19684.0,5.47,70.67,2.59,0.52,0.16,720398.0,5.71,104.98,215818.0,60.0,2887.53,789.8700542934968,1430.2768969643353,0.0584208162116784,0.1057869497332723,8.154081344604492,9.115307807922363,0.0412476179702931,0.0729227395734535,46.11046990883756,32.942082089747075,13930.0,13930.0,6.627236361027974,7.2922739573453494,59.31885857789885,0.1057869497332723,False,105.5524,-1.8431
1904,Kabupaten,19.04,Kabupaten Bangka Tengah,Sumatera,Kepulauan Bangka Belitung,19,56134.0,11815.0,-0.34,71.9,5.94,0.66,0.17,856895.0,12.04,102.59,210482.0,93.0,2125.7,1386.2960501892894,2342.222488641973,0.1392382673586333,0.2352506169532864,12.756911277770996,19.632625579833984,0.0828996401130745,0.1294911521068763,41.13894620917392,31.81785318015653,10476.0,10476.0,11.1278992438402,12.949115210687632,52.41705489117603,0.2352506169532864,False,106.1043,-2.4332
1905,Kabupaten,19.03,Kabupaten Bangka Selatan,Sumatera,Kepulauan Bangka Belitung,19,57695.0,12029.0,0.9,68.86,3.74,0.27,0.07,697382.0,8.1,104.17,208491.0,73.0,3706.37,696.4051970188525,1332.642058257963,0.040109245900174,0.0767531147676598,7.281123161315918,9.9654541015625,0.0278390176287202,0.0570205563376639,45.8075736348194,35.331377071122255,18042.0,18042.0,6.391844531696634,5.70205563376639,64.83022821200296,0.0767531147676598,False,106.2893,-2.7659
1906,Kabupaten,19.06,Kabupaten Belitung Timur,Sumatera,Kepulauan Bangka Belitung,19,82609.0,10973.0,-0.03,73.19,6.36,0.64,0.15,907577.0,8.5,105.22,132835.0,51.0,2554.18,826.5792213521752,1412.6939768182297,0.0691183660646714,0.1181291483075846,9.244298934936523,8.641255378723145,0.0489411769335351,0.086786174077346,45.39913258423141,33.91369127842502,12594.0,12594.0,10.63495296283532,8.678617407734599,53.54565608421717,0.1181291483075846,False,108.0225,-2.9261
1971,Kota,19.71,Kota Pangkalpinang,Sumatera,Kepulauan Bangka Belitung,19,82188.0,18940.0,-2.3,80.4,4.04,0.68,0.19,925522.0,8.87,110.21,230441.0,2204.0,104.59,2634.8596043788925,3286.404917308862,5.371804561323167,6.70013874584264,27.718446731567383,29.134326934814453,0.8797140961167921,0.8862140921192546,39.93388072947065,22.99916851219649,563.0,563.0,14.261372400349165,88.62140921192547,22.088912022994656,6.70013874584264,False,106.1079,-2.1062
2101,Kabupaten,21.02,Kabupaten Karimun,Sumatera,Kepulauan Riau,21,69608.0,18331.0,6.45,74.28,5.78,0.99,0.21,492654.0,13.99,108.15,263344.0,283.0,921.55,3826.7413456364,3733.261055442752,0.8902662381806039,0.8685186626906566,156.4164581298828,178.62216186523438,0.2227793500216225,0.2132884103428712,50.2095369209688,26.72677351842633,5442.0,5442.0,14.176366484304758,21.32884103428712,-2.472494649104462,0.8685186626906566,False,103.4255,0.7713
2102,Kabupaten,21.01,Kabupaten Bintan,Sumatera,Kepulauan Riau,21,180544.0,30366.0,8.89,76.18,5.44,0.61,0.13,496764.0,9.17,105.63,168190.0,128.0,1336.2,4306.417207009068,4832.321795196505,0.690151347976791,0.7744334188950476,472.9744567871094,199.91116333007807,0.3214675144376446,0.3177500843727796,40.888043450252745,27.427249925054426,7337.0,7337.0,28.731326447449344,31.775008437277958,11.519550497914999,0.7744334188950476,False,104.5689,1.0189
2103,Kabupaten,21.03,Kabupaten Natuna,Sumatera,Kepulauan Riau,21,264903.0,22693.0,-3.57,74.56,5.04,0.31,0.03,501927.0,4.17,116.22,85664.0,43.0,1987.87,383.184823141963,807.9416388038328,0.0411565231735535,0.0867781466595023,6.448638916015625,22.061155319213867,0.0271911021966094,0.0468127871806395,53.77376831122096,36.19913198736902,10360.0,10360.0,9.431518943825093,4.6812787180639495,74.46030274745627,0.0867781466595023,False,108.1962,3.9241
2104,Kabupaten,21.04,Kabupaten Lingga,Sumatera,Kepulauan Riau,21,54936.0,5604.0,4.42,68.19,9.99,1.25,0.37,562906.0,9.02,111.31,102006.0,46.0,2207.53,308.8834480093975,390.6203185443785,0.0299630733457967,0.0378919146698582,8.578157424926758,8.291309356689453,0.0188317999653827,0.0240962892939406,53.21986118851399,24.466103787168414,12550.0,12550.0,3.8293857081385263,2.40962892939406,23.40965426566104,0.0378919146698582,False,104.4174,-0.522
2105,Kabupaten,21.05,Kabupaten Kepulauan Anambas,Sumatera,Kepulauan Riau,21,362072.0,18005.0,-5.67,70.93,6.67,0.94,0.18,504332.0,2.98,126.75,49728.0,79.0,637.38,148.97203039795744,162.67668527925713,0.0500574101399672,0.0546624324947496,7.553647994995117,4.972083568572998,0.0394657432078072,0.0445653233819045,53.16834939635222,30.444319700192217,4374.0,4374.0,3.271329739367301,4.45653233819045,8.744423807575874,0.0546624324947496,False,105.7601,2.94
2171,Kota,21.71,Kota Batam,Sumatera,Kepulauan Riau,21,182507.0,233048.0,6.69,82.86,4.85,0.65,0.12,903960.0,83.57,110.64,1276928.0,1234.0,1010.98,22442.109566871324,27437.69257013354,4.777440182885249,5.840891856428194,175.86009216308594,181.81362915039065,0.4532548271218772,0.4507086345979996,40.50323449932254,29.00376836493547,6288.0,6288.0,21.48726676064237,45.07086345979996,20.097051130857757,5.840891856428194,False,103.9019,0.9723
2172,Kota,21.72,Kota Tanjung Pinang,Sumatera,Kepulauan Riau,21,105384.0,25022.0,3.78,80.63,6.86,0.86,0.14,798218.0,15.39,106.28,237432.0,1579.0,148.28,3249.228974667717,4387.493398880491,4.683977073679652,6.324860036488711,27.10085678100586,35.00442886352539,0.84478011883024,0.9089665387159324,43.75355444878485,26.680696021843957,836.0,836.0,18.478947230703913,90.89665387159323,30.026053125926566,6.324860036488711,False,104.4941,0.9142
3101,Kabupaten,31.01,Kabupaten Kepulauan Seribu,Jawa,DKI Jakarta,31,281266.0,8103.0,-1.11,74.17,13.03,1.0,0.13,775909.0,3.49,122.21,28809.0,2686.0,10.78,86.97493218300392,83.15485550398914,1.9710813816802348,1.8845083677139385,226.54806518554688,55.885963439941406,0.4817810167081406,0.4429434767152505,49.10549235691437,37.96125133309636,280.0,280.0,2.886419365614535,44.294347671525045,-4.439329278630755,1.8845083677139385,False,106.6152,-5.8601
3171,Kota,31.74,Kota Jakarta Selatan,Jawa,DKI Jakarta,31,381187.0,850297.0,5.17,86.94,3.03,0.27,0.05,928278.0,70.6,112.22,2230653.0,15390.0,144.81,19455.84148856892,23518.426792361668,28.499931522958388,34.4510183999921,97.56847381591795,94.68753051757812,1.0,1.0,52.9662049988798,47.00659470700083,764.0,764.0,10.543292386741312,100.0,18.96279959603131,34.4510183999921,False,106.8045,-6.2828
3172,Kota,31.75,Kota Jakarta Timur,Jawa,DKI Jakarta,31,204344.0,630609.0,4.49,84.65,4.09,0.33,0.07,697472.0,121.52,109.6,3086010.0,16633.0,184.66,22332.26852454015,25577.48147749432,25.73121000631557,29.47034004211648,105.7993392944336,65.59493255615234,1.0,1.0,54.03411411737065,45.90373944947498,987.0,987.0,8.288204340716433,100.0,13.567400189298162,29.47034004211648,False,106.8839,-6.2572
3173,Kota,31.71,Kota Jakarta Pusat,Jawa,DKI Jakarta,31,883715.0,922861.0,5.14,83.01,4.63,0.57,0.12,818722.0,42.33,119.14,1044297.0,21955.0,47.89,11295.413348515827,11884.824185494812,50.17297944313575,52.79107732896422,111.20726776123048,102.50301361083984,1.0,1.0,55.29596920289857,37.80326783723524,274.0,274.0,11.380693601049138,100.0,5.086117255570954,52.79107732896422,False,106.8416,-6.1756
3174,Kota,31.73,Kota Jakarta Barat,Jawa,DKI Jakarta,31,253217.0,627870.0,5.27,83.64,3.94,0.26,0.04,685071.0,106.48,113.41,2479571.0,19837.0,125.47,17825.1703417909,21109.34553798601,30.23828124771608,35.80949382774371,65.45599365234375,64.59115600585938,1.0,1.0,55.94927488025552,40.12187333688132,664.0,664.0,8.513305542767684,100.0,16.909560870809237,35.80949382774371,False,106.7436,-6.1619
3175,Kota,31.72,Kota Jakarta Utara,Jawa,DKI Jakarta,31,369121.0,670179.0,4.29,81.39,6.44,1.01,0.26,712835.0,120.51,112.64,1815606.0,12333.0,140.26,22115.784864752903,24245.188570097373,33.46263700965982,36.68456486231,154.25318908691406,135.43409729003906,1.0,1.0,57.15998742078655,37.31804642441792,779.0,779.0,13.353772002349285,100.0,9.192261626837528,36.68456486231,False,106.9015,-6.1362
3201,Kabupaten,32.01,Kabupaten Bogor,Jawa,Jawa Barat,32,54857.0,311713.0,5.21,72.39,7.05,1.08,0.26,513512.0,446.79,115.39,5682303.0,1899.0,2993.32,39489.75977988538,55748.917185790575,2.8012663821984307,3.954634528723202,25.214252471923828,44.53863525390625,0.6211396968311962,0.6841566467664216,52.47135040613249,48.44881401082631,14637.0,14637.0,9.81097227405694,68.41566467664217,34.48092099643336,3.954634528723202,False,106.9991,-6.5444
3202,Kabupaten,32.02,Kabupaten Sukabumi,Jawa,Jawa Barat,32,31167.0,88142.0,5.15,68.97,6.87,0.88,0.2,416751.0,175.93,103.12,2828024.0,679.0,4164.15,6924.849997188998,10717.96878301992,0.3527159439915184,0.5459177424072829,13.16112995147705,13.149506568908691,0.2044735147957643,0.2722343944220186,44.26786059201432,44.329587793541776,20130.0,20130.0,3.789914365302388,27.223439442201858,43.67541675842954,0.5459177424072829,False,106.7362,-7.0754
3203,Kabupaten,32.03,Kabupaten Cianjur,Jawa,Jawa Barat,32,24914.0,64404.0,5.14,67.24,10.14,1.58,0.41,466509.0,239.3,103.18,2584994.0,712.0,3592.53,6321.427796255493,10074.57419982015,0.3732448967221216,0.5948471655341269,17.136886596679688,21.75582695007324,0.1714130644181324,0.2312375427898222,51.47561049591736,45.8969973955632,17511.0,17511.0,3.897329819651477,23.12375427898222,46.60108193756045,0.5948471655341269,False,107.0699,-7.0536
3204,Kabupaten,32.04,Kabupaten Bandung,Jawa,Jawa Barat,32,44126.0,165609.0,5.04,74.27,6.19,0.61,0.09,455636.0,239.87,111.3,3753116.0,2156.0,1754.47,17931.12860400373,24844.103760867376,2.167906484568398,3.003697917511367,23.74396133422852,35.096065521240234,0.5978638778009522,0.6776946531515795,56.25910876851282,50.61513055739545,8663.0,8663.0,6.619593895010806,67.76946531515794,32.60667033458251,3.003697917511367,False,107.6314,-7.0647
3205,Kabupaten,32.05,Kabupaten Garut,Jawa,Jawa Barat,32,29012.0,78825.0,4.95,68.79,9.68,1.41,0.29,393464.0,259.32,102.23,2716950.0,876.0,3089.22,6808.622045468934,10911.450954424392,0.467225215433078,0.7487719231325429,16.92510223388672,24.124574661254883,0.2590343645737408,0.3356373476915095,53.693155072500375,44.43917994132367,15013.0,15013.0,4.016066160372621,33.56373476915095,47.15678080256005,0.7487719231325429,False,107.7039,-7.3446
3206,Kabupaten,32.06,Kabupaten Tasikmalaya,Jawa,Jawa Barat,32,25916.0,49783.0,4.64,68.36,10.23,1.01,0.15,400148.0,186.75,98.5,1920921.0,710.0,2695.22,4818.142348372471,7052.753585827935,0.3788337125911197,0.5545333931057574,8.557539939880371,10.885812759399414,0.239712183809661,0.3038100556213174,48.25282677716725,40.75794937131169,13196.0,13196.0,3.6715479636215833,30.38100556213174,38.09639224510484,0.5545333931057574,False,108.0702,-7.4281
3207,Kabupaten,32.07,Kabupaten Ciamis,Jawa,Jawa Barat,32,34336.0,43237.0,4.97,72.56,7.39,0.99,0.2,467497.0,90.79,99.55,1259226.0,789.0,1593.41,3082.3522299718607,6050.348615732143,0.410190158483123,0.8051621853703491,8.15489673614502,20.713010787963867,0.2390381090751202,0.3652952952326082,44.107158811471145,39.95832968023949,7895.0,7895.0,4.804815510267532,36.52952952326082,67.42637674159262,0.8051621853703491,False,108.3932,-7.3007
3208,Kabupaten,32.08,Kabupaten Kuningan,Jawa,Jawa Barat,32,29273.0,35536.0,5.61,71.26,11.88,2.02,0.53,420867.0,131.83,98.27,1213927.0,1018.0,1185.61,6325.515528452862,9708.913906254254,1.1319216484274417,1.7373650864936494,14.4095458984375,20.820810317993164,0.5785766615953783,0.6505519938021745,48.73546612809961,48.51989942569064,5834.0,5834.0,7.997938843319454,65.05519938021746,42.83978006073248,1.7373650864936494,False,108.5519,-6.9853
3209,Kabupaten,32.09,Kabupaten Cirebon,Jawa,Jawa Barat,32,28140.0,67196.0,5.83,71.44,11.0,1.69,0.36,475046.0,245.92,104.51,2387961.0,2228.0,1068.34,14931.582870404389,20598.16191592941,2.966703753735594,4.09257644058378,73.1760482788086,57.938846588134766,0.8681111304170307,0.8899900189258613,51.04470056387999,50.369663612089184,5381.0,5381.0,8.625836818913463,88.99900189258612,32.17047959991319,4.09257644058378,False,108.4549,-6.7615
3210,Kabupaten,32.10,Kabupaten Majalengka,Jawa,Jawa Barat,32,34234.0,46303.0,6.38,69.74,10.82,1.76,0.45,547912.0,134.58,102.13,1352541.0,1017.0,1340.68,6617.214865785487,10540.043936977672,1.0474650873536164,1.6684252010980676,36.3394889831543,80.25482940673828,0.6181856781840518,0.7215547321511153,55.92926370965286,52.80499178423354,6616.0,6616.0,7.79277222426357,72.15547321511153,46.54509076142066,1.6684252010980676,False,108.2825,-6.8069
3211,Kabupaten,32.11,Kabupaten Sumedang,Jawa,Jawa Barat,32,39699.0,47128.0,4.05,73.73,9.1,1.6,0.45,422714.0,108.89,103.47,1187133.0,758.0,1557.52,5980.200469410073,8802.174079767397,0.8150355739421667,1.199639550503193,21.2131462097168,27.444067001342773,0.4191186216745481,0.4899391990696002,56.64776293623172,50.87733294709209,7620.0,7620.0,7.414648636477461,48.99391990696002,38.649105212503265,1.199639550503193,False,107.9571,-6.8113
3212,Kabupaten,32.12,Kabupaten Indramayu,Jawa,Jawa Barat,32,55166.0,105589.0,2.18,69.83,11.93,2.05,0.54,560159.0,212.14,104.92,1914037.0,922.0,2083.19,16879.98340414003,20252.85340192305,1.7206887271095113,2.0645077489793846,187.9192047119141,471.5272521972656,0.6752142867993257,0.7365861380565843,57.7170602753329,51.18920279154473,10203.0,10203.0,10.581223561468796,73.65861380565843,18.21573208924665,2.0645077489793846,False,108.185,-6.4531
3213,Kabupaten,32.13,Kabupaten Subang,Jawa,Jawa Barat,32,33037.0,54946.0,4.81,71.36,9.49,1.63,0.46,434161.0,152.56,105.33,1663156.0,768.0,2171.0,15643.391832358817,19060.40605479177,1.5301244015203173,1.864352227436652,163.6217498779297,168.50753784179688,0.7278172012489357,0.7389229848639443,60.03570666891699,52.57535040007365,10559.0,10559.0,11.460383785280376,73.89229848639442,19.755316203766604,1.864352227436652,False,107.7344,-6.4986
3214,Kabupaten,32.14,Kabupaten Purwakarta,Jawa,Jawa Barat,32,84024.0,88255.0,4.64,72.65,8.41,1.37,0.35,467948.0,81.44,104.89,1050344.0,1058.0,988.85,7924.131956457617,10065.767952551098,1.7013179676809462,2.1611290637615506,24.459455490112305,22.393993377685547,0.5821407612534828,0.6365720607662382,57.76992992332228,46.83277833861944,4884.0,4884.0,9.583305995512992,63.657206076623815,23.920072689196026,2.1611290637615506,False,107.4058,-6.595
3215,Kabupaten,32.15,Kabupaten Karawang,Jawa,Jawa Barat,32,121298.0,309843.0,4.2,72.9,7.86,1.18,0.28,597345.0,187.77,108.74,2554384.0,1335.0,1914.19,30884.984922893844,36179.74099004248,3.4281278207661714,4.015827656892949,173.53822326660156,132.66754150390625,0.7707894425272754,0.7558027272948875,60.53567560791303,45.74699090437407,9382.0,9382.0,14.16378312346244,75.58027272948875,15.82244417636094,4.015827656892949,False,107.4279,-6.2617
3216,Kabupaten,32.16,Kabupaten Bekasi,Jawa,Jawa Barat,32,128693.0,421324.0,5.17,76.44,4.8,0.7,0.17,674924.0,204.54,108.56,3273868.0,2617.0,1267.89,48328.2997186352,61731.04671807172,8.099156107039585,10.345271547548988,92.41041564941406,76.4176025390625,0.8780905688401393,0.903532125617358,59.720121187824645,44.70427476250404,6282.0,6282.0,18.855692018759378,90.3532125617358,24.47651956540895,10.345271547548988,False,107.164,-6.2007
3217,Kabupaten,32.17,Kabupaten Bandung Barat,Jawa,Jawa Barat,32,32500.0,61236.0,4.94,70.03,10.49,1.17,0.23,455325.0,179.7,111.02,1884191.0,1468.0,1276.94,7702.021271821566,12914.744021995984,1.2803596871843117,2.1469062512933705,19.764822006225582,27.182598114013672,0.4657363053438297,0.6306080487315149,57.5995856465244,49.68414543833064,6352.0,6352.0,6.8542647863173025,63.06080487315149,51.68344091594772,2.1469062512933705,False,107.4076,-6.9095
3218,Kabupaten,32.18,Kabupaten Pangandaran,Jawa,Jawa Barat,32,35647.0,15475.0,5.12,69.85,8.75,1.23,0.29,470068.0,35.95,92.92,434104.0,385.0,1133.23,1057.0821586608888,2133.796113444076,0.1976063080570915,0.3988824980817033,11.721455574035645,11.822142601013184,0.1576475728425799,0.2513609646171194,44.30139226716989,41.15968113914905,5647.0,5647.0,4.915403021958047,25.136096461711936,70.191315979448,0.3988824980817033,False,108.5651,-7.6487
3271,Kota,32.71,Kota Bogor,Jawa,Jawa Barat,32,56616.0,61052.0,5.15,78.52,6.53,0.95,0.24,699861.0,73.93,112.47,1078351.0,9683.0,111.74,7059.480409996182,8397.006301857442,13.406073164648696,15.946057543741796,25.91676521301269,30.211774826049805,1.0,1.0,51.22520107238606,51.64089961274949,606.0,606.0,7.786895270517152,100.0,17.348123672976534,15.946057543741796,False,106.8017,-6.5929
3272,Kota,32.72,Kota Sukabumi,Jawa,Jawa Barat,32,44760.0,16370.0,5.11,76.85,7.2,0.88,0.18,678258.0,24.1,102.8,365735.0,7571.0,48.95,1115.369234530131,1612.277034461265,4.840600350684744,6.997134703739516,16.60878562927246,30.4869441986084,0.9998808652586074,1.0,49.981823442313285,46.07852681382646,281.0,281.0,4.408320326086551,100.0,36.818587090416074,6.997134703739516,False,106.9317,-6.9428
3273,Kota,32.73,Kota Bandung,Jawa,Jawa Barat,32,147081.0,371846.0,4.99,83.52,3.87,0.6,0.14,614707.0,101.1,117.19,2528163.0,15176.0,168.05,13349.284106560312,18048.999876523485,16.87194844925321,22.81184466870616,45.36334228515625,66.55995178222656,1.0,1.0,61.97794893908074,56.56561045603908,896.0,896.0,7.139175708418914,100.0,30.160801192798736,22.81184466870616,False,107.6285,-6.9016
3274,Kota,32.74,Kota Cirebon,Jawa,Jawa Barat,32,88560.0,30540.0,5.02,77.08,9.02,1.18,0.25,545592.0,29.17,105.18,344851.0,8744.0,39.78,2199.406829840062,2871.7012894621084,11.717303700182091,15.298941372878671,27.25368309020996,32.77703094482422,1.0,1.0,50.98642013997704,46.1745743236185,237.0,237.0,8.327368311131789,100.0,26.66105370233396,15.298941372878671,False,108.5567,-6.7412
3275,Kota,32.75,Kota Bekasi,Jawa,Jawa Barat,32,48922.0,129352.0,5.19,83.54,4.01,0.8,0.21,842927.0,128.84,106.59,2644058.0,12411.0,214.09,22809.10753191779,27231.446535525574,22.63759446327837,27.02667969174344,51.44281768798828,50.38003158569336,1.0,1.0,56.932297261532206,45.75528155309578,1134.0,1134.0,10.299110887705782,100.0,17.720539918294698,27.02667969174344,False,106.9739,-6.2892
3276,Kota,32.76,Kota Depok,Jawa,Jawa Barat,32,43515.0,94150.0,5.47,82.91,2.34,0.34,0.07,843893.0,62.6,109.97,2163635.0,10823.0,199.73,14224.5224489586,19279.626345563403,15.131713157807887,20.509214049019956,38.57927703857422,42.10976028442383,1.0,1.0,50.91854809104258,49.32278317314111,1046.0,1046.0,8.91075728834272,100.0,30.406306860078303,20.509214049019956,False,106.8149,-6.3811
3277,Kota,32.77,Kota Cimahi,Jawa,Jawa Barat,32,72528.0,43423.0,5.26,80.08,4.39,0.83,0.21,612567.0,27.0,112.94,598698.0,14110.0,41.15,2586.6362077395124,3174.6134862450986,13.316755829148931,16.343833942228105,23.37812042236328,29.89198875427246,1.0,1.0,61.36324725929217,52.90811814823042,239.0,239.0,5.30252896492906,100.0,20.475603981521218,16.343833942228105,False,107.5454,-6.8604
3278,Kota,32.78,Kota Tasikmalaya,Jawa,Jawa Barat,32,39445.0,29613.0,5.22,75.04,11.1,1.35,0.26,565377.0,76.71,103.86,750727.0,4081.0,183.92,4631.431004582429,5575.993258295805,5.342266730757312,6.431801152872076,18.853403091430664,26.78258514404297,0.9248609037861308,0.9427375944271044,46.22357624281901,42.66874293210293,973.0,973.0,7.427457995111147,94.27375944271044,18.556800327564638,6.431801152872076,False,108.2267,-7.361
3279,Kota,32.79,Kota Banjar,Jawa,Jawa Barat,32,26451.0,5549.0,5.48,73.64,5.85,1.03,0.29,430590.0,11.16,98.04,209791.0,1601.0,130.48,829.7653633510362,1457.489402564834,1.3500556231824397,2.3713833459074225,8.57812786102295,13.384841918945312,0.6741148621488322,0.8324602653020856,42.37010215214991,39.554575791025165,704.0,704.0,6.94733998391177,83.24602653020857,56.280912288475804,2.3713833459074225,False,108.5614,-7.3801
3301,Kabupaten,33.01,Kabupaten Cilacap,Jawa,Jawa Tengah,33,67077.0,135991.0,2.65,72.38,10.68,1.59,0.35,441093.0,186.08,101.76,2027379.0,901.0,2345.17,10374.152613707502,14102.090828205555,0.9372683246590352,1.2740744749867463,325.56427001953125,587.7586669921875,0.3609565674284235,0.4359161683732707,45.259745109508856,40.811260857965735,11511.0,11511.0,6.955823666026705,43.59161683732707,30.698020527226966,1.2740744749867463,False,108.8049,-7.4618
3302,Kabupaten,33.02,Kabupaten Banyumas,Jawa,Jawa Tengah,33,40151.0,74163.0,5.29,74.52,11.95,2.09,0.5,500861.0,207.78,100.9,1847097.0,1391.0,1389.83,7312.213733881127,10808.829390835765,1.1150560107902852,1.648262840843001,19.89291381835937,21.66603660583496,0.4904396322006249,0.5940291206399175,49.16725769876616,41.8135342563401,6832.0,6832.0,5.851793051927303,59.40291206399175,39.07730365669213,1.648262840843001,False,109.1157,-7.4536
3303,Kabupaten,33.03,Kabupaten Purbalingga,Jawa,Jawa Tengah,33,32147.0,33357.0,4.55,70.69,14.18,2.1,0.5,460870.0,136.72,99.9,1037637.0,1334.0,807.99,2357.9362631025265,3445.3280285062738,0.6189070272031906,0.9043237347972072,14.119946479797363,13.06166934967041,0.3231848598417514,0.3897864044491612,51.06284038542103,40.50027946215633,4006.0,4006.0,3.32035965227365,38.97864044491612,37.909854321627364,0.9043237347972072,False,109.4003,-7.3285
3304,Kabupaten,33.04,Kabupaten Banjarnegara,Jawa,Jawa Tengah,33,27640.0,29231.0,5.11,69.6,14.71,2.38,0.61,398344.0,137.68,100.41,1057562.0,993.0,1149.19,2514.7127721031507,3890.478965907939,0.4638949685972384,0.7176857881103768,14.7491455078125,15.464463233947754,0.2988401391572577,0.3870475815675226,51.6465300027996,41.16266771610938,5719.0,5719.0,3.6787242411394687,38.70475815675226,43.62331104752872,0.7176857881103768,False,109.6571,-7.3503
3305,Kabupaten,33.05,Kabupaten Kebumen,Jawa,Jawa Tengah,33,27288.0,38605.0,5.3,71.93,15.71,2.35,0.48,471824.0,187.95,98.3,1414754.0,1060.0,1330.7,2728.2242162969765,5211.201915074794,0.4343001603463234,0.8295600536769412,11.392422676086426,15.908279418945312,0.3069653738323883,0.4534544076619925,52.38813994297954,42.21344282128326,6523.0,6523.0,3.683468585404101,45.34544076619925,64.69849999749337,0.8295600536769412,False,109.6162,-7.6386
3306,Kabupaten,33.06,Kabupaten Purworejo,Jawa,Jawa Tengah,33,31195.0,24801.0,4.79,75.11,10.87,1.08,0.18,459253.0,78.02,99.38,795033.0,768.0,1089.8,2070.154149437184,3835.138958252411,0.4023666161619757,0.7454188305554545,12.244924545288086,16.009042739868164,0.2986735123986155,0.442044390039033,54.5555706305294,46.324729164967565,5350.0,5350.0,4.823873925047653,44.2044390039033,61.63603691311623,0.7454188305554545,False,109.9732,-7.7111
3307,Kabupaten,33.07,Kabupaten Wonosobo,Jawa,Jawa Tengah,33,27190.0,25028.0,4.57,69.82,15.28,2.41,0.6,456351.0,121.49,99.74,920506.0,935.0,993.86,2191.4792491018766,3950.268705274309,0.4673206790378909,0.8423726825099871,12.910849571228027,14.79741382598877,0.3008602529998475,0.4293387500198614,53.6007629968282,40.850933801411855,4928.0,4928.0,4.291410056288942,42.93387500198614,58.9003737823183,0.8423726825099871,False,109.9208,-7.4001
3308,Kabupaten,33.08,Kabupaten Magelang,Jawa,Jawa Tengah,33,32604.0,43736.0,5.06,71.99,10.83,1.23,0.23,431289.0,143.8,99.28,1341447.0,1236.0,1131.22,3863.9366837730586,7408.529533932726,0.7239015550356475,1.3879746199424032,12.375709533691406,13.980317115783691,0.4520050664828939,0.6446379477805484,58.2674751782012,47.94000523105544,5592.0,5592.0,5.522789595066168,64.46379477805483,65.08216466373007,1.3879746199424032,False,110.22,-7.5144
3309,Kabupaten,33.09,Kabupaten Boyolali,Jawa,Jawa Tengah,33,41691.0,45853.0,4.64,75.96,9.63,1.56,0.4,442071.0,95.96,100.85,1099850.0,1017.0,1084.93,8486.379060727239,12492.71389012489,1.6585655427944852,2.441557776983815,17.059675216674805,19.75794982910156,0.7511944743776244,0.8107924994520063,56.93624105006448,48.23154791923103,5539.0,5539.0,11.358561522139283,81.07924994520063,38.66453853482774,2.441557776983815,False,110.7035,-7.3873
3310,Kabupaten,33.10,Kabupaten Klaten,Jawa,Jawa Tengah,33,42736.0,55249.0,5.11,78.16,12.04,1.46,0.27,505826.0,141.84,100.31,1292800.0,1846.0,701.28,9926.549834736545,14605.470599400069,2.999106889813624,4.412748460733803,14.963523864746094,23.00941276550293,0.9324698344091524,0.9692076378422952,55.78662761490411,52.33677761348231,3501.0,3501.0,11.297548421565647,96.92076378422952,38.61509183952041,4.412748460733803,False,110.6281,-7.673
3311,Kabupaten,33.11,Kabupaten Sukoharjo,Jawa,Jawa Tengah,33,53085.0,49987.0,4.97,79.3,7.47,1.21,0.31,501693.0,68.15,100.45,941650.0,2018.0,493.55,8820.436790708716,12215.346071790247,3.788726156986964,5.246973849139851,24.35641098022461,26.347198486328125,0.974097924903017,0.9886012003523912,55.47363048484064,52.957728258141465,2512.0,2512.0,12.972278523644928,98.86012003523912,32.55901387093534,5.246973849139851,False,110.8678,-7.6822
3312,Kabupaten,33.12,Kabupaten Wonogiri,Jawa,Jawa Tengah,33,37720.0,39762.0,4.93,72.55,10.71,1.53,0.33,443563.0,102.57,100.13,1054145.0,588.0,1922.75,5843.311277246709,10231.220346537992,0.6434236614370596,1.1265888370473125,15.751968383789062,17.488637924194336,0.5155993204957584,0.7109986760549027,62.28371288441264,58.89376398541159,9425.0,9425.0,9.705704951916474,71.09986760549027,56.00728421996308,1.1265888370473125,False,110.9576,-7.9568
3313,Kabupaten,33.13,Kabupaten Karanganyar,Jawa,Jawa Tengah,33,53364.0,51332.0,5.54,78.11,9.59,1.63,0.41,491551.0,87.37,103.37,961909.0,1253.0,803.79,8647.056771090916,12129.460275493886,2.279302457438211,3.197239169952212,22.583709716796875,27.621034622192383,0.8245133093722248,0.8988113512390412,60.25519097044546,55.81529272762796,4036.0,4036.0,12.609779381931022,89.88113512390412,33.83850224889233,3.197239169952212,False,111.0699,-7.6442
3314,Kabupaten,33.14,Kabupaten Sragen,Jawa,Jawa Tengah,33,52185.0,52434.0,5.39,75.53,12.41,2.42,0.67,453663.0,110.65,101.67,1004761.0,1010.0,977.78,9149.5054549693,12308.62194726888,1.984173287469734,2.669263272592536,20.639270782470703,19.11021614074707,0.8977197251049658,0.93037562921657,61.05001075801943,53.94470803245609,4864.0,4864.0,12.250298277171268,93.037562921657,29.657210995672934,2.669263272592536,False,110.9629,-7.3807
3315,Kabupaten,33.15,Kabupaten Grobogan,Jawa,Jawa Tengah,33,24898.0,37506.0,5.41,72.02,11.43,1.9,0.43,489208.0,159.0,102.22,1506374.0,762.0,2030.28,9453.659179780649,13237.499318148451,0.9876586221289464,1.382970349191151,21.265949249267575,19.54927062988281,0.6576520215043717,0.7144287583691611,60.35523347615499,52.86711602642733,9974.0,9974.0,8.787657857974482,71.4428758369161,33.66215446328589,1.382970349191151,False,110.9008,-7.1064
3316,Kabupaten,33.16,Kabupaten Blora,Jawa,Jawa Tengah,33,36599.0,33231.0,3.06,71.39,11.42,1.59,0.32,464959.0,99.14,103.85,907993.0,464.0,1948.76,6579.037427202042,8661.569121846029,0.7160977798260952,0.9427717179900644,51.21760559082031,31.97657012939453,0.4755317736716276,0.5603270141836192,67.73460894418706,64.18934527587606,9509.0,9509.0,9.539246582127868,56.03270141836192,27.49709105723941,0.9427717179900644,False,111.4227,-7.1097
3317,Kabupaten,33.17,Kabupaten Rembang,Jawa,Jawa Tengah,33,38775.0,25794.0,5.08,72.53,14.02,2.76,0.84,518607.0,91.45,102.46,665237.0,641.0,1039.32,6029.254653314282,8153.973551170966,1.231559123663888,1.6655625112033523,37.74845123291016,21.574508666992188,0.7263536489143977,0.8148543918743018,66.21166386971969,59.034268274610845,5127.0,5127.0,12.257245990783684,81.48543918743017,30.183875189123732,1.6655625112033523,False,111.4568,-6.7674
3318,Kabupaten,33.18,Kabupaten Pati,Jawa,Jawa Tengah,33,43051.0,59015.0,5.13,74.1,9.17,1.17,0.25,559499.0,116.84,104.52,1370821.0,871.0,1581.53,12037.570670887642,16117.725636915951,1.6155431867267096,2.1631342859921,20.391990661621094,22.6910343170166,0.7583848676073532,0.8136050483413421,59.17378462445325,54.12702431014249,7760.0,7760.0,11.757717190585753,81.3605048341342,29.18659613806671,2.1631342859921,False,111.088,-6.7048
3319,Kabupaten,33.19,Kabupaten Kudus,Jawa,Jawa Tengah,33,145600.0,128612.0,2.78,77.22,7.23,1.02,0.24,550075.0,65.69,104.64,883322.0,2077.0,435.53,7143.213067104069,9957.91180254478,3.4816702131824946,4.853581236164106,24.25160217285156,56.00849914550781,0.8794531073791895,0.915280575869596,57.58832816615509,52.43626785734767,2234.0,2234.0,11.273252338948629,91.5280575869596,33.216514110285544,4.853581236164106,False,110.8666,-6.7921
3320,Kabupaten,33.20,Kabupaten Jepara,Jawa,Jawa Tengah,33,32902.0,40564.0,4.22,74.32,6.09,0.71,0.15,503832.0,80.84,104.76,1232880.0,1228.0,1022.96,8926.874705483391,12760.764358513848,1.853458655716672,2.649476993255005,61.982383728027344,57.79668045043945,0.7612446210403336,0.8228812903803653,57.728005601853205,52.543909002454924,5222.0,5222.0,10.350370156474149,82.28812903803653,35.72751693122189,2.649476993255005,False,110.7799,-6.6058
3321,Kabupaten,33.21,Kabupaten Demak,Jawa,Jawa Tengah,33,28300.0,35459.0,5.06,74.57,11.89,1.95,0.56,535134.0,142.92,104.26,1252970.0,1396.0,1002.43,10000.391044873577,14140.328156396445,2.11744441630382,2.9940188103758145,28.52682304382324,29.67502212524414,0.8339415558373168,0.8722300965932063,55.02587748032309,51.86805764869898,5016.0,5016.0,11.285448299956458,87.22300965932062,34.637739727389416,2.9940188103758145,False,110.6269,-6.9214
3322,Kabupaten,33.22,Kabupaten Semarang,Jawa,Jawa Tengah,33,60182.0,65585.0,4.73,75.67,6.96,0.91,0.18,520639.0,76.87,105.78,1089767.0,1147.0,1003.92,7595.897035276888,10681.929235683703,1.6044067520843337,2.25623903423452,21.466039657592773,17.66425895690918,0.722265340590472,0.7936734999846762,55.894658283020085,45.46667235442576,5078.0,5078.0,9.802030375010165,79.36734999846762,34.090718984082535,2.25623903423452,False,110.4,-7.2877
3323,Kabupaten,33.23,Kabupaten Temanggung,Jawa,Jawa Tengah,33,35494.0,28924.0,5.04,71.87,8.67,0.97,0.18,416086.0,68.77,99.95,814879.0,936.0,872.87,2288.9718100573496,3663.3703575759537,0.5561224881923922,0.8900426949226384,9.710813522338867,11.256709098815918,0.3525463357746579,0.4898143710692128,55.48555356637553,48.15120902238736,4312.0,4312.0,4.495600399048145,48.98143710692128,47.01170143563189,0.8900426949226384,False,110.1249,-7.2441
3324,Kabupaten,33.24,Kabupaten Kendal,Jawa,Jawa Tengah,33,55256.0,58837.0,5.42,74.34,9.35,0.91,0.15,488940.0,92.71,102.28,1064812.0,1062.0,1001.45,6803.567256835278,9971.458326474823,1.440999142409689,2.1119601459937565,28.949766159057617,21.396728515625,0.6196361516093104,0.7073415046807918,52.67472671502367,47.13502657473695,5011.0,5011.0,9.364524748476562,70.73415046807918,38.22330838048913,2.1119601459937565,False,110.1327,-7.0268
3325,Kabupaten,33.25,Kabupaten Batang,Jawa,Jawa Tengah,33,36256.0,30389.0,6.03,70.74,8.73,1.25,0.27,412196.0,68.85,101.8,838187.0,978.0,859.26,5838.935507986765,8485.815988280725,1.4415449713290391,2.095019776943453,85.70191192626953,76.30140686035156,0.6455033063212217,0.7439755245093768,53.50423189752824,44.50719742077901,4237.0,4237.0,10.124012885287799,74.39755245093768,37.37941455286311,2.095019776943453,False,109.8683,-7.0323
3326,Kabupaten,33.26,Kabupaten Pekalongan,Jawa,Jawa Tengah,33,29660.0,30224.0,5.02,71.84,8.95,1.16,0.23,505520.0,81.72,101.29,1019006.0,1219.0,892.62,5379.082491680159,7099.4750797186425,1.2784956638736482,1.687397082911107,13.089370727539062,14.523297309875488,0.4948554118606547,0.5521575206804147,54.37943283234297,44.15229826401024,4426.0,4426.0,6.967059153448206,55.21575206804147,27.745798736295235,1.687397082911107,False,109.6205,-7.0375
3327,Kabupaten,33.27,Kabupaten Pemalang,Jawa,Jawa Tengah,33,22631.0,34889.0,5.11,68.55,14.92,2.56,0.61,493593.0,194.2,104.1,1541685.0,1382.0,1137.35,5718.586350025502,8434.676874859895,1.0666257440697908,1.5732285825491772,15.174147605895996,18.58485221862793,0.5646453357051738,0.6701603040481233,50.15268894753468,42.62651117066718,5620.0,5620.0,5.471076695213286,67.01603040481233,38.857347241296125,1.5732285825491772,False,109.3941,-7.0024
3328,Kabupaten,33.28,Kabupaten Tegal,Jawa,Jawa Tengah,33,28494.0,47721.0,5.07,70.77,6.81,0.97,0.22,497315.0,98.02,101.18,1674803.0,1702.0,994.72,12169.432340704574,15856.578544028833,2.595052455293847,3.38131245001518,23.338207244873047,25.10379981994629,0.7808509001384829,0.8239528489332807,51.613981582450805,41.23032389598399,4942.0,4942.0,9.467727573946805,82.39528489332807,26.463809614118006,3.38131245001518,False,109.1303,-7.0566
3329,Kabupaten,33.29,Kabupaten Brebes,Jawa,Jawa Tengah,33,30039.0,62045.0,5.02,68.46,15.6,2.5,0.55,542495.0,283.28,104.48,2065501.0,1167.0,1754.38,11442.10282735906,15584.953624249918,1.3836343749829565,1.884607916253496,22.512331008911133,25.27630615234375,0.5929015700311273,0.646040209640981,48.26765407720601,44.15034181419493,8660.0,8660.0,7.545362420182763,64.6040209640981,30.898292459791854,1.884607916253496,False,108.8889,-7.0529
3371,Kota,33.71,Kota Magelang,Jawa,Jawa Tengah,33,96560.0,11822.0,5.56,82.15,5.94,0.92,0.19,626614.0,7.25,98.85,122431.0,6600.0,17.87,621.2220710688946,839.1941083562141,7.378277974968241,9.967140085274083,17.167407989501953,21.101476669311523,1.0,1.0,56.17438285980439,47.7924080111784,111.0,111.0,6.854425009647999,100.0,30.033589005661465,9.967140085274083,False,110.219,-7.4687
3372,Kota,33.72,Kota Surakarta,Jawa,Jawa Tengah,33,122530.0,64701.0,5.61,84.4,8.31,1.14,0.26,638102.0,43.28,103.08,528044.0,11283.0,46.27,4184.19792032055,5405.208017233304,19.15807138566319,24.74867657325862,38.31505584716797,43.10836791992188,1.0,1.0,57.80417646741959,50.91864327653384,264.0,264.0,10.23628337266081,100.0,25.599393045760443,24.74867657325862,False,110.8222,-7.5603
3373,Kota,33.73,Kota Salatiga,Jawa,Jawa Tengah,33,89826.0,18079.0,5.37,85.72,4.57,0.61,0.11,596659.0,9.33,104.58,201270.0,3661.0,53.08,1572.6259356947508,2076.134909604576,6.284490348092984,8.296600930077366,20.387615203857425,25.86431312561035,0.9999529861622604,1.0,57.193070160317184,41.707448559025885,297.0,297.0,10.31517319821422,100.0,27.760702714000285,8.296600930077366,False,110.4954,-7.3295
3374,Kota,33.74,Kota Semarang,Jawa,Jawa Tengah,33,156570.0,267551.0,5.62,85.25,4.03,0.59,0.12,671936.0,77.79,105.04,1708833.0,4572.0,385.67,19953.03820805573,26097.42905526114,10.974439995803104,14.353937792594431,57.61262130737305,59.68819427490234,0.986269075222432,0.9955028309517387,53.94249662981937,48.52582151523323,1953.0,1953.0,15.272076940965642,99.55028309517388,26.84435837672705,14.353937792594431,False,110.3862,-7.022
3375,Kota,33.75,Kota Pekalongan,Jawa,Jawa Tengah,33,45989.0,14767.0,5.34,77.22,6.71,0.84,0.17,605312.0,21.16,103.37,321095.0,7096.0,45.63,1808.7614370187125,2168.458243264404,8.406710406265777,10.07849908014988,18.061281204223636,21.18026733398437,1.0,1.0,49.40302560831131,42.08409732980955,252.0,252.0,6.753322983118403,100.0,18.12824450620143,10.07849908014988,False,109.6782,-6.8921
3376,Kota,33.76,Kota Tegal,Jawa,Jawa Tengah,33,72279.0,20661.0,5.22,77.43,7.64,1.34,0.32,664922.0,19.17,104.5,285843.0,7200.0,38.94,2651.4701951980605,3116.9392861029683,14.43200281277093,16.965559946984072,34.88873291015625,39.225372314453125,1.0,0.9923157377958974,44.50485602680953,37.88915451770583,220.0,220.0,10.904375080386673,99.23157377958974,16.16809434332609,16.965559946984072,False,109.1159,-6.8725
3401,Kabupaten,34.01,Kabupaten Kulon Progo,Jawa,DI Yogyakarta,34,37977.0,16912.0,4.77,76.14,15.62,2.48,0.62,438007.0,71.48,102.56,445315.0,763.0,574.98,2981.711372060284,4271.169753012938,1.0977827378938143,1.5725252515745485,33.90669250488281,24.346738815307617,0.5487712438872614,0.6635239694431653,55.218061798036736,46.378726298023,2889.0,2889.0,9.591344897461207,66.35239694431652,35.92890938156472,1.5725252515745485,False,110.1503,-7.8106
3402,Kabupaten,34.02,Kabupaten Bantul,Jawa,DI Yogyakarta,34,35843.0,36479.0,5.04,81.74,11.66,2.18,0.56,510740.0,126.93,105.13,1017750.0,2024.0,515.63,7586.321782909069,11727.917670725608,3.1173148148344456,4.819148534468358,20.525733947753903,27.591352462768555,0.9114427058994152,0.9774691009878016,57.084665710556365,54.27558534895333,2655.0,2655.0,11.523377716261958,97.74691009878016,43.55787203623116,4.819148534468358,False,110.385,-7.8966
3403,Kabupaten,34.03,Kabupaten Gunungkidul,Jawa,DI Yogyakarta,34,35504.0,26705.0,4.81,71.89,15.18,2.56,0.65,401209.0,120.41,107.97,752188.0,507.0,1474.24,4245.099869600817,7797.865071844938,0.60952838387952,1.11964859271948,10.516170501708984,15.124815940856934,0.4953957400037385,0.706125799847294,60.17556155417564,58.86373766585358,7244.0,7244.0,10.36690969790124,70.6125799847294,60.797733562790235,1.11964859271948,False,110.5527,-7.9977
3404,Kabupaten,34.04,Kabupaten Sleman,Jawa,DI Yogyakarta,34,54501.0,63683.0,5.19,85.61,7.46,1.21,0.27,513926.0,97.94,106.63,1168471.0,2052.0,574.64,10125.97564713968,16355.557023659425,3.731074648289548,6.026461676003274,27.03829574584961,36.32107162475586,0.8634885175974883,0.9423878599945952,57.88387117283352,52.14615805877816,2902.0,2902.0,13.997400897120617,94.23878599945952,47.942613854864824,6.026461676003274,False,110.3831,-7.6809
3471,Kota,34.71,Kota Yogyakarta,Jawa,DI Yogyakarta,34,131433.0,49390.0,5.05,88.77,6.26,0.76,0.14,686973.0,28.79,102.25,375779.0,11562.0,32.91,3142.948237063838,4245.688026364645,20.284783610510733,27.401934870235003,56.20741653442383,63.74763488769531,1.0,1.0,56.22867628448496,52.52930903568719,193.0,193.0,11.298364268265777,100.0,30.065998082624645,27.401934870235003,False,110.3724,-7.7978
3501,Kabupaten,35.01,Kabupaten Pacitan,Jawa,Jawa Timur,35,35096.0,20657.0,4.34,70.74,13.08,1.49,0.25,370643.0,73.03,91.07,588569.0,411.0,1418.62,1886.1516270507784,3101.976940234268,0.2812984934624242,0.4626252881945999,16.71588897705078,16.90202522277832,0.2239796562905013,0.3696929962054394,64.40939375932847,56.40598579028386,7015.0,7015.0,5.270370916977055,36.969299620543936,49.72933373399702,0.4626252881945999,False,111.1453,-8.0945
3502,Kabupaten,35.02,Kabupaten Ponorogo,Jawa,Jawa Timur,35,28088.0,27047.0,4.74,73.01,9.11,1.02,0.17,413619.0,80.05,97.17,962941.0,679.0,1416.63,5275.113312025279,7990.274662599371,0.788437896117723,1.1942559281184228,32.4058837890625,25.54633331298828,0.4925748783775868,0.6229810679327126,65.31272785885949,59.95909735654418,6972.0,6972.0,8.297782172115811,62.29810679327126,41.5160567788833,1.1942559281184228,False,111.4938,-7.9696
3503,Kabupaten,35.03,Kabupaten Trenggalek,Jawa,Jawa Timur,35,32726.0,24365.0,4.71,72.24,10.5,1.43,0.28,434146.0,73.75,97.25,744516.0,596.0,1248.08,2043.7778908641903,3440.4954124968435,0.3465681964554517,0.5834128529094258,8.550275802612305,8.457249641418457,0.2905951191096057,0.4015758922663708,59.42630286417653,52.83851459951333,6291.0,6291.0,4.621116822871293,40.15758922663708,52.06169170883168,0.5834128529094258,False,111.6518,-8.1317
3504,Kabupaten,35.04,Kabupaten Tulungagung,Jawa,Jawa Timur,35,46009.0,51247.0,4.86,75.09,6.28,0.6,0.1,447793.0,66.42,93.25,1113847.0,973.0,1150.4,6100.580132851648,9092.8572767038,1.122211642390224,1.6726458920784426,18.01002311706543,21.475984573364254,0.5222747386083446,0.5820474753901578,65.74694243540411,59.36664949784807,5731.0,5731.0,8.163470635288151,58.20474753901578,39.90513852460449,1.6726458920784426,False,111.8966,-8.0688
3505,Kabupaten,35.05,Kabupaten Blitar,Jawa,Jawa Timur,35,37811.0,47779.0,4.44,73.09,8.16,0.8,0.12,408399.0,95.91,90.03,1263645.0,724.0,1754.04,7487.182651259034,11917.558881564702,0.9033100362515308,1.437823951513416,11.14455795288086,14.64036464691162,0.5853675846129462,0.7012365188221965,73.43268317724066,69.5968002384563,8625.0,8625.0,9.431097247695913,70.12365188221965,46.47706237236644,1.437823951513416,False,112.3088,-8.1337
3506,Kabupaten,35.06,Kabupaten Kediri,Jawa,Jawa Timur,35,32339.0,54650.0,4.95,74.44,9.95,1.22,0.24,403621.0,159.27,91.51,1689916.0,1109.0,1522.99,10431.96652829659,16927.718118728968,1.4508186649277648,2.3542109088129983,16.66261863708496,35.71582794189453,0.7718395769522759,0.8345642774243653,68.36954937738341,68.11439762821026,7541.0,7541.0,10.016899135062909,83.45642774243653,48.404082549600425,2.3542109088129983,False,112.1668,-7.8052
3507,Kabupaten,35.07,Kabupaten Malang,Jawa,Jawa Timur,35,50593.0,138423.0,4.96,72.68,8.98,0.98,0.16,420334.0,240.14,98.86,2735993.0,788.0,3456.83,18710.793246222365,25223.364710137088,1.145550243872542,1.5442761413024175,24.804052352905277,19.86348342895508,0.5927204383352723,0.6578481648756027,73.0713240789803,68.02236285876378,16948.0,16948.0,9.219089635878852,65.78481648756028,29.865640103285784,1.5442761413024175,False,112.691,-8.0989
3508,Kabupaten,35.08,Kabupaten Lumajang,Jawa,Jawa Timur,35,37579.0,43059.0,4.52,68.8,8.65,1.23,0.26,405136.0,91.05,91.96,1145849.0,638.0,1810.39,5277.584218805211,7452.110412504395,0.6168906543002846,0.8710684808983574,14.47697639465332,17.04387664794922,0.4581799262912779,0.5308416912668,76.50785859660058,68.09756000293365,8814.0,8814.0,6.503571074813867,53.08416912668,34.49735289103302,0.8710684808983574,False,113.1439,-8.1245
3509,Kabupaten,35.09,Kabupaten Jember,Jawa,Jawa Timur,35,39464.0,102758.0,4.86,69.15,9.01,1.01,0.18,459043.0,224.77,93.28,2603817.0,786.0,3306.44,18271.353229261145,23486.42495099235,1.169093726442916,1.5027804302313224,35.70047378540039,39.19161987304688,0.5608363726239265,0.6044945117124026,85.88606041444747,80.55620209745535,16155.0,16155.0,9.019998314394732,60.44945117124026,25.1076004449315,1.5027804302313224,False,113.6265,-8.2604
3510,Kabupaten,35.10,Kabupaten Banyuwangi,Jawa,Jawa Timur,35,62086.0,108923.0,4.68,73.11,6.54,0.44,0.06,470713.0,106.61,96.67,1754393.0,488.0,3603.0,36385.411019815496,52187.35052800994,2.135668597423406,3.0631751183104767,136.09518432617188,137.9364013671875,0.4691209772127026,0.5236665824210172,87.30862564962378,74.34878803656537,17582.0,17582.0,29.746670516816895,52.366658242101714,36.06639187123388,3.0631751183104767,False,114.1368,-8.3373
3511,Kabupaten,35.11,Kabupaten Bondowoso,Jawa,Jawa Timur,35,33501.0,26543.0,4.87,68.65,12.6,1.51,0.28,517741.0,99.62,93.02,792309.0,510.0,1555.44,4461.918238926983,6484.679164016009,0.6073553532048899,0.8826931362660914,24.801273345947266,22.396875381469727,0.3994101475965517,0.4923313849520913,91.37407371820524,78.95909306856703,7639.0,7639.0,8.184533009237569,49.233138495209126,37.379367501462646,0.8826931362660914,False,113.8805,-7.9504
3512,Kabupaten,35.12,Kabupaten Situbondo,Jawa,Jawa Timur,35,38677.0,27102.0,4.81,69.75,11.51,1.19,0.18,413611.0,80.17,91.91,700719.0,424.0,1658.09,5923.218146228441,9545.337008618488,0.7564073282410678,1.2189594719632393,25.835737228393555,34.856201171875,0.3948152952046614,0.4870783014119845,90.78266656984684,75.19636074087256,8244.0,8244.0,13.622203777289453,48.70783014119845,47.71088017365326,1.2189594719632393,False,114.2652,-7.7982
3513,Kabupaten,35.13,Kabupaten Probolinggo,Jawa,Jawa Timur,35,38537.0,45675.0,4.82,68.29,16.45,2.63,0.6,537724.0,197.11,93.78,1185242.0,687.0,1725.43,9352.316519561116,12802.365233946904,1.1477797581118,1.5711931520649678,84.9090576171875,63.26563262939453,0.5723784836359471,0.6300138705333466,83.95378012942629,72.1691391702514,8526.0,8526.0,10.801477870297292,63.00138705333465,31.39770568921403,1.5711931520649678,False,113.3062,-7.8592
3514,Kabupaten,35.14,Kabupaten Pasuruan,Jawa,Jawa Timur,35,121689.0,201665.0,5.34,70.73,8.63,1.09,0.21,450088.0,144.84,95.97,1657216.0,1110.0,1491.15,16058.872862633178,20523.834738606103,2.281069564872116,2.915291451471331,60.20547866821289,46.802879333496094,0.7657596634611101,0.82094912255684,75.77352753094891,68.64418933431969,7296.0,7296.0,12.38452605973277,82.09491225568401,24.531181150547887,2.915291451471331,False,112.8191,-7.7575
3515,Kabupaten,35.15,Kabupaten Sidoarjo,Jawa,Jawa Timur,35,136721.0,296887.0,5.54,82.31,4.53,0.64,0.18,597284.0,109.39,106.35,2171480.0,2999.0,726.1,28951.053135158265,35255.76831936231,8.453181628119749,10.294043938614417,40.66082763671875,50.115848541259766,0.8786523492514965,0.8971193415637865,65.2155593112435,65.1543977044503,3611.0,3611.0,16.23582456175618,89.71193415637865,19.701639834251417,10.294043938614417,False,112.6716,-7.4601
3516,Kabupaten,35.16,Kabupaten Mojokerto,Jawa,Jawa Timur,35,98011.0,113130.0,5.29,75.98,9.37,1.01,0.19,508618.0,108.72,97.79,1154257.0,1172.0,974.1,23518.50020730447,24315.194348533016,5.116573404733527,5.289898405000804,44.007850646972656,35.305885314941406,0.8557719543116894,0.8613311310484629,67.65064805872454,66.03501189302092,4854.0,4854.0,21.06566765333285,86.13311310484629,3.3312689358709235,5.289898405000804,False,112.5101,-7.5462
3517,Kabupaten,35.17,Kabupaten Jombang,Jawa,Jawa Timur,35,39553.0,53899.0,5.15,75.1,8.6,0.9,0.17,514170.0,110.57,98.01,1362697.0,1228.0,1120.52,10953.0128449627,14741.829224728845,2.0715125320611287,2.788080724161224,18.794095993041992,25.26471900939941,0.7789014157838876,0.816836621550561,67.63395062964518,67.30857324673532,5527.0,5527.0,10.818127011895413,81.6836621550561,29.705095133042292,2.788080724161224,False,112.2434,-7.5579
3518,Kabupaten,35.18,Kabupaten Nganjuk,Jawa,Jawa Timur,35,32047.0,36271.0,4.93,74.23,10.17,1.04,0.18,539714.0,108.37,95.01,1131777.0,878.0,1290.25,6087.604833156689,10236.29920571271,0.9996459711254024,1.6809033340159791,16.612497329711914,20.058881759643555,0.5681004888308177,0.6786795450286526,67.74020551372315,65.0711718609636,6343.0,6343.0,9.04444886732343,67.86795450286526,51.96188713405707,1.6809033340159791,False,111.9443,-7.6236
3519,Kabupaten,35.19,Kabupaten Madiun,Jawa,Jawa Timur,35,33712.0,25549.0,4.68,73.74,10.63,1.4,0.25,460205.0,73.15,95.85,757839.0,681.0,1117.5,5264.0804224606845,9529.822417599904,0.998306958581867,1.8072839451590863,17.63972282409668,21.868322372436523,0.5550866901132442,0.6920669603314549,66.95320079993044,63.58355130122549,5547.0,5547.0,12.574996031610809,69.20669603314549,59.34345913065364,1.8072839451590863,False,111.6694,-7.6166
3520,Kabupaten,35.20,Kabupaten Magetan,Jawa,Jawa Timur,35,35853.0,24577.0,4.79,75.87,9.32,1.09,0.2,455119.0,59.51,95.27,685500.0,970.0,701.96,4255.200811429466,6643.973303011932,1.2840333173357343,2.0048602777199105,14.50707721710205,23.03331756591797,0.7922236830115985,0.8763107166059407,63.05706269310919,59.86407243095997,3488.0,3488.0,9.692156532475467,87.63107166059407,44.54837404888341,2.0048602777199105,False,111.3373,-7.6575
3521,Kabupaten,35.21,Kabupaten Ngawi,Jawa,Jawa Timur,35,29347.0,25945.0,4.64,73.09,13.81,2.22,0.61,445865.0,116.47,92.76,884086.0,633.0,1393.28,6765.4411865899365,9130.180104748168,1.0292818258611218,1.3890488719764966,20.952533721923828,20.514209747314453,0.6774629081180925,0.7726471086588691,63.830543735845175,59.42438792726957,6837.0,6837.0,10.327253349502387,77.26471086588691,29.971966733115707,1.3890488719764966,False,111.389,-7.4421
3522,Kabupaten,35.22,Kabupaten Bojonegoro,Jawa,Jawa Timur,35,76808.0,101794.0,1.67,71.78,11.69,1.99,0.48,471457.0,147.33,95.73,1325299.0,573.0,2313.91,14373.063591674492,24361.99687793467,1.3170645625568866,2.232392736342937,377.46728515625,675.6245727539062,0.5934243279168514,0.701963092608423,66.2826351703659,63.45171253588549,11322.0,11322.0,18.38226458929998,70.1963092608423,52.7640016707668,2.232392736342937,False,111.8079,-7.2285
3523,Kabupaten,35.23,Kabupaten Tuban,Jawa,Jawa Timur,35,71099.0,87111.0,3.86,71.23,14.36,1.95,0.39,488131.0,171.24,97.93,1225205.0,621.0,1977.28,15380.377282699768,19443.18605125898,1.650769766677416,2.0868294133073717,979.7933959960938,1128.6448974609375,0.6359224179549372,0.7628419868350769,65.21073178164187,60.54178509751626,9630.0,9630.0,15.86933292898656,76.28419868350768,23.439059739793144,2.0868294133073717,False,111.8975,-6.9598
3524,Kabupaten,35.24,Kabupaten Lamongan,Jawa,Jawa Timur,35,37788.0,52077.0,4.81,75.13,12.16,1.88,0.44,524636.0,146.98,97.63,1378147.0,786.0,1751.42,12192.237382899895,16490.394962621664,1.4762960989949825,1.99673816951344,35.14288330078125,41.27555847167969,0.8173132443161312,0.8647856559478811,65.66913094265799,64.64391726338582,8584.0,8584.0,11.965628458082964,86.47856559478811,30.195724227818488,1.99673816951344,False,112.3307,-7.1227
3525,Kabupaten,35.25,Kabupaten Gresik,Jawa,Jawa Timur,35,138271.0,188605.0,4.79,78.45,10.32,1.58,0.33,608828.0,142.39,106.44,1364019.0,1086.0,1252.84,21611.80304672812,27897.710469838446,3.662192285630337,4.72736031549475,95.53819274902344,169.8023223876953,0.8067986010463581,0.849802537015588,67.95039336433997,64.65312169607519,6374.0,6374.0,20.452582016700973,84.98025370155881,25.529459530236487,4.72736031549475,False,112.6593,-5.7982
3526,Kabupaten,35.26,Kabupaten Bangkalan,Jawa,Jawa Timur,35,26066.0,28739.0,1.94,66.27,18.66,2.03,0.39,547017.0,190.94,100.12,1102522.0,847.0,1303.32,10855.257209168696,16500.060603532598,1.76680956952533,2.685561881246461,19.823116302490234,22.22559928894043,0.9271208520747524,0.9855672722004036,74.61351731040126,68.34141583961873,6379.0,6379.0,14.965742727612326,98.55672722004036,41.868304277865676,2.685561881246461,False,112.8978,-7.043
3527,Kabupaten,35.27,Kabupaten Sampang,Jawa,Jawa Timur,35,24484.0,24882.0,1.71,64.65,20.83,2.86,0.57,491753.0,214.32,98.15,1016254.0,827.0,1226.24,11020.099390951324,17987.735823420913,1.9064894036431903,3.1118982258039845,26.100976943969727,29.92254447937012,0.9462027613690565,0.9771278966660988,78.58877908029892,72.58320437401073,6029.0,6029.0,17.700039383285,97.71278966660988,48.99342124286896,3.1118982258039845,False,113.2544,-7.0584
3528,Kabupaten,35.28,Kabupaten Pamekasan,Jawa,Jawa Timur,35,25424.0,22492.0,4.88,68.49,13.41,1.05,0.14,467493.0,123.46,96.19,884697.0,1113.0,798.08,10372.204227197872,15394.00169125234,2.756946096457189,4.091746743692792,24.73795318603516,31.079273223876957,0.979275831984348,0.9936113858883447,81.59630504824555,71.05766326197697,3948.0,3948.0,17.400309587635473,99.36113858883448,39.48169266332915,4.091746743692792,False,113.4967,-7.0677
3529,Kabupaten,35.29,Kabupaten Sumenep,Jawa,Jawa Timur,35,39215.0,45222.0,3.77,69.26,17.78,4.19,1.53,506569.0,196.42,102.75,1153188.0,553.0,2089.84,8951.772538547482,14929.472158470922,0.910046340414366,1.5177453899358326,31.325204849243164,34.90492248535156,0.6101849991388716,0.6959964693725245,83.9911590791665,70.81024551734691,11132.0,11132.0,12.946260417617008,69.59964693725244,51.14409707070262,1.5177453899358326,False,113.8393,-6.9938
3571,Kota,35.71,Kota Kediri,Jawa,Jawa Timur,35,565841.0,168749.0,3.43,81.35,6.51,1.02,0.25,621051.0,19.24,94.38,298227.0,4436.0,69.18,2052.8817285895343,2869.7079640846623,6.280637329665999,8.779655794809644,23.84469413757324,33.67001724243164,0.9954048638855896,0.9958127871960072,64.81308713961775,70.38450371330194,392.0,392.0,9.622562558335304,99.58127871960072,33.48271479023204,8.779655794809644,False,112.0063,-7.8251
3572,Kota,35.72,Kota Blitar,Jawa,Jawa Timur,35,59326.0,9188.0,5.33,81.27,6.75,1.06,0.24,596105.0,9.86,92.25,154867.0,4664.0,33.37,1053.5332972390977,1592.0571683444234,6.67339818655066,10.08457107901304,22.63007354736328,28.31300163269043,1.0,1.0,73.73892739150955,70.37884094691607,197.0,197.0,10.280157608428029,100.0,41.25566207385116,10.08457107901304,False,112.1683,-8.0963
3573,Kota,35.73,Kota Malang,Jawa,Jawa Timur,35,114722.0,100117.0,5.41,84.06,3.91,0.42,0.08,706341.0,34.84,98.02,872694.0,7857.0,109.95,5668.063893003557,6887.661368967506,10.913208845568272,13.261404316538798,29.948535919189453,30.26014709472656,1.0,1.0,68.45316782567336,70.3699081100264,598.0,598.0,7.89241288351645,100.0,19.48527742043602,13.261404316538798,False,112.6436,-7.9814
3574,Kota,35.74,Kota Probolinggo,Jawa,Jawa Timur,35,61614.0,15375.0,5.15,76.27,6.18,0.98,0.21,654409.0,15.24,94.93,249539.0,4564.0,54.94,2251.153108488811,2886.8384031001247,8.694870460378464,11.150146056414346,21.97727394104004,30.37820053100586,1.0,1.0,75.84108086820856,67.57531694460853,314.0,314.0,11.568686269882162,100.0,24.862156910979927,11.150146056414346,False,113.1994,-7.7676
3575,Kota,35.75,Kota Pasuruan,Jawa,Jawa Timur,35,51087.0,11208.0,5.45,77.75,6.32,0.7,0.12,554195.0,13.07,97.09,219392.0,5626.0,38.93,1525.388584869048,2050.1169519985424,8.304491751352666,11.161208026636531,25.275739669799805,38.88550567626953,0.9849270906723032,0.986229424197784,70.10375968743999,68.95273169794406,226.0,226.0,9.344538324089038,98.6229424197784,29.54799561867345,11.161208026636531,False,112.9109,-7.6415
3576,Kota,35.76,Kota Mojokerto,Jawa,Jawa Timur,35,62684.0,8612.0,5.32,80.92,5.57,0.74,0.13,610968.0,7.43,96.58,137393.0,6796.0,20.21,1316.718166343839,1611.0755794263353,13.851042961003214,16.947496916534615,31.406513214111328,36.433929443359375,1.0,1.0,66.4023761395982,65.68062373664455,126.0,126.0,11.726038294719055,100.0,20.162094960805632,16.947496916534615,False,112.4379,-7.4741
3577,Kota,35.77,Kota Madiun,Jawa,Jawa Timur,35,92449.0,18653.0,5.73,83.48,4.38,0.56,0.09,637838.0,7.84,94.27,201767.0,5585.0,34.62,1803.3606099736453,3146.5775937089725,11.036743520935046,19.25736299130677,30.032791137695312,60.93685531616211,0.9994719915518648,1.0,68.47379158066529,61.96577545240722,203.0,203.0,15.595105213979355,100.0,55.64268427934094,19.25736299130677,False,111.5251,-7.6317
3578,Kota,35.78,Kota Surabaya,Jawa,Jawa Timur,35,264372.0,772494.0,5.76,84.14,3.96,0.65,0.16,742678.0,116.62,102.54,2921996.0,8698.0,335.95,41459.15679254298,46842.27033158844,26.16451183753597,29.561747787604503,86.26184844970703,107.9197769165039,1.0,1.0,63.55957996545087,65.89133350822401,1718.0,1718.0,16.030915282426275,100.0,12.207446671869349,29.561747787604503,False,112.7351,-7.2691
3579,Kota,35.79,Kota Batu,Jawa,Jawa Timur,35,99487.0,22154.0,5.04,78.79,3.06,0.46,0.09,642778.0,6.59,99.88,222685.0,1147.0,196.32,2277.6898757328004,3214.2536376780163,2.4576059031864674,3.4681493729494712,27.965471267700195,29.28024101257324,0.5424572211972988,0.6339090770610836,68.5872670649764,64.30713149298447,1028.0,1028.0,14.434082392967719,63.39090770610836,34.430558464136055,3.4681493729494712,False,112.5282,-7.8258
3601,Kabupaten,36.01,Kabupaten Pandeglang,Jawa,Banten,36,27078.0,35905.0,2.75,66.99,9.18,1.52,0.35,479886.0,113.45,85.68,1325952.0,478.0,2780.35,4655.312098786761,6116.154890312284,0.3555176099553601,0.4670794830892841,14.90017795562744,13.546853065490724,0.2172814852438749,0.2611377717508492,46.954832577039,40.75204397128792,13811.0,13811.0,4.612651808144098,26.11377717508492,27.287336151781005,0.4670794830892841,False,105.7963,-6.5514
3602,Kabupaten,36.02,Kabupaten Lebak,Jawa,Banten,36,25967.0,37631.0,2.95,65.86,8.44,1.02,0.23,440705.0,111.71,86.7,1449205.0,438.0,3307.98,4550.217427834811,7285.320905203324,0.2920488590182782,0.467597360278029,19.440767288208008,23.115732192993164,0.1680648600648778,0.2345438592252065,47.37430304275059,44.38508838696549,15996.0,15996.0,5.027115491047384,23.45438592252065,47.06039779710487,0.467597360278029,False,106.1869,-6.6373
3603,Kabupaten,36.03,Kabupaten Tangerang,Jawa,Banten,36,54729.0,186104.0,5.0,74.09,6.55,1.2,0.34,632941.0,266.43,97.83,3400486.0,3309.0,1026.62,37987.27442378133,52317.5415070113,7.864917600229479,10.8318682832805,60.67570877075195,82.95835876464844,0.985018361681691,0.9890008533330732,55.76024019986343,43.09152179896574,5103.0,5103.0,15.385313013202026,98.90008533330732,32.007328605102536,10.8318682832805,False,106.4716,-6.1845
3604,Kabupaten,36.04,Kabupaten Serang,Jawa,Banten,36,60007.0,102120.0,4.78,69.03,4.51,0.79,0.2,449291.0,68.86,93.2,1701803.0,1158.0,1467.15,16982.02292176882,21765.0266980842,2.4606788577245124,3.1537315242421635,41.630157470703125,61.3001594543457,0.7475006335781664,0.7643600633237239,51.95610581835004,40.22952917471192,7438.0,7438.0,12.789392601895871,76.43600633237239,24.813615245816578,3.1537315242421635,False,105.99,-6.1034
3671,Kota,36.71,Kota Tangerang,Jawa,Banten,36,114458.0,224791.0,5.04,80.02,5.43,0.94,0.23,785113.0,128.91,98.61,1963966.0,11012.0,181.47,19976.903409236096,23496.494859055907,23.37745170809201,27.49616207400064,75.7381362915039,77.87776184082031,1.0,1.0,56.0639492994718,43.03794279210855,947.0,947.0,11.963799199709113,100.0,16.226698048370913,27.49616207400064,False,106.6331,-6.1785
3672,Kota,36.72,Kota Cilegon,Jawa,Banten,36,302862.0,137989.0,4.84,75.14,3.75,0.44,0.07,663533.0,17.31,93.43,455617.0,2804.0,164.29,10578.516983776462,13064.840870424345,13.701767784791278,16.922165557454047,116.18647003173828,206.55958557128903,0.9835529323323544,0.9905167772280746,49.63478163698612,33.26413340512207,892.0,892.0,28.6750513488837,99.05167772280747,21.108148575850905,16.922165557454047,False,106.0297,-5.9683
3673,Kota,36.73,Kota Serang,Jawa,Banten,36,58498.0,42988.0,4.71,73.99,5.65,0.75,0.16,540786.0,41.62,95.04,734866.0,2765.0,264.86,6685.6271739574,8822.495042861201,5.362532648118172,7.076511518544541,23.242067337036133,31.686521530151367,0.9357534694699228,0.955897155223392,52.399693629763846,42.30539828130701,1370.0,1370.0,12.00558338916374,95.5897155223392,27.730846722964486,7.076511518544541,False,106.153,-6.1178
3674,Kota,36.74,Kota Tangerang Selatan,Jawa,Banten,36,80182.0,112214.0,5.02,82.89,2.36,0.27,0.05,828278.0,43.33,104.33,1399496.0,8489.0,164.4,16015.40618571674,19794.542800645257,20.724500285995845,25.614836312986743,41.69875717163086,54.54368591308594,1.0,1.0,53.47500228359166,47.57004029270573,854.0,854.0,14.144051001678644,100.0,21.18432177833416,25.614836312986743,False,106.7137,-6.303
5101,Kabupaten,51.01,Kabupaten Jembrana,Bali-Nusa Tenggara,Bali,51,51730.0,16845.0,4.98,74.6,4.51,0.36,0.05,531164.0,12.9,104.36,325633.0,383.0,853.46,1786.581337003263,2598.813465838108,0.4429122785073572,0.6442731543925538,13.9950532913208,15.932077407836914,0.3097393828681202,0.3883940940912718,86.88396816245817,77.75084119436475,4245.0,4245.0,7.980804973200223,38.83940940912718,37.45762007759046,0.6442731543925538,False,114.6709,-8.3202
5102,Kabupaten,51.02,Kabupaten Tabanan,Bali-Nusa Tenggara,Bali,51,59123.0,27650.0,4.94,78.42,4.4,0.75,0.19,601963.0,20.16,104.23,467667.0,551.0,861.54,2795.237450100277,4131.642943276378,0.6859854694549061,1.0139557281481828,8.638412475585938,17.864179611206055,0.479600950082189,0.5651112342984289,88.71163292489024,74.38685629814405,4267.0,4267.0,8.834583032962296,56.51112342984289,39.064239444513845,1.0139557281481828,False,115.0727,-8.4398
5103,Kabupaten,51.03,Kabupaten Badung,Bali-Nusa Tenggara,Bali,51,132088.0,75098.0,5.94,83.87,2.23,0.32,0.08,737800.0,16.87,110.56,568547.0,1426.0,394.97,7554.268746396139,13439.739394384858,4.04163141245723,7.190434274329739,37.04798889160156,75.92205810546875,0.9158519084225714,0.947147017355399,89.17183356272442,72.97625591661348,2143.0,2143.0,23.63874823784992,94.71470173553989,57.60451809613407,7.190434274329739,False,115.1985,-8.5483
5104,Kabupaten,51.04,Kabupaten Gianyar,Bali-Nusa Tenggara,Bali,51,62693.0,33047.0,5.47,79.82,4.0,0.49,0.09,500797.0,21.45,103.63,527119.0,1447.0,365.49,3636.380484248025,5944.304714479401,2.103532342034365,3.4385943033132595,11.421323776245115,22.389768600463867,0.8857694427871756,0.9426590051699224,89.8508798395713,69.98199260921156,1870.0,1870.0,11.276969174853118,94.26590051699225,49.13380090249877,3.4385943033132595,False,115.2846,-8.4844
5105,Kabupaten,51.05,Kabupaten Klungkung,Bali-Nusa Tenggara,Bali,51,52628.0,11015.0,5.08,74.04,5.3,0.23,0.03,411010.0,9.68,112.89,209309.0,667.0,313.12,1415.9140748559253,2217.759652378747,0.9557768582719924,1.4970423633712595,11.095521926879885,15.37849235534668,0.6552106606240935,0.8417848180345403,91.32937760083006,68.84950921739497,1671.0,1671.0,10.595624900882173,84.17848180345403,44.84670045050025,1.4970423633712595,False,115.5347,-8.7427
5106,Kabupaten,51.06,Kabupaten Bangli,Bali-Nusa Tenggara,Bali,51,32275.0,8466.0,4.54,71.34,5.06,0.89,0.23,465572.0,11.79,109.08,262297.0,498.0,523.31,1109.5351704563582,1980.7822791267845,0.4484910382567881,0.8006624076286196,6.359858989715576,10.50008773803711,0.4092655646649294,0.6242668644943662,85.42337822500366,69.50927951405397,2659.0,2659.0,7.551677217531212,62.426686449436616,57.91545461151175,0.8006624076286196,False,115.3692,-8.3315
5107,Kabupaten,51.07,Kabupaten Karangasem,Bali-Nusa Tenggara,Bali,51,40233.0,20210.0,4.33,69.74,6.52,0.56,0.1,432414.0,27.76,102.95,502333.0,599.0,839.97,1985.1662770728267,2999.0167344078127,0.4998118124650191,0.7550722611747763,6.990315437316895,7.707202434539795,0.4613424353485726,0.5935273534383343,91.30393773400104,67.65165933397579,4179.0,4179.0,5.9701766246848464,59.35273534383343,41.241158006154336,0.7550722611747763,False,115.5507,-8.3676
5108,Kabupaten,51.08,Kabupaten Buleleng,Bali-Nusa Tenggara,Bali,51,50796.0,41388.0,5.04,74.52,5.39,0.72,0.14,570129.0,36.55,104.76,814789.0,616.0,1310.29,4346.887034731869,5766.825105661737,0.7017402033301388,0.9309680674657878,21.0780029296875,20.967430114746094,0.4350543371600845,0.5350206573637838,92.9026660217704,77.79909495043636,6607.0,6607.0,7.077691409262689,53.50206573637838,28.260509008670454,0.9309680674657878,False,114.9892,-8.2203
5171,Kota,51.71,Kota Denpasar,Bali-Nusa Tenggara,Bali,51,86425.0,65300.0,5.55,85.22,2.59,0.36,0.08,820512.0,27.27,115.46,755568.0,6003.0,125.67,5712.4699316532,8453.812775906392,9.612891051325542,14.225997187800283,27.40775680541992,34.885841369628906,1.0,1.0,90.41481119748696,70.93367165124653,676.0,676.0,11.188685566231488,100.0,39.19093056041483,14.225997187800283,False,115.2197,-8.6705
5201,Kabupaten,52.01,Kabupaten Lombok Barat,Bali-Nusa Tenggara,Nusa Tenggara Barat,52,25044.0,19160.0,3.02,70.67,12.65,1.84,0.43,576478.0,96.57,107.12,765049.0,829.0,923.57,4833.916074263521,5859.997892589668,1.106211897669291,1.341024397095537,18.75049591064453,18.902109146118164,0.4578797214746158,0.516036568347577,98.25760995497612,79.09278944482472,4815.0,4815.0,7.659637346875386,51.60365683475771,19.245610713461936,1.341024397095537,False,116.1303,-8.6476
5202,Kabupaten,52.02,Kabupaten Lombok Tengah,Bali-Nusa Tenggara,Nusa Tenggara Barat,52,20368.0,22605.0,3.34,69.17,12.07,1.56,0.27,549400.0,122.32,101.64,1109800.0,949.0,1166.47,5870.246418372787,7469.859458141231,1.0632313864613443,1.3529566669455824,19.56761360168457,17.852506637573242,0.7107380548196247,0.7821981830966913,99.41766118091628,81.67853738573338,5821.0,5821.0,6.730815875059678,78.21981830966914,24.09430988330019,1.3529566669455824,False,116.2815,-8.6821
5203,Kabupaten,52.03,Kabupaten Lombok Timur,Bali-Nusa Tenggara,Nusa Tenggara Barat,52,18588.0,26293.0,4.2,69.23,14.51,2.66,0.77,583957.0,185.03,105.37,1414461.0,880.0,1606.67,5343.913000069067,8006.298405028086,0.7032455113736932,1.0536087350190004,18.59035301208496,19.344316482543945,0.4554088372613896,0.5364037348914478,97.59594411390258,76.4698876570333,8024.0,8024.0,5.660317537937126,53.64037348914478,40.420815895188866,1.0536087350190004,False,116.5128,-8.582
5204,Kabupaten,52.04,Kabupaten Sumbawa,Bali-Nusa Tenggara,Nusa Tenggara Barat,52,34509.0,18517.0,3.12,70.55,12.87,1.98,0.53,477774.0,63.0,95.97,536597.0,81.0,6646.47,3770.8027723305368,5527.852068096981,0.1198838541712142,0.1757451267604227,19.219463348388672,23.631101608276367,0.0738809076842113,0.1169877663087312,101.97226383320496,80.33454494540966,32687.0,32687.0,10.301682767695276,11.69877663087312,38.24271352522697,0.1757451267604227,False,117.4949,-8.7366
5205,Kabupaten,52.05,Kabupaten Dompu,Bali-Nusa Tenggara,Nusa Tenggara Barat,52,36120.0,9064.0,3.62,70.78,11.59,1.62,0.32,469647.0,32.08,108.9,250943.0,110.0,2281.49,1256.2319364312214,2083.940060736735,0.1164046738559943,0.1931015731017294,10.97720718383789,14.166848182678224,0.0770517132616068,0.1439080882459813,103.76122333884682,82.88290532074753,11390.0,11390.0,8.304435910691812,14.39080882459813,50.58276785461126,0.1931015731017294,False,118.3317,-8.5233
5206,Kabupaten,52.06,Kabupaten Bima,Bali-Nusa Tenggara,Nusa Tenggara Barat,52,27153.0,14757.0,2.82,68.94,13.88,1.89,0.41,451386.0,72.92,111.0,543459.0,129.0,4208.85,1715.1470060326888,3052.310542365501,0.0861451215871788,0.1533056127953224,6.660272121429443,10.200947761535645,0.0615007593987286,0.112246833442222,98.44157750879764,80.06346607661186,21088.0,21088.0,5.616450444956291,11.2246833442222,57.614476045158995,0.1533056127953224,False,118.7606,-8.5646
5207,Kabupaten,52.07,Kabupaten Sumbawa Barat,Bali-Nusa Tenggara,Nusa Tenggara Barat,52,235091.0,36565.0,12.01,73.86,12.23,2.33,0.65,611142.0,21.13,97.37,155535.0,89.0,1753.09,3475.337857824972,6612.630615225961,0.4188040528991574,0.7968711576476477,41.55624771118164,58.15825653076172,0.1763330957840356,0.2805871500322298,100.53029793218695,77.33150744877729,8648.0,8648.0,42.51538634536253,28.05871500322298,64.3153364094676,0.7968711576476477,False,116.9395,-8.8088
5208,Kabupaten,52.08,Kabupaten Lombok Utara,Bali-Nusa Tenggara,Nusa Tenggara Barat,52,22874.0,5983.0,4.28,67.24,23.96,4.81,1.35,594789.0,56.43,100.83,261557.0,322.0,811.91,1276.2257500200872,1716.3490848653453,0.3324557062132848,0.4471074550160521,6.395152568817139,11.533791542053224,0.2882029645823333,0.3618588401148243,97.1263073481187,77.25345033660575,4052.0,4052.0,6.562046073572281,36.18588401148243,29.609152921831505,0.4471074550160521,False,116.2984,-8.3513
5271,Kota,52.71,Kota Mataram,Bali-Nusa Tenggara,Nusa Tenggara Barat,52,54382.0,24200.0,4.12,80.6,8.0,2.15,0.68,657667.0,43.74,102.96,445010.0,7365.0,60.2,3368.4905485302797,4140.952112265195,11.7975125310775,14.50291569212083,34.33612060546875,36.447696685791016,1.0,1.0,96.3841558049143,78.37841475641756,332.0,332.0,9.305301256747478,100.0,20.640564101251613,14.50291569212083,False,116.1155,-8.5875
5272,Kota,52.72,Kota Bima,Bali-Nusa Tenggara,Nusa Tenggara Barat,52,32479.0,5314.0,4.04,78.04,8.12,1.44,0.39,496096.0,15.81,110.99,163604.0,787.0,211.0,1105.8160162052689,1486.9939200365077,1.1078231310544735,1.4896928930427265,17.511417388916016,25.975032806396484,0.4113884763768082,0.5301762408756258,104.11025465745784,85.09351845304043,1107.0,1107.0,9.08898266568365,53.017624087562574,29.594141084846903,1.4896928930427265,False,118.7978,-8.4451
5301,Kabupaten,53.12,Kabupaten Sumba Barat,Bali-Nusa Tenggara,Nusa Tenggara Timur,53,19387.0,3005.0,3.75,66.06,26.52,5.25,1.43,441428.0,36.72,99.11,155013.0,205.0,710.06,213.91701487840396,594.2582766908056,0.0634897882200866,0.1763736847046939,6.407779216766357,12.646529197692873,0.0400081473506561,0.1036133500160037,113.4703907818546,90.28332993860384,3618.0,3618.0,3.8336028377671907,10.36133500160037,101.87434135232678,0.1763736847046939,False,119.4453,-9.5833
5302,Kabupaten,53.11,Kabupaten Sumba Timur,Bali-Nusa Tenggara,Nusa Tenggara Timur,53,30086.0,7800.0,3.69,67.68,27.04,6.44,2.18,460384.0,73.58,97.82,259261.0,37.0,6985.76,728.5539320316971,1422.9224027858063,0.0219666138415317,0.0429025025797272,8.871578216552734,22.63522148132324,0.011916612562411,0.0235629304717256,111.55964685282316,92.1369788506849,33792.0,33792.0,5.48837813163494,2.35629304717256,66.87373026987622,0.0429025025797272,False,120.1812,-9.8047
5303,Kabupaten,53.01,Kabupaten Kupang,Bali-Nusa Tenggara,Nusa Tenggara Timur,53,25954.0,9868.0,3.38,66.57,21.37,4.64,1.45,486458.0,90.34,82.56,380212.0,74.0,5110.09,2178.023042358778,3844.7830782094393,0.089753827340972,0.1584390935512686,15.684281349182127,31.741968154907227,0.0576644342242902,0.1097585629972637,113.95908268127748,93.7041356394992,25045.0,25045.0,10.112208657826264,10.97585629972637,56.810061300760054,0.1584390935512686,False,123.8749,-9.8654
5304,Kabupaten,53.02,Kabupaten Timor Tengah Selatan,Bali-Nusa Tenggara,Nusa Tenggara Timur,53,21283.0,10243.0,3.37,64.36,24.68,4.51,1.23,436707.0,117.41,86.09,481281.0,122.0,3954.1,1157.217609216886,1883.4829402599855,0.0616553050971016,0.1003499379909202,8.16066837310791,8.43510913848877,0.0340500358013453,0.0694495953204811,106.92388071957066,86.69480789606148,19181.0,19181.0,3.9134786959385175,6.94495953204811,48.677120137718966,0.1003499379909202,False,124.4383,-9.8194
5305,Kabupaten,53.03,Kabupaten Timor Tengah Utara,Bali-Nusa Tenggara,Nusa Tenggara Timur,53,18717.0,5156.0,3.27,65.83,20.89,3.9,0.94,499772.0,55.03,85.04,275439.0,105.0,2615.48,790.859789447574,1509.3587412893771,0.0637757276614555,0.12171620470823,6.555253982543945,8.197166442871094,0.0356758965303179,0.0928117873746545,102.96201271091952,84.92009488441913,12826.0,12826.0,5.479829440599832,9.28117873746545,64.57181359885018,0.12171620470823,False,124.611,-9.342
5306,Kabupaten,53.04,Kabupaten Belu,Bali-Nusa Tenggara,Nusa Tenggara Timur,53,25163.0,5931.0,3.97,64.43,13.86,2.26,0.51,476703.0,32.57,77.03,235709.0,209.0,1123.2,1043.444074267266,1386.3850359428163,0.1960827689786227,0.2605278264760787,10.420129776000977,12.293134689331056,0.1038468822795509,0.1665498622297193,105.56509618126871,82.21925113985652,5588.0,5588.0,5.881765379950771,16.654986222971928,28.393594871275507,0.2605278264760787,False,124.9143,-9.179
5307,Kabupaten,53.05,Kabupaten Alor,Bali-Nusa Tenggara,Nusa Tenggara Timur,53,17810.0,4008.0,4.24,63.82,19.87,2.25,0.49,446875.0,41.89,102.16,225020.0,77.0,2943.88,412.8251499816484,708.1128524911173,0.0296653783385594,0.0508845831618527,6.630871295928955,9.65827751159668,0.0165330222242887,0.0314315947579253,101.86515733691796,81.83217386035878,14659.0,14659.0,3.146888509870755,3.14315947579253,53.85711436474301,0.0508845831618527,False,124.7747,-8.2932
5308,Kabupaten,53.13,Kabupaten Lembata,Bali-Nusa Tenggara,Nusa Tenggara Timur,53,15730.0,2255.0,3.34,66.62,24.22,4.35,1.06,517948.0,37.72,93.55,143345.0,113.0,1259.22,367.0870857150531,768.6655687607969,0.0616331980211331,0.1290574336582235,4.186605453491211,15.182697296142578,0.0351519213789498,0.0752117325825547,99.5834759369204,79.41931117035455,6398.0,6398.0,5.362346567796553,7.5211732582554705,73.76365380785606,0.1290574336582235,False,123.5469,-8.3771
5309,Kabupaten,53.06,Kabupaten Flores Timur,Bali-Nusa Tenggara,Nusa Tenggara Timur,53,22034.0,6446.0,2.69,66.29,11.25,1.38,0.25,412744.0,29.74,93.66,292523.0,167.0,1748.27,640.8686547309744,1118.2400708531636,0.0775204991759898,0.1352641104401041,6.966998100280762,8.585559844970703,0.0421823939676686,0.0973683973346703,96.57832927835253,79.48717308941148,8871.0,8871.0,3.8227423855668223,9.736839733467031,55.602153071888424,0.1352641104401041,False,123.1623,-8.334
5310,Kabupaten,53.07,Kabupaten Sikka,Bali-Nusa Tenggara,Nusa Tenggara Timur,53,19850.0,6756.0,3.95,67.41,11.89,1.57,0.31,434074.0,38.73,89.38,340327.0,204.0,1694.86,873.2834174842225,1334.0729592248504,0.1088863964212011,0.1663404963206992,14.813870429992676,14.967052459716797,0.0589609287215409,0.096405907876941,97.38513222116494,78.89655445560048,8509.0,8509.0,3.919973905170176,9.6405907876941,42.3336621058712,0.1663404963206992,False,122.087,-8.5902
5311,Kabupaten,53.08,Kabupaten Ende,Bali-Nusa Tenggara,Nusa Tenggara Timur,53,28025.0,7885.0,3.88,69.11,22.57,4.44,1.18,528259.0,62.37,86.78,281371.0,135.0,2067.77,674.4810029351828,1067.822442891084,0.0689107098420601,0.109097813288566,10.400296211242676,12.95993709564209,0.0313557118399664,0.0620703664483466,97.96834900117274,78.52989430168232,10156.0,10156.0,3.7950692960222763,6.20703664483466,45.88877667389903,0.109097813288566,False,121.6791,-8.6916
5312,Kabupaten,53.09,Kabupaten Ngada,Bali-Nusa Tenggara,Nusa Tenggara Timur,53,25672.0,4469.0,3.67,69.52,11.87,2.14,0.55,489139.0,20.48,84.89,174088.0,100.0,1712.97,282.0365743761554,491.3356174589373,0.034796890345185,0.0606196258099491,6.747528076171875,9.6565580368042,0.0203011178460561,0.043785851970552,103.72239349884254,79.01133086772403,8405.0,8405.0,2.8223405258199143,4.3785851970552,55.35845058700018,0.0606196258099491,False,121.001,-8.6645
5313,Kabupaten,53.10,Kabupaten Manggarai,Bali-Nusa Tenggara,Nusa Tenggara Timur,53,17771.0,5944.0,3.93,67.28,19.01,2.88,0.66,454625.0,68.39,102.79,334464.0,249.0,1341.49,656.5425149626008,1123.153502696168,0.103437301753276,0.176951172431309,9.815299034118652,11.694704055786133,0.0570467746110868,0.1230206808690994,100.52107412256298,81.16193269403645,6683.0,6683.0,3.358069934869427,12.302068086909939,53.627616586253964,0.176951172431309,False,120.4408,-8.5416
5314,Kabupaten,53.14,Kabupaten Rote Ndao,Bali-Nusa Tenggara,Nusa Tenggara Timur,53,25604.0,3916.0,3.2,64.59,25.78,5.23,1.41,426843.0,52.89,108.37,152950.0,119.0,1285.99,500.3578685478253,943.7148453401588,0.0817991772591009,0.1542797720760659,3.570352554321289,5.421520233154297,0.0473890747019991,0.121926310302979,116.67674993957591,94.96670686384438,6660.0,6660.0,6.170087252959521,12.1926310302979,63.35629764282853,0.1542797720760659,False,123.206,-10.6887
5315,Kabupaten,53.15,Kabupaten Manggarai Barat,Bali-Nusa Tenggara,Nusa Tenggara Timur,53,16629.0,4594.0,4.93,66.65,16.74,3.55,0.96,458834.0,50.68,99.67,276284.0,88.0,3135.77,572.7042497349719,1358.0247806643156,0.0386149718008414,0.0915657403179109,8.640193939208984,19.519237518310547,0.0175029125248351,0.0493175199408135,99.56640397975436,82.55847048949987,16183.0,16183.0,4.915321845145994,4.93175199408135,86.24086292978932,0.0915657403179109,False,120.0619,-8.5782
5316,Kabupaten,53.17,Kabupaten Sumba Tengah,Bali-Nusa Tenggara,Nusa Tenggara Timur,53,16536.0,1527.0,3.71,64.31,30.84,7.59,2.36,381760.0,23.81,98.03,92354.0,52.0,1814.39,103.75100022028474,199.05965270902595,0.0120551150359229,0.0231292903906772,1.6072622537612915,2.6201746463775635,0.0088306497362424,0.0159958699169654,115.81616528351722,89.5926678267717,8916.0,8916.0,2.15539827954421,1.59958699169654,64.70294782224428,0.0231292903906772,False,119.6697,-9.5881
5317,Kabupaten,53.18,Kabupaten Sumba Barat Daya,Bali-Nusa Tenggara,Nusa Tenggara Timur,53,14995.0,4930.0,3.94,64.27,27.2,3.84,0.85,494229.0,102.05,96.6,328771.0,238.0,1405.75,366.5207876304201,785.4858519572837,0.0549838105861295,0.1178350771898192,4.210724353790283,5.512641429901123,0.0352318828302224,0.0941997524449589,106.582523837762,90.77668040926577,6884.0,6884.0,2.389157960882449,9.41997524449589,76.0794851691438,0.1178350771898192,False,119.1654,-9.5487
5318,Kabupaten,53.16,Kabupaten Nagekeo,Bali-Nusa Tenggara,Nusa Tenggara Timur,53,17050.0,2870.0,3.12,67.72,12.3,1.56,0.26,487814.0,18.68,86.04,168355.0,121.0,1412.49,409.6965693809238,635.3756556855695,0.0612722904493612,0.0950237923115796,5.726814270019531,5.780205726623535,0.037120210198498,0.0698992114623869,102.20843491852187,79.3768775787292,6952.0,6952.0,3.774023080309878,6.989921146238689,43.793437474118946,0.0950237923115796,False,121.2694,-8.6747
5319,Kabupaten,53.19,Kabupaten Manggarai Timur,Bali-Nusa Tenggara,Nusa Tenggara Timur,53,14414.0,4269.0,3.93,64.2,24.9,5.14,1.49,458116.0,74.59,93.7,296174.0,124.0,2401.35,244.4851039513653,563.0466566088152,0.0215169707904266,0.0495533603810451,2.9523658752441406,3.939655303955078,0.0138160846546237,0.0399838476989873,103.40634737110946,81.60709148138687,11703.0,11703.0,1.9010671315132834,3.9983847698987303,83.19007035357862,0.0495533603810451,False,120.6954,-8.5875
5320,Kabupaten,53.20,Kabupaten Sabu Raijua,Bali-Nusa Tenggara,Nusa Tenggara Timur,53,18279.0,1733.0,3.79,59.58,28.13,5.52,1.67,549947.0,30.98,115.55,94787.0,206.0,461.02,238.51055580979468,694.4291636283492,0.1087928215772899,0.3167528910415763,2.9040064811706543,4.462252140045166,0.0746718516902008,0.2899725603975344,116.81711880596592,96.52479581286688,2354.0,2354.0,7.326206796589714,28.997256039753438,106.59316663705152,0.3167528910415763,False,121.8866,-10.5227
5321,Kabupaten,53.21,Kabupaten Malaka,Bali-Nusa Tenggara,Nusa Tenggara Timur,53,19481.0,3770.0,3.1,62.73,13.92,1.99,0.37,474853.0,28.54,80.07,193510.0,174.0,1116.19,599.5708719485531,1024.3827128653434,0.1132380162104632,0.1934701495224029,4.880320072174072,7.911506175994873,0.0873941799921492,0.1614974410629774,102.81184961893692,81.62564417814063,5573.0,5573.0,5.2936939324342065,16.14974410629774,53.494054417035656,0.1934701495224029,False,124.8782,-9.5337
5371,Kota,53.71,Kota Kupang,Bali-Nusa Tenggara,Nusa Tenggara Timur,53,64813.0,30773.0,4.83,81.08,8.24,1.4,0.43,761108.0,40.38,84.59,474801.0,2980.0,155.47,5098.491081305107,7337.773850980106,6.899249246365226,9.929434003915915,31.81677627563477,40.871952056884766,0.8754955079254737,0.9368986908508145,116.7354107077471,92.43648211926153,831.0,831.0,15.454419537827649,93.68986908508144,36.403103162504635,9.929434003915915,False,123.592,-10.1992
6101,Kabupaten,61.01,Kabupaten Sambas,Kalimantan,Kalimantan Barat,61,43610.0,28561.0,4.74,69.31,6.53,0.85,0.19,528017.0,35.87,110.04,654912.0,110.0,5817.77,928.609685512267,1819.9690190776887,0.034098230674858,0.0668286411414847,10.317388534545898,17.101900100708008,0.0205510569573745,0.0364336773125357,24.40474279751095,22.08795783834393,27775.0,27775.0,2.7789520104650527,3.64336773125357,67.23592613919908,0.0668286411414847,False,109.4071,1.5293
6102,Kabupaten,61.07,Kabupaten Bengkayang,Kalimantan,Kalimantan Barat,61,40333.0,12238.0,4.75,70.3,6.0,0.64,0.13,440390.0,16.35,105.48,303422.0,55.0,5632.74,526.6332317820294,983.8465764420876,0.0199780441940634,0.0373226169526523,20.374454498291016,16.072322845458984,0.0103516046601337,0.0201728575013839,20.945480576850244,17.69390413768144,27086.0,27086.0,3.242502443600291,2.01728575013839,62.40844635250822,0.0373226169526523,False,109.6924,1.0325
6103,Kabupaten,61.08,Kabupaten Landak,Kalimantan,Kalimantan Barat,61,35713.0,14967.0,4.54,69.08,8.98,1.48,0.38,473797.0,35.38,109.12,419092.0,50.0,8252.76,278.17109678609705,645.755386525743,0.0072031161281789,0.0167215468942798,4.338217258453369,9.128300666809082,0.0046725958761046,0.0098009358799085,20.99865947454773,15.2348359722252,39345.0,39345.0,1.5408439830055047,0.98009358799085,84.01433056474401,0.0167215468942798,False,109.7169,0.5084
6104,Kabupaten,61.02,Kabupaten Mempawah,Kalimantan,Kalimantan Barat,61,39506.0,12513.0,6.62,68.56,4.83,0.49,0.09,471845.0,13.22,103.51,316728.0,164.0,2001.9,1779.747600262422,2579.297486639606,0.1900353736455778,0.2754085812754483,15.80356216430664,30.59044647216797,0.0984668557100768,0.1143769858351436,21.085873918206627,15.73743762991151,9726.0,9726.0,8.143572676364599,11.43769858351436,37.08714209094515,0.2754085812754483,False,109.0961,0.345
6105,Kabupaten,61.03,Kabupaten Sanggau,Kalimantan,Kalimantan Barat,61,51965.0,26524.0,4.14,68.43,4.67,0.45,0.08,440303.0,23.02,109.31,510412.0,41.0,12757.13,976.785416035208,1575.8293053789466,0.0163624568547421,0.0263972399632673,9.25214385986328,14.62679958343506,0.0108869206256195,0.015529404499999,18.08181278317141,16.411558222046455,60671.0,60671.0,3.087367274630978,1.5529404499999,47.78811060614565,0.0263972399632673,False,110.56,0.349
6106,Kabupaten,61.04,Kabupaten Ketapang,Kalimantan,Kalimantan Barat,61,65207.0,39117.0,4.89,69.42,8.5,1.49,0.41,570638.0,46.59,103.67,599890.0,20.0,29743.97,2545.8130319003963,4522.79399562478,0.0182823120751904,0.0324796559070505,53.003936767578125,33.502166748046875,0.0087852393627319,0.0163683248347274,22.001024423124843,22.64457062925169,140907.0,140907.0,7.53937221094664,1.63683248347274,57.45082352070119,0.0324796559070505,False,110.455,-1.6941
6107,Kabupaten,61.05,Kabupaten Sintang,Kalimantan,Kalimantan Barat,61,46169.0,20485.0,4.89,69.42,8.03,0.94,0.16,670853.0,35.18,110.81,443684.0,20.0,22400.5,677.0339795901494,1355.097619191338,0.006458826056047,0.0129274749498077,7.647384643554687,11.872429847717283,0.0032669802557684,0.0062437609622159,18.700865694024923,17.780285906975372,106314.0,106314.0,3.0541953714610806,0.62437609622159,69.31690523890674,0.0129274749498077,False,112.9712,0.1952
6108,Kabupaten,61.06,Kabupaten Kapuas Hulu,Kalimantan,Kalimantan Barat,61,53963.0,14342.0,4.75,68.58,7.4,0.78,0.11,572644.0,20.77,114.75,265772.0,8.0,31118.31,257.95552372956536,430.6373618711443,0.0017712663277919,0.0029569960260714,4.606345176696777,6.350555419921875,0.0011651874172899,0.0018911036751833,17.53219729961199,15.215998108600122,146926.0,146926.0,1.6203263017591931,0.18911036751833,51.09294717022941,0.0029569960260714,False,112.7951,0.8262
6109,Kabupaten,61.09,Kabupaten Sekadau,Kalimantan,Kalimantan Barat,61,42389.0,9432.0,4.86,67.25,5.66,0.55,0.1,414782.0,11.69,105.72,222510.0,37.0,5701.0,242.3766432773249,551.5845663761392,0.0090872358487446,0.0206801240309794,8.58509635925293,13.383931159973145,0.0059717002922775,0.0122811245251538,18.18974439576014,14.551767404802538,27224.0,27224.0,2.478920346843464,1.22811245251538,81.99962672856157,0.0206801240309794,True,110.945,0.037
6110,Kabupaten,61.10,Kabupaten Melawi,Kalimantan,Kalimantan Barat,61,29739.0,7234.0,4.76,68.66,10.62,1.72,0.49,666972.0,23.36,110.58,243250.0,24.0,10024.76,240.31104558706284,510.6713411808014,0.0051222505106593,0.0108850033578452,16.370786666870117,9.77066707611084,0.0031120024996326,0.0060534843143538,20.065668017290783,21.23151275753849,47613.0,47613.0,2.099368309068043,0.6053484314353801,75.1595760256646,0.0108850033578452,False,111.6466,-0.7368
6111,Kabupaten,61.11,Kabupaten Kayong Utara,Kalimantan,Kalimantan Barat,61,43166.0,5831.0,4.52,65.74,8.84,1.63,0.47,386071.0,10.56,106.78,135087.0,33.0,4619.25,189.44222567198324,384.8219371995506,0.0087653427888896,0.0178054083785898,4.951798439025879,14.25303554534912,0.0065172455338414,0.0121717063214995,20.054914117081744,18.39360784464572,22480.0,22480.0,2.8486970411627364,1.21717063214995,70.60270891837517,0.0178054083785898,False,110.1042,-1.065
6112,Kabupaten,61.12,Kabupaten Kubu Raya,Kalimantan,Kalimantan Barat,61,64206.0,41726.0,4.99,70.25,4.08,0.36,0.05,511815.0,24.72,103.68,649866.0,76.0,8597.86,6349.248353500167,7720.095456325307,0.1579012519921068,0.1919932360781466,24.428367614746094,37.965919494628906,0.0436421776402132,0.0483652932873515,23.290136462142662,18.70131533148361,41639.0,41639.0,11.879518941328376,4.83652932873515,19.546232953055842,0.1919932360781466,False,109.5246,-0.3309
6171,Kota,61.71,Kota Pontianak,Kalimantan,Kalimantan Barat,61,75420.0,51350.0,5.03,81.57,4.2,0.58,0.14,708333.0,28.56,102.16,680852.0,5760.0,108.43,7238.128445135843,8549.570137525543,14.287770382171209,16.876502802782234,54.63332748413086,71.2979736328125,0.992375098697961,0.9937297765942624,26.068469291387352,19.785093898530768,597.0,597.0,12.557163873390314,99.37297765942624,16.649714483178712,16.876502802782234,False,109.3214,-0.044
6172,Kota,61.72,Kota Singkawang,Kalimantan,Kalimantan Barat,61,56062.0,14015.0,5.06,73.87,4.53,0.47,0.1,614077.0,10.82,107.89,249998.0,454.0,450.97,1664.7607804488318,2393.669199930453,0.7889348318842786,1.134366588888866,34.27458190917969,28.672332763671875,0.2646329111571591,0.3231218116096899,20.53480398078369,15.951870057704634,2246.0,2246.0,9.574753397748994,32.31218116096899,36.296315594027284,1.134366588888866,False,109.0302,0.885
6201,Kabupaten,62.01,Kabupaten Kotawaringin Barat,Kalimantan,Kalimantan Tengah,62,110403.0,31221.0,4.1,74.44,4.11,0.43,0.1,536747.0,13.43,106.99,282790.0,30.0,8380.85,2754.267321220449,4869.7470994459645,0.0701647324955064,0.1240564050994113,17.543615341186523,22.677268981933597,0.0378781052176027,0.0607549806460559,27.689383732776736,25.420346127203175,40013.0,40013.0,17.220365286770978,6.075498064605591,56.9732864645446,0.1240564050994113,False,111.6498,-2.58
6202,Kabupaten,62.02,Kabupaten Kotawaringin Timur,Kalimantan,Kalimantan Tengah,62,84767.0,37991.0,4.0,72.66,5.66,0.96,0.24,572827.0,26.69,105.91,448184.0,29.0,15700.42,3225.9715886489425,5602.315236653534,0.0438806393799591,0.076204383032214,17.665197372436523,24.09246635437012,0.0210607907140765,0.0384011118254838,26.50984862665028,24.99538076496892,74316.0,74316.0,12.500033996424536,3.8401111825483802,55.1814320349818,0.076204383032214,False,112.7953,-2.2227
6203,Kabupaten,62.03,Kabupaten Kapuas,Kalimantan,Kalimantan Tengah,62,58507.0,25169.0,4.95,71.32,5.25,0.6,0.14,508022.0,19.47,102.29,430184.0,25.0,17298.48,1924.492196795812,4008.731419590291,0.0237620516434087,0.0494965285780093,22.19100952148437,28.37845802307129,0.0096287183593222,0.0211966218696448,31.060094112627286,24.2033650278182,82219.0,82219.0,9.318643695698333,2.11966218696448,73.35426397124296,0.0494965285780093,False,114.3229,-1.9083
6204,Kabupaten,62.04,Kabupaten Barito Selatan,Kalimantan,Kalimantan Tengah,62,65475.0,8899.0,4.7,72.36,4.83,0.21,0.03,542075.0,6.87,103.59,135909.0,22.0,6633.74,792.3525603240612,1414.786225846819,0.0255139156514512,0.045556407890356,21.832305908203125,34.29275894165039,0.0138707122584542,0.0250174133662928,36.8786119160461,29.569070199479647,31660.0,31660.0,10.40980528034802,2.50174133662928,57.917257900298935,0.045556407890356,False,114.7954,-1.9632
6205,Kabupaten,62.05,Kabupaten Barito Utara,Kalimantan,Kalimantan Tengah,62,86331.0,14039.0,5.08,72.31,5.67,0.89,0.22,628429.0,7.6,104.95,162622.0,16.0,9934.42,2444.6318489206774,4686.050736608811,0.0525778759762834,0.1007851528060429,31.92835235595703,35.45907211303711,0.0215884515447812,0.0464574266980726,41.28742725726717,27.81753313565002,47217.0,47217.0,28.81560143528435,4.645742669807261,65.05000293892218,0.1007851528060429,False,115.0871,-0.7427
6206,Kabupaten,62.08,Kabupaten Sukamara,Kalimantan,Kalimantan Tengah,62,95831.0,6498.0,3.89,69.85,4.14,0.27,0.04,676781.0,2.9,111.64,67806.0,21.0,3283.48,299.2014180087576,694.7037458597446,0.0194543053416556,0.0451701695930859,4.731260776519775,12.096837997436523,0.0137242262783847,0.0266105771192179,26.529272858751412,24.586267257276173,15830.0,15830.0,10.245461255047408,2.66105771192179,84.04702744832795,0.0451701695930859,False,111.2087,-2.5768
6207,Kabupaten,62.09,Kabupaten Lamandau,Kalimantan,Kalimantan Tengah,62,79717.0,8265.0,3.64,72.25,3.25,0.61,0.15,673768.0,2.79,111.64,103676.0,14.0,7320.31,305.1497686803341,727.6639394964658,0.0089035685029454,0.0212315603595194,4.0344719886779785,6.874402523040772,0.0070318257768619,0.0160921310488376,18.93942583549201,19.757088779503658,34772.0,34772.0,7.018634394618482,1.60921310488376,86.71382150283868,0.0212315603595194,False,111.4084,-1.8077
6208,Kabupaten,62.07,Kabupaten Seruyan,Kalimantan,Kalimantan Tengah,62,72331.0,12608.0,3.04,69.05,7.08,0.92,0.19,642281.0,16.06,108.01,174314.0,11.0,16608.96,909.0437484262036,1536.398886818278,0.0116868852907555,0.0197523139916818,6.014105319976807,7.036172389984131,0.0077857394039998,0.0134314945127799,28.465733253170903,26.4330552604082,78958.0,78958.0,8.813972984489357,1.34314945127799,52.435455929809294,0.0197523139916818,False,112.1575,-2.1383
6209,Kabupaten,62.06,Kabupaten Katingan,Kalimantan,Kalimantan Tengah,62,67940.0,11676.0,4.67,70.7,5.26,0.6,0.1,615575.0,9.55,102.48,171856.0,8.0,19401.8,484.3339863085279,862.3022948509338,0.0053319899802791,0.0094930096299044,11.268635749816896,8.711067199707031,0.0036088075263653,0.0060087070560171,25.01606364238774,21.616272474962607,92099.0,92099.0,5.017586205025916,0.60087070560171,57.5927627965533,0.0094930096299044,False,113.3786,-1.8829
6210,Kabupaten,62.11,Kabupaten Pulang Pisau,Kalimantan,Kalimantan Tengah,62,54908.0,7660.0,4.41,70.27,4.56,0.83,0.19,542349.0,5.91,102.2,139508.0,14.0,9740.57,624.2948879599571,964.5926731122474,0.0136822571549353,0.0211403380963369,21.64480400085449,13.678140640258787,0.0090295308459981,0.0164871016770209,38.4868804509368,28.779184224087714,46361.0,46361.0,6.914246302091976,1.6487101677020901,43.45187226426823,0.0211403380963369,False,114.0173,-2.4612
6211,Kabupaten,62.10,Kabupaten Gunung Mas,Kalimantan,Kalimantan Tengah,62,67075.0,9762.0,4.48,72.73,5.68,0.48,0.09,562332.0,6.86,112.63,145534.0,16.0,10102.43,394.4876307382304,712.1050739901907,0.0083425495632727,0.0150594629872267,15.821844100952148,22.0981502532959,0.0051600657025145,0.0085656095470669,22.58123072957624,16.313832011415506,47855.0,47855.0,4.893049555362944,0.85656095470669,58.95092666862887,0.0150594629872267,False,113.5196,-0.9903
6212,Kabupaten,62.13,Kabupaten Barito Timur,Kalimantan,Kalimantan Tengah,62,91909.0,10915.0,4.29,73.26,6.66,0.93,0.19,663119.0,8.74,102.86,118759.0,37.0,3292.74,658.9972449125614,1055.3010576444517,0.0427427881535769,0.0684471898681873,17.55276107788086,20.55111312866211,0.0238520736487937,0.0470232408602873,42.453196266893016,33.304652597822155,15767.0,15767.0,8.886072277843798,4.70232408602873,47.02928554645567,0.0684471898681873,False,115.1767,-2.0237
6213,Kabupaten,62.12,Kabupaten Murung Raya,Kalimantan,Kalimantan Tengah,62,100104.0,11857.0,5.05,70.03,6.58,1.04,0.35,646759.0,8.05,116.04,118443.0,5.0,23865.25,1448.6553083596275,2663.3596592011404,0.0129718878060631,0.0238488772912259,34.6052131652832,28.158641815185547,0.0055461303801353,0.0107477433159278,26.594488640914665,18.335048955995557,112784.0,112784.0,22.486425193562646,1.07477433159278,60.863794097280355,0.0238488772912259,False,114.1597,-0.0374
6271,Kota,62.71,Kota Palangka Raya,Kalimantan,Kalimantan Tengah,62,84603.0,26236.0,6.62,82.2,3.52,0.42,0.08,555618.0,10.7,101.91,310113.0,109.0,2602.28,3249.5496640503407,5154.448814185927,0.2666676849981937,0.4229893600110099,26.88860321044922,37.00151443481445,0.0689328918023924,0.0889327630761705,29.348238864377283,22.386405545525623,12532.0,12532.0,16.621195545449325,8.89327630761705,46.12300680953609,0.4229893600110099,False,113.7612,-2.0456
6301,Kabupaten,63.01,Kabupaten Tanah Laut,Kalimantan,Kalimantan Selatan,63,58233.0,21254.0,5.01,71.43,3.74,0.76,0.21,670062.0,13.4,101.31,364982.0,95.0,3842.12,3779.609263562046,6465.690828363335,0.209790943166075,0.3588845519508071,20.490562438964844,45.8785514831543,0.1356080920328448,0.217272418378446,49.745176801805975,36.85083995795479,18421.0,18421.0,17.715095068697455,21.7272418378446,53.67793362592579,0.3588845519508071,False,114.9866,-3.8357
6302,Kabupaten,63.02,Kabupaten Kotabaru,Kalimantan,Kalimantan Selatan,63,108024.0,37126.0,5.34,70.61,4.45,0.45,0.08,592230.0,15.98,97.22,343684.0,36.0,9173.91,2332.880791759608,4155.716274554353,0.0543019951774766,0.0967317686771306,23.76552391052246,25.154239654541016,0.0293433706537997,0.0582334370748278,49.18334640941724,36.532802074647485,44704.0,44704.0,12.091678037250361,5.82334370748278,57.7192947581664,0.0967317686771306,False,115.8558,-2.7939
6303,Kabupaten,63.03,Kabupaten Banjar,Kalimantan,Kalimantan Selatan,63,40027.0,24042.0,4.76,71.87,2.36,0.33,0.07,589165.0,14.46,101.45,600639.0,131.0,4725.11,3477.879552130313,6015.693293411943,0.1570497457043055,0.2716491723776759,21.990928649902344,30.30696678161621,0.0830376008766431,0.1227271986734186,43.92268526487361,38.3505538165778,22766.0,22766.0,10.015488993242103,12.27271986734186,54.78275474338332,0.2716491723776759,False,115.0446,-3.2809
6304,Kabupaten,63.04,Kabupaten Barito Kuala,Kalimantan,Kalimantan Selatan,63,34292.0,11350.0,5.02,68.84,4.36,0.69,0.16,437579.0,14.04,110.05,330990.0,136.0,2379.75,1830.5263163141176,2584.370180797109,0.1641508250581475,0.2317511054895548,47.20728302001953,31.037845611572266,0.0845145113815791,0.125211085830435,39.55235385756935,33.3293033903848,11558.0,11558.0,7.808000787930478,12.5211085830435,34.471902925552115,0.2317511054895548,False,114.6789,-3.034
6305,Kabupaten,63.05,Kabupaten Tapin,Kalimantan,Kalimantan Selatan,63,72445.0,14407.0,4.89,72.51,3.33,0.23,0.03,561101.0,6.55,99.21,198870.0,92.0,2191.43,2411.50409072509,5730.943509865509,0.2349622407866309,0.5583881586925767,20.70087432861328,45.07683181762695,0.1304639878585902,0.204956596064664,42.33266415987719,37.016712779009545,10641.0,10641.0,28.817536631294363,20.495659606466397,86.53894048281057,0.5583881586925767,False,115.0008,-2.8572
6306,Kabupaten,63.06,Kabupaten Hulu Sungai Selatan,Kalimantan,Kalimantan Selatan,63,41467.0,9901.0,5.15,71.21,3.38,0.34,0.05,583549.0,8.14,93.27,238778.0,141.0,1697.04,1100.031706103624,1795.3925205083456,0.1383409940914188,0.2257902064943075,16.732675552368164,21.42096519470215,0.0788851368845914,0.1185165932896934,42.50002934421353,35.151041325036736,8258.0,8258.0,7.519086852676317,11.85165932896934,48.95328437455593,0.2257902064943075,False,115.1688,-2.7201
6307,Kabupaten,63.07,Kabupaten Hulu Sungai Tengah,Kalimantan,Kalimantan Selatan,63,34850.0,9366.0,4.95,70.69,5.81,0.75,0.14,513950.0,16.03,99.41,268754.0,183.0,1663.07,520.4867559559789,971.7284648942012,0.0668003047839222,0.1247135626014575,10.79040241241455,12.150465965270996,0.0464552697975065,0.0883778025737853,42.12187657124566,39.08296932022536,8066.0,8066.0,3.6156800080899307,8.83778025737853,62.34210951822705,0.1247135626014575,False,115.4919,-2.613
6308,Kabupaten,63.08,Kabupaten Hulu Sungai Utara,Kalimantan,Kalimantan Selatan,63,27887.0,6612.0,4.43,68.28,5.75,0.54,0.08,597894.0,13.93,102.82,237111.0,252.0,890.52,543.5129484216372,820.3040474479105,0.1303162868770698,0.1966815655157402,13.225652694702148,16.557321548461914,0.0885933124846032,0.1223769056748539,39.77414356287624,34.7978447327495,4363.0,4363.0,3.459578203659512,12.23769056748539,41.10016563543013,0.1966815655157402,False,115.1696,-2.431
6309,Kabupaten,63.09,Kabupaten Tabalong,Kalimantan,Kalimantan Selatan,63,122313.0,32643.0,4.87,74.41,5.64,0.95,0.2,637132.0,14.97,100.89,266885.0,77.0,3159.35,7301.078123712714,7144.196141419924,0.4936389036462482,0.4830318332343675,510.6626892089844,42.90296173095703,0.1143922416673118,0.1439815438394795,45.440612461991584,37.35937147026726,15286.0,15286.0,26.76881856012861,14.39815438394795,-2.1718719555083865,0.4830318332343675,False,115.5422,-1.8369
6310,Kabupaten,63.10,Kabupaten Tanah Bumbu,Kalimantan,Kalimantan Selatan,63,104302.0,35709.0,4.82,72.95,3.41,0.54,0.14,643652.0,14.68,98.82,342363.0,70.0,4705.36,5761.512489717263,11602.463943034172,0.2612040294790612,0.5260095051802561,24.537282943725582,39.51855850219727,0.143494894897778,0.240910261887504,47.964537278384654,40.50169796718632,22536.0,22536.0,33.88936287809773,24.0910261887504,69.99300935809174,0.5260095051802561,False,115.7125,-3.4614
6311,Kabupaten,63.11,Kabupaten Balangan,Kalimantan,Kalimantan Selatan,63,157579.0,21764.0,4.15,71.34,4.87,0.85,0.2,528104.0,6.68,106.76,138116.0,76.0,1902.37,2053.697551922705,3677.045194463286,0.2305575834930894,0.4128020962174473,21.531198501586918,38.67110824584961,0.0950819729869302,0.1573254428179037,45.722094426435625,40.14632527067883,9203.0,9203.0,26.622876382629716,15.73254428179037,58.22527534522335,0.4128020962174473,False,115.6449,-2.2682
6371,Kota,63.71,Kota Banjarmasin,Kalimantan,Kalimantan Selatan,63,68285.0,45666.0,5.63,79.05,4.58,0.49,0.08,743872.0,33.38,100.0,668762.0,6798.0,97.89,4918.0256446532185,6012.913285642046,10.727484191322622,13.115716931172509,68.6254653930664,56.70796203613281,0.9578118985501048,0.978469697617724,39.789743809075766,34.98463709849878,529.0,529.0,8.991110867008063,97.8469697617724,20.09651945260078,13.115716931172509,False,114.5997,-3.326
6372,Kota,63.72,Kota Banjarbaru,Kalimantan,Kalimantan Selatan,63,53088.0,14518.0,6.71,80.51,3.79,0.45,0.07,781405.0,11.07,98.84,273466.0,896.0,323.4,4443.605024988745,6969.603130824425,2.928653016665799,4.5934661427528765,25.529787063598636,37.02696990966797,0.6731522739255849,0.7763809484425245,43.77462084009641,35.18863140591565,1636.0,1636.0,25.486177919099358,77.63809484425245,45.001074668071794,4.5934661427528765,False,114.8121,-3.4826
6401,Kabupaten,64.01,Kabupaten Paser,Kalimantan,Kalimantan Timur,64,193140.0,55429.0,3.77,74.7,8.63,0.86,0.17,634259.0,25.28,114.87,286991.0,27.0,10620.69,4605.166427691837,6496.918641403727,0.092627257381116,0.1306775259115008,27.562753677368164,39.75954818725586,0.039031756250768,0.0555038294251358,50.19227344125776,40.93130500820244,50599.0,50599.0,22.638057086820584,5.55038294251358,34.40859830599425,0.1306775259115008,False,116.0183,-1.6889
6402,Kabupaten,64.07,Kabupaten Kutai Barat,Kalimantan,Kalimantan Timur,64,222075.0,39694.0,7.57,74.5,9.56,1.18,0.24,716440.0,14.49,126.5,178743.0,13.0,13661.47,2992.2022264028296,5076.97529676767,0.046803266814369,0.0794127573757736,12.248844146728516,20.043880462646484,0.0260750357245207,0.0459356978255151,51.96998508452187,35.91659588009912,64603.0,64603.0,28.403771318416222,4.59356978255151,52.85688254703267,0.0794127573757736,False,115.7887,-0.469
6403,Kabupaten,64.02,Kabupaten Kutai Kartanegara,Kalimantan,Kalimantan Timur,64,259191.0,204700.0,5.62,75.91,7.28,0.65,0.1,682490.0,59.0,112.34,789767.0,29.0,25219.42,30408.586265688304,37488.87553381418,0.2577892831146507,0.317812550185571,527.54931640625,523.7044067382812,0.0811693919110868,0.1171467738978278,57.46164367736058,33.59725734065651,120777.0,120777.0,47.46827296381613,11.714677389782779,20.931301436788097,0.317812550185571,False,116.2053,0.1918
6404,Kabupaten,64.08,Kabupaten Kutai Timur,Kalimantan,Kalimantan Timur,64,344492.0,159497.0,9.82,75.53,8.81,1.14,0.24,753332.0,37.11,123.01,462993.0,15.0,31454.7,15461.62457752479,24191.52155085721,0.1050272952842582,0.164327497706203,111.24880981445312,104.6728973388672,0.039462437580749,0.0591196817487611,67.60477407758744,36.80297761040976,149019.0,149019.0,52.250296550611374,5.91196817487611,44.761776414197385,0.164327497706203,False,117.0133,0.9343
6405,Kabupaten,64.03,Kabupaten Berau,Kalimantan,Kalimantan Timur,64,194080.0,50817.0,7.28,76.66,5.08,0.41,0.07,731250.0,12.35,115.92,261833.0,12.0,22530.61,6491.137951345304,9659.0016478431,0.0615537389211649,0.0915937498366084,31.506223678588867,24.31462860107422,0.0286074024011846,0.0422007724003482,69.79131773456949,40.20353883014369,107543.0,107543.0,36.889932315037065,4.220077240034819,39.740191994495966,0.0915937498366084,False,117.1197,1.821
6409,Kabupaten,64.09,Kabupaten Penajam Paser Utara,Kalimantan,Kalimantan Timur,64,87144.0,23327.0,30.68,73.9,6.69,0.72,0.12,617673.0,10.78,117.84,267686.0,84.0,3233.73,2304.820943165994,6201.741425043229,0.1523129026475331,0.4098388817225148,143.27601623535156,92.5993194580078,0.080007836842333,0.1589821641865116,54.62759967937361,39.833212092061096,15495.0,15495.0,23.167970775622294,15.89821641865116,98.95545890590051,0.4098388817225148,False,116.571,-1.2057
6411,Kabupaten,64.11,Kabupaten Mahakam Ulu,Kalimantan,Kalimantan Timur,64,110202.0,3774.0,3.6,70.35,10.75,1.64,0.43,792742.0,2.9,137.82,34246.0,2.0,18120.1,20.76965472102165,82.59338828407081,0.00024492735963933267,0.0009739873285235136,2.007906913757324,3.704590797424317,0.00022405860355671872,0.0008558159994676236,31.88953392897003,18.62786312326965,86010.0,86010.0,2.4117674555881217,0.08558159994676236,134.54474146426406,0.0009739873285235136,False,115.2816,0.6636
6471,Kota,64.71,Kota Balikpapan,Kalimantan,Kalimantan Timur,64,214111.0,153567.0,3.23,82.24,2.23,0.13,0.01,782248.0,14.53,111.89,717231.0,1407.0,542.23,8992.20084325718,14446.166055487878,3.543256279909047,5.6923182087395885,111.6622085571289,360.8105163574219,0.5572403839616281,0.6599927682693909,54.04996229610536,30.043356388337727,2673.0,2673.0,20.14158068389107,65.9992768269391,47.40294446259803,5.6923182087395885,False,116.8903,-1.1645
6472,Kota,64.72,Kota Samarinda,Kalimantan,Kalimantan Timur,64,114692.0,98415.0,8.66,82.81,4.3,0.54,0.11,877945.0,37.8,107.21,858079.0,1197.0,724.46,10297.820641532366,16701.01986075593,3.039618041303976,4.929656773413728,95.20106506347656,205.6329498291016,0.7307658472102287,0.8023060379254224,62.22027859512496,38.330507022754766,3564.0,3564.0,19.46326604048803,80.23060379254224,48.350027399697204,4.929656773413728,False,117.1552,-0.4987
6474,Kota,64.74,Kota Bontang,Kalimantan,Kalimantan Timur,64,363369.0,68418.0,-2.51,82.42,3.74,0.31,0.04,801945.0,7.11,118.4,188289.0,1171.0,165.59,7774.926565321516,8336.761273283817,10.049452691066156,10.77565007318029,351.1356506347656,781.6409912109375,0.7130699242213047,0.72128139493626,62.18105279164662,32.504919279215336,930.0,930.0,44.27641165062121,72.128139493626,6.976212452278929,10.77565007318029,False,117.4582,0.1114
6501,Kabupaten,65.02,Kabupaten Malinau,Kalimantan,Kalimantan Utara,65,210433.0,18207.0,3.55,73.9,6.94,0.57,0.06,791037.0,6.45,103.83,86523.0,2.0,39912.86,883.3274292647839,1134.446280568838,0.0047248472718312,0.0060680617811745,6.939013957977295,15.47560977935791,0.0036051717129002,0.0035463335988914,47.98848727943047,25.145237552854667,188612.0,188612.0,13.111499607836505,0.35463335988914,24.9953662217977,0.0060680617811745,False,115.7533,2.584
6502,Kabupaten,65.01,Kabupaten Bulungan,Kalimantan,Kalimantan Utara,65,160710.0,25752.0,3.92,73.34,8.76,1.4,0.35,572546.0,11.95,109.68,160241.0,12.0,12711.14,3068.9798091006046,4173.424105280637,0.0515662717761375,0.0701236029679367,230.0799865722656,134.32095336914062,0.0169639156611025,0.0275503594728391,68.54556353651967,40.80574293359629,61555.0,61555.0,26.044670872502277,2.7550359472839103,30.73054251961569,0.0701236029679367,False,117.0703,2.7584
6503,Kabupaten,65.04,Kabupaten Tana Tidung,Kalimantan,Kalimantan Utara,65,330149.0,9297.0,3.57,70.08,4.47,0.48,0.07,518696.0,1.5,105.9,28161.0,6.0,2917.79,500.952154020819,1096.342319551753,0.0366745884248499,0.0802629612819967,15.81985855102539,40.58526611328125,0.0175490979121723,0.0324566153203055,63.88704968100635,40.15237650374284,14694.0,14694.0,38.93122827853247,3.24566153203055,78.21416578033835,0.0802629612819967,False,116.9695,3.5147
6504,Kabupaten,65.03,Kabupaten Nunukan,Kalimantan,Kalimantan Utara,65,192206.0,40543.0,4.03,68.52,5.73,0.82,0.23,597431.0,12.61,107.83,210937.0,15.0,14184.36,2137.481988308125,1878.2407870712236,0.0321329070988713,0.0282357170962839,81.1642837524414,20.16740608215332,0.0132461352641056,0.0164484730178284,58.96970595559355,39.226315729279385,68234.0,68234.0,8.904273726616115,1.64484730178284,-12.922836745360033,0.0282357170962839,False,116.9895,3.9027
6571,Kota,65.71,Kota Tarakan,Kalimantan,Kalimantan Utara,65,221387.0,56214.0,5.71,77.96,5.56,0.5,0.08,854967.0,15.32,110.5,253916.0,1011.0,250.98,2556.924512885481,3798.431315466468,2.1753291299754385,3.2315534725820068,194.98545837402344,118.34294891357422,0.5205049844527784,0.5835713237158533,66.74970306807418,35.75642574032803,1267.0,1267.0,14.959401201446415,58.35713237158533,39.56552091962182,3.2315534725820068,False,117.5976,3.345
7101,Kabupaten,71.01,Kabupaten Bolaang Mongondow,Sulawesi,Sulawesi Utara,71,44762.0,11516.0,5.33,70.29,7.74,0.79,0.15,415628.0,20.19,95.66,257266.0,79.0,3237.57,1531.5420164555896,1855.794595157984,0.1010796634940331,0.1224798870531371,14.571038246154783,7.818008899688721,0.0878351080060987,0.10397293590602,78.53184381775374,44.011331575268095,15592.0,15592.0,7.2135245044350365,10.397293590602,19.192385974776638,0.1224798870531371,False,123.9893,0.7179
7102,Kabupaten,71.02,Kabupaten Minahasa,Sulawesi,Sulawesi Utara,71,68017.0,24047.0,5.49,77.74,6.53,1.38,0.41,352693.0,22.78,99.4,353539.0,313.0,1110.67,2442.2644276471706,2738.6688444628426,0.4698909048896897,0.5269190211141865,14.815892219543455,17.1673526763916,0.2992705411184534,0.326823684929295,70.90795976356712,43.45534591954226,5587.0,5587.0,7.746440546765259,32.6823684929295,11.450202808664578,0.5269190211141865,False,124.8173,1.2387
7103,Kabupaten,71.03,Kabupaten Kepulauan Sangihe,Sulawesi,Sulawesi Utara,71,43187.0,6169.0,5.32,72.71,10.84,0.92,0.13,328431.0,14.38,107.88,142846.0,239.0,599.75,222.3380522466173,300.5683068908313,0.0791215431867706,0.1069606755745934,5.231827735900879,5.021903991699219,0.0565373145159377,0.076789320248796,72.80857444691453,52.76999487838612,3272.0,3272.0,2.104142271332983,7.6789320248796,30.03099944028138,0.1069606755745934,False,125.5515,3.5514
7104,Kabupaten,71.04,Kabupaten Kepulauan Talaud,Sulawesi,Sulawesi Utara,71,31516.0,3098.0,4.79,71.77,8.17,1.33,0.28,364581.0,7.74,119.96,98297.0,97.0,1013.35,169.41347150457844,247.844503930328,0.0356445116533833,0.0521463625655816,3.03725266456604,3.826825857162476,0.0243106321886499,0.0365963134705193,68.47880245548626,43.64411046386911,5247.0,5247.0,2.5213842124411525,3.6596313470519304,37.8600549791213,0.0521463625655816,False,126.8512,4.2668
7105,Kabupaten,71.05,Kabupaten Minahasa Selatan,Sulawesi,Sulawesi Utara,71,52242.0,12604.0,5.58,74.17,8.97,0.79,0.11,435428.0,19.13,98.06,241261.0,166.0,1485.22,1216.501459751877,1155.4641536580582,0.1750289717149349,0.1662469872493923,9.146925926208496,7.694486618041992,0.1248384182792866,0.1281589191135024,78.3479828451135,46.38829547435768,7296.0,7296.0,4.789270348950134,12.815891911350242,-5.143356827969203,0.1662469872493923,False,124.4349,1.0745
7106,Kabupaten,71.06,Kabupaten Minahasa Utara,Sulawesi,Sulawesi Utara,71,87299.0,20382.0,5.21,75.89,6.95,0.73,0.11,427412.0,14.32,104.99,233471.0,235.0,1015.4,3291.9400247425424,3777.0365240377537,0.6930119700497964,0.7951334176199495,21.87993621826172,24.86498641967773,0.3562349180507869,0.3856859454189263,67.52489022115927,42.55302448033063,5190.0,5190.0,16.177754513570225,38.56859454189263,13.742364631715809,0.7951334176199495,False,125.0055,1.5187
7107,Kabupaten,71.08,Kabupaten Bolaang Mongondow Utara,Sulawesi,Sulawesi Utara,71,40645.0,3544.0,5.12,69.32,7.88,0.99,0.22,334448.0,6.6,91.43,87197.0,53.0,1675.27,609.0886607936201,793.2476780869213,0.0777084599570991,0.101203748151151,9.342107772827148,9.480026245117188,0.0574982413762393,0.0677978228087747,69.9400962214855,40.93768868306846,8142.0,8142.0,9.097190019002044,6.77978228087747,26.37910575730178,0.101203748151151,False,123.492,0.7563
7108,Kabupaten,71.09,Kabupaten Siau Tagulandang Biaro,Sulawesi,Sulawesi Utara,71,45866.0,3391.0,4.93,70.31,8.32,1.06,0.19,388056.0,5.63,111.92,73922.0,340.0,220.01,96.46823755537764,124.7524215877056,0.0937605791062085,0.1212508861919505,2.528107166290283,3.751376390457153,0.0848935067311063,0.1139676175084996,63.55152764861033,42.74532710280374,1269.0,1269.0,1.6876223801805363,11.39676175084996,25.478850968625455,0.1212508861919505,False,125.4182,2.3553
7109,Kabupaten,71.07,Kabupaten Minahasa Tenggara,Sulawesi,Sulawesi Utara,71,61067.0,7355.0,5.37,72.66,11.72,1.53,0.3,402654.0,12.59,97.07,120438.0,160.0,703.53,826.8825951171857,1080.4557419806133,0.2511814976596456,0.3282092198194022,6.977611064910889,10.707527160644531,0.1526684638687337,0.197267744590823,73.46717445765282,41.96448520643805,3505.0,3505.0,8.971053504546848,19.7267744590823,26.719197075050705,0.3282092198194022,False,124.7304,0.9857
7110,Kabupaten,71.11,Kabupaten Bolaang Mongondow Selatan,Sulawesi,Sulawesi Utara,71,40801.0,2974.0,5.28,67.14,11.33,1.34,0.24,419865.0,7.88,92.21,72900.0,41.0,1800.09,568.3932796814863,559.7008092671049,0.0674717985843608,0.0664399485714114,23.96297836303711,13.082443237304688,0.0321744971629221,0.0412278223094079,73.36122618369855,34.8686658029822,8882.0,8882.0,7.67765170462421,4.12278223094079,-1.5383925873898363,0.0664399485714114,False,124.2032,0.4547
7111,Kabupaten,71.10,Kabupaten Bolaang Mongondow Timur,Sulawesi,Sulawesi Utara,71,45221.0,4170.0,5.14,68.53,5.87,0.54,0.07,433873.0,4.41,97.49,92219.0,107.0,878.83,460.1847467868936,620.3173473583718,0.1118987598152531,0.1508366853659182,3.653517246246338,8.045825958251953,0.0818373399193279,0.1024935872374105,80.43215440215889,37.92838875168066,4379.0,4379.0,6.72656770685403,10.24935872374105,29.804326277982884,0.1508366853659182,False,124.4889,0.7092
7171,Kota,71.71,Kota Manado,Sulawesi,Sulawesi Utara,71,115143.0,53015.0,5.53,80.63,5.43,1.0,0.3,540888.0,23.59,104.66,460427.0,2836.0,160.93,3979.122141832815,5554.013000650734,5.2839459780626346,7.375271130375134,25.96465301513672,41.64006423950195,0.847534239441754,0.8825235640264543,68.34775816278706,41.59305316877571,890.0,890.0,12.062743932590257,88.25235640264543,33.33882557118528,7.375271130375134,False,124.8827,1.5018
7172,Kota,71.72,Kota Bitung,Sulawesi,Sulawesi Utara,71,105343.0,24752.0,5.11,75.71,6.27,1.11,0.25,518405.0,14.5,97.34,234966.0,713.0,311.0,1685.5370652921054,2325.670024285013,1.1573903475830571,1.5969438425278726,33.268428802490234,42.32062530517578,0.3699022250466526,0.4263752716344924,61.52384863327794,40.24066479428484,1659.0,1659.0,9.89790022507517,42.63752716344924,32.176071828817676,1.5969438425278726,False,125.1564,1.4994
7173,Kota,71.73,Kota Tomohon,Sulawesi,Sulawesi Utara,71,56563.0,5880.0,4.74,78.89,5.38,0.8,0.22,530321.0,6.07,99.69,103954.0,615.0,150.38,878.8228456872349,1092.7089570415956,1.2487661425870535,1.5526882988437722,12.13533878326416,15.350746154785156,0.645263210685568,0.67978958747778,76.14266370216819,45.76270638648812,778.0,778.0,10.511466196987087,67.978958747778,21.76093364899261,1.5526882988437722,False,124.811,1.3245
7174,Kota,71.74,Kota Kotamobagu,Sulawesi,Sulawesi Utara,71,40400.0,5215.0,5.29,75.27,5.12,0.5,0.08,452245.0,7.05,97.72,129074.0,1185.0,106.75,706.1939367330541,924.8773877494472,1.4130971928413385,1.8506837461636356,15.301527976989746,19.02686882019043,0.5825433943312722,0.6061630936313129,81.53239273046866,49.82478263598983,564.0,564.0,7.165481721721239,60.61630936313129,26.94368775787659,1.8506837461636356,False,124.3044,0.7206
7201,Kabupaten,72.07,Kabupaten Banggai Kepulauan,Sulawesi,Sulawesi Tengah,72,43165.0,5377.0,4.03,67.43,12.32,1.26,0.22,453552.0,14.86,94.27,124576.0,52.0,2364.98,220.61924395169683,303.7422691561428,0.019933036963122,0.0274432355487427,7.771730899810791,5.942816257476807,0.0129229417381645,0.0202888023965886,67.83891303153936,25.35361941931265,11702.0,11702.0,2.438208556673379,2.02888023965886,31.85056081773423,0.0274432355487427,False,123.3507,-1.4006
7202,Kabupaten,72.01,Kabupaten Banggai,Sulawesi,Sulawesi Tengah,72,107883.0,40737.0,3.63,72.32,6.56,0.86,0.17,515334.0,26.21,97.81,377603.0,46.0,8319.51,7066.508248347161,8095.635751173778,0.181497734685108,0.2079300692838629,653.9617919921875,479.4218444824219,0.0323728913257447,0.0555246449635364,63.71565284849048,33.599932959156234,39912.0,39912.0,21.439542988730963,5.5524644963536405,13.594065837360958,0.2079300692838629,False,122.3121,-1.0883
7203,Kabupaten,72.06,Kabupaten Morowali,Sulawesi,Sulawesi Tengah,72,1003185.0,173865.0,16.26,73.54,11.55,1.79,0.43,590027.0,14.99,104.11,173313.0,39.0,4135.37,3945.1783142434015,18480.683578662414,0.2036957823139913,0.9541868578315222,352.2524108886719,628.59619140625,0.0386410730621251,0.1049621388674826,47.09027609328351,23.39598585740211,20287.0,20287.0,106.63183707317059,10.49621388674826,154.40325696189134,0.9541868578315222,False,121.8836,-2.7116
7204,Kabupaten,72.02,Kabupaten Poso,Sulawesi,Sulawesi Tengah,72,50139.0,12738.0,3.78,72.87,14.23,1.97,0.45,620267.0,39.63,92.44,254060.0,34.0,7313.17,734.9697749759637,1375.8167411575132,0.0214683663621132,0.0401874183836528,13.21269416809082,17.633344650268555,0.0114102888362882,0.0225099221895071,39.55707595755658,22.28180736427608,34854.0,34854.0,5.415322133187094,2.25099221895071,62.634035301596036,0.0401874183836528,False,120.505,-1.667
7205,Kabupaten,72.03,Kabupaten Donggala,Sulawesi,Sulawesi Tengah,72,53143.0,16527.0,3.77,67.45,15.3,3.0,0.75,438396.0,47.68,86.67,310998.0,61.0,4906.16,1050.8375709412144,1597.0454607014562,0.0457611993710753,0.0695471096131169,7.019214630126953,43.38632583618164,0.033498335124752,0.0448367008248723,45.06979599685368,20.428568159470093,24222.0,24222.0,5.1352274313708,4.48367008248723,41.824259328988674,0.0695471096131169,False,119.6768,-1.0462
7206,Kabupaten,72.04,Kabupaten Toli-toli,Sulawesi,Sulawesi Tengah,72,47349.0,11075.0,3.32,68.37,12.45,1.73,0.42,441975.0,30.39,92.06,233898.0,63.0,3589.91,635.9415584641927,1003.3227890097628,0.0378522063011973,0.0597192944710321,10.64814567565918,14.861007690429688,0.0255263277674879,0.0417633307774093,61.6558006052521,35.17832786552338,17560.0,17560.0,4.289574040862952,4.17633307774093,45.539084516926565,0.0597192944710321,False,120.8761,0.972
7207,Kabupaten,72.05,Kabupaten Buol,Sulawesi,Sulawesi Tengah,72,51137.0,7791.0,3.31,70.28,13.08,2.2,0.47,477640.0,23.05,90.82,152355.0,41.0,3864.73,328.490429791516,513.4162038097195,0.0181614072585816,0.0283854868358301,5.674051761627197,9.437955856323242,0.0135786044833591,0.0208930293548319,59.92823446920556,39.94391182969891,18722.0,18722.0,3.36986776810554,2.08930293548319,44.54853639530194,0.0283854868358301,False,121.4379,0.9911
7208,Kabupaten,72.08,Kabupaten Parigi Moutong,Sulawesi,Sulawesi Tengah,72,51059.0,23476.0,3.58,67.49,14.2,3.36,1.08,553012.0,74.57,86.43,459781.0,79.0,5781.75,1166.4007990961563,1887.6770828914991,0.0431160331759666,0.0697780280968002,5.711048603057861,8.153907775878906,0.0370541746340788,0.055150800626173,48.24363980527116,22.704749048802977,28192.0,28192.0,4.105600455198235,5.5150800626173,48.109688954919605,0.0697780280968002,False,119.9626,-0.2479
7209,Kabupaten,72.09,Kabupaten Tojo Una-una,Sulawesi,Sulawesi Tengah,72,43054.0,7354.0,3.69,66.97,16.36,2.04,0.4,622000.0,26.12,87.91,170815.0,31.0,5447.01,498.1303990345373,660.9843863618726,0.0195469344866386,0.0259374222531854,7.272942066192627,9.623339653015137,0.015283366356989,0.0183061234413788,51.82859907065944,31.864391265997064,26889.0,26889.0,3.8695921690827655,1.8306123441378799,28.237458777907687,0.0259374222531854,False,121.6516,-1.2097
7210,Kabupaten,72.10,Kabupaten Sigi,Sulawesi,Sulawesi Tengah,72,46534.0,12562.0,3.5,70.51,12.06,2.52,0.7,463011.0,29.8,79.28,269963.0,52.0,5427.92,1758.1297567473905,2443.3772430436284,0.0692056865174081,0.0961792489302267,14.326422691345217,18.483869552612305,0.0328686155330438,0.0379487891944042,38.98859515677758,22.205210921369986,26018.0,26018.0,9.050785637452645,3.7948789194404196,32.89711537893885,0.0961792489302267,False,119.9194,-1.4823
7211,Kabupaten,72.11,Kabupaten Banggai Laut,Sulawesi,Sulawesi Tengah,72,43549.0,3223.0,3.52,67.43,13.78,1.76,0.35,443877.0,11.16,96.18,74019.0,108.0,683.86,177.06526068986628,250.11282597873736,0.0554037102275529,0.0782602893460367,7.053816795349121,7.76592493057251,0.0376878780107416,0.0563183088187474,66.72580148400469,28.358233624596178,4032.0,4032.0,3.3790354635801263,5.63183088187474,34.37522278379266,0.0782602893460367,False,123.1022,-1.8463
7212,Kabupaten,72.12,Kabupaten Morowali Utara,Sulawesi,Sulawesi Tengah,72,236449.0,30234.0,14.03,70.58,11.95,1.89,0.39,594137.0,16.74,103.88,127865.0,15.0,8949.95,280.2840496193544,1954.79544910882,0.0066889191912041,0.046650777353117,10.68791389465332,146.28443908691406,0.0042887362228817,0.0130210958167461,41.03270243258926,21.752067322283843,42792.0,42792.0,15.287963470135065,1.30210958167461,193.91872575019872,0.046650777353117,False,121.0799,-1.8457
7271,Kota,72.71,Kota Palu,Sulawesi,Sulawesi Tengah,72,83868.0,32919.0,4.61,82.88,5.94,0.65,0.09,658112.0,24.57,85.25,392507.0,1101.0,388.48,4698.214700638081,7205.910321520827,2.5862011433749115,3.9665989530114976,21.351396560668945,50.35470581054688,0.4351498667012058,0.5223391509892176,40.01290893587626,18.301751772820005,2031.0,2031.0,18.358679772643104,52.233915098921756,42.764492283301436,3.9665989530114976,False,119.8915,-0.7862
7301,Kabupaten,73.01,Kabupaten Kepulauan Selayar,Sulawesi,Sulawesi Selatan,73,58447.0,8341.0,3.33,70.03,10.79,1.62,0.38,468755.0,14.94,98.85,142701.0,123.0,1173.46,196.85199553913927,288.7831146020515,0.0356584521273208,0.0523111733717143,6.173411846160889,9.01976203918457,0.0198426680229931,0.0304065285524719,86.52871088366766,65.83033534982722,6488.0,6488.0,2.023693699427835,3.04065285524719,38.161350859359544,0.0523111733717143,False,120.9522,-7.2957
7302,Kabupaten,73.02,Kabupaten Bulukumba,Sulawesi,Sulawesi Selatan,73,44477.0,20224.0,4.6,71.97,6.71,0.85,0.16,422111.0,28.6,95.11,454719.0,387.0,1165.75,2617.231150632863,2161.2315439711588,0.4776673414081224,0.394443465769711,11.840627670288086,14.333287239074709,0.4015211917600561,0.3246027394907223,66.55079824276373,49.388311143620754,5741.0,5741.0,4.752894741524235,32.46027394907223,-19.135814582014987,0.394443465769711,False,120.245,-5.4518
7303,Kabupaten,73.03,Kabupaten Bantaeng,Sulawesi,Sulawesi Selatan,73,65483.0,13451.0,4.36,71.48,8.26,0.89,0.16,434664.0,15.8,93.7,205418.0,525.0,398.84,1033.0065793160124,1942.510205052998,0.5511028215045851,1.0363175571592058,29.535871505737305,86.41545867919922,0.4025494737238512,0.6113527525152672,71.49111157138044,52.60865599260222,2010.0,2010.0,9.456377751964277,61.13527525152672,63.10545831188836,1.0363175571592058,False,119.9876,-5.4692
7304,Kabupaten,73.04,Kabupaten Jeneponto,Sulawesi,Sulawesi Selatan,73,31165.0,13057.0,6.03,66.38,11.82,1.48,0.29,416231.0,43.9,96.27,418969.0,526.0,796.25,2880.0711819776143,3071.3785816158743,0.7695625331690565,0.8206803694228512,38.40277862548828,24.31145668029785,0.5832896727763509,0.646976104751806,76.4773883721808,55.91178332068925,4030.0,4030.0,7.3308015190046865,64.6976104751806,6.428988071288799,0.8206803694228512,False,119.6107,-5.5431
7305,Kabupaten,73.05,Kabupaten Takalar,Sulawesi,Sulawesi Selatan,73,42358.0,13428.0,4.34,69.47,7.75,1.22,0.29,455793.0,23.51,93.14,317017.0,571.0,573.05,1606.206075523414,2064.7866742859874,0.5965625539943734,0.7668844182800137,10.79620361328125,19.43610954284668,0.4454848806605587,0.5204836790368375,76.76441912052809,56.57656673526856,3046.0,3046.0,6.513173344918371,52.04836790368375,25.101379523563683,0.7668844182800137,False,119.5339,-5.4106
7306,Kabupaten,73.06,Kabupaten Gowa,Sulawesi,Sulawesi Selatan,73,37773.0,30749.0,5.39,72.26,6.85,0.67,0.11,475305.0,55.13,95.17,814041.0,449.0,1804.89,6373.618710818481,7418.991306323047,0.7515562794629812,0.8748231980184339,31.475675582885746,34.91370391845703,0.3226987856426441,0.3343915011169722,71.24076977891309,49.64136343184856,8894.0,8894.0,9.113780886126186,33.43915011169722,15.185360633592104,0.8748231980184339,False,119.7655,-5.3325
7307,Kabupaten,73.07,Kabupaten Sinjai,Sulawesi,Sulawesi Selatan,73,59071.0,15975.0,5.17,69.52,7.82,1.16,0.25,412441.0,19.4,91.19,270434.0,313.0,871.07,452.33808249211774,543.9827460699221,0.1105306132762695,0.1329243520765586,15.87204360961914,12.139002799987791,0.0542111295095288,0.08469309139414,61.306848236051735,42.77591302148019,4335.0,4335.0,2.011517583106866,8.469309139414,18.411596948213393,0.1329243520765586,False,120.1613,-5.1986
7308,Kabupaten,73.09,Kabupaten Maros,Sulawesi,Sulawesi Selatan,73,69208.0,28624.0,3.79,72.11,9.32,1.06,0.19,530070.0,34.0,96.64,413594.0,287.0,1441.1,4894.759508971957,6116.376563245639,0.7230856383712604,0.9035508371038188,59.4021110534668,64.47959899902344,0.3023266053090007,0.3529672458510584,61.24691700609967,44.2542511918052,7066.0,7066.0,14.788359026595257,35.296724585105835,22.276391438022358,0.9035508371038188,False,119.6901,-4.9724
7309,Kabupaten,73.10,Kabupaten Pangkajene dan Kepulauan,Sulawesi,Sulawesi Selatan,73,96355.0,34607.0,5.0,71.22,12.41,1.78,0.38,439192.0,42.94,91.49,359163.0,404.0,881.65,1659.8135258243362,2170.2315339929924,0.402073623063936,0.5257174026984737,21.89685440063477,21.29417991638184,0.2455366048748236,0.309364532609336,63.30412929358944,43.3626573849074,4845.0,4845.0,6.042469669740458,30.9364532609336,26.798697563710938,0.5257174026984737,False,119.5898,-4.7541
7310,Kabupaten,73.11,Kabupaten Barru,Sulawesi,Sulawesi Selatan,73,52275.0,9891.0,4.92,73.06,8.31,1.11,0.22,417396.0,14.64,92.49,189214.0,157.0,1188.67,829.0944374395351,1166.5812824986726,0.148668908603652,0.2091852969151957,10.236255645751951,19.109622955322266,0.103511054230423,0.1309026215121512,50.316260688568896,35.48705065819085,5893.0,5893.0,6.165406801286759,13.090262151215121,34.115013373768036,0.2091852969151957,False,119.676,-4.4444
7311,Kabupaten,73.08,Kabupaten Bone,Sulawesi,Sulawesi Selatan,73,60251.0,50015.0,5.55,68.36,9.58,1.14,0.19,423727.0,73.03,97.16,830119.0,182.0,4598.26,1786.96494946059,2234.830610564059,0.0827922535869808,0.1035424128993792,17.559005737304688,17.227020263671875,0.05498969902699,0.0725822964983233,53.660851160705896,40.21199800357897,22224.0,22224.0,2.6921810132812993,7.25822964983233,22.35347235123486,0.1035424128993792,False,120.0962,-4.6735
7312,Kabupaten,73.12,Kabupaten Soppeng,Sulawesi,Sulawesi Selatan,73,67261.0,16099.0,4.06,71.39,6.9,0.79,0.15,411958.0,15.9,95.82,239355.0,173.0,1361.28,671.4516182350177,986.708835061508,0.1051206920019017,0.1544765292527024,15.90118408203125,20.117176055908203,0.0748104735031275,0.1107640244696083,46.522888071925536,34.87479033592916,6626.0,6626.0,4.122365670495741,11.076402446960829,38.44577872171344,0.1544765292527024,False,119.9183,-4.3133
7313,Kabupaten,73.13,Kabupaten Wajo,Sulawesi,Sulawesi Selatan,73,66711.0,25954.0,4.52,71.52,6.47,1.02,0.22,431291.0,26.57,95.05,389052.0,149.0,2504.73,1083.6350778279348,1587.6126017688534,0.0922456281391913,0.1351472693052834,13.759427070617676,18.02931404113769,0.0641547011639909,0.0906342595498131,42.77068998209352,25.64961362765375,12097.0,12097.0,4.0807208336388285,9.06342595498131,38.161746119053404,0.1351472693052834,False,120.1283,-3.956
7314,Kabupaten,73.14,Kabupaten Sidenreng Rappang,Sulawesi,Sulawesi Selatan,73,59305.0,19615.0,4.05,73.21,5.02,0.51,0.08,458509.0,15.48,91.49,330742.0,181.0,1980.63,1173.8348188454029,1890.7573070909464,0.1263836320385718,0.2035727445950765,17.542354583740234,18.69819450378418,0.0865151133230057,0.129038632295885,43.79260616946329,21.90067416622228,9672.0,9672.0,5.716713653212916,12.9038632295885,47.63786311864004,0.2035727445950765,False,120.0477,-3.8065
7315,Kabupaten,73.15,Kabupaten Pinrang,Sulawesi,Sulawesi Selatan,73,62766.0,26653.0,5.71,73.55,8.55,1.37,0.34,414198.0,33.04,93.05,424646.0,224.0,1910.3,1071.1954201736287,1993.1182647063451,0.119595720700563,0.2225256109388276,10.57391357421875,14.843157768249512,0.0912155727817827,0.1584266096318496,41.400845014306185,23.14252326525789,9297.0,9297.0,4.693599526914996,15.84266096318496,62.0493639091892,0.2225256109388276,False,119.598,-3.6589
7316,Kabupaten,73.16,Kabupaten Enrekang,Sulawesi,Sulawesi Selatan,73,43962.0,10467.0,4.54,74.61,11.25,1.89,0.44,427556.0,24.06,97.92,238099.0,132.0,1824.72,249.80698660939348,541.6601801448008,0.0292022704992817,0.0633197146083478,4.574405670166016,7.970650672912598,0.0242128319711886,0.0475551077215906,41.417849107255805,23.69513432879609,8834.0,8834.0,2.2749368126065246,4.7555107721590595,77.1799639107825,0.0633197146083478,False,119.8872,-3.5231
7317,Kabupaten,73.17,Kabupaten Luwu,Sulawesi,Sulawesi Selatan,73,59728.0,22952.0,4.36,72.79,11.7,2.05,0.53,433898.0,44.24,101.41,384280.0,132.0,2898.43,293.8969942159512,757.1358618567972,0.0216392936381704,0.055747032331572,4.600093364715576,9.54814624786377,0.0166961326381616,0.0359672533585576,33.82700688386302,14.963732167745542,14067.0,14067.0,1.9702713174164599,3.59672533585576,94.42364836436737,0.055747032331572,True,120.2222,-3.3457
7318,Kabupaten,73.18,Kabupaten Tana Toraja,Sulawesi,Sulawesi Selatan,73,34739.0,10159.0,5.2,71.67,10.79,1.26,0.25,418308.0,26.3,99.64,292422.0,143.0,2022.17,287.8817674706964,321.2218619516083,0.0303802570987882,0.0338986481762332,8.47573184967041,10.002694129943848,0.0194175801937371,0.0191212675889051,35.45608593396613,18.293118553597186,9895.0,9895.0,1.0984873297891686,1.91212675889051,10.922282524996785,0.0338986481762332,False,119.7594,-3.0546
7322,Kabupaten,73.22,Kabupaten Luwu Utara,Sulawesi,Sulawesi Selatan,73,58310.0,19689.0,4.3,72.07,11.24,2.1,0.58,431980.0,36.46,99.17,337655.0,45.0,7568.37,184.2593936114919,484.92957377067086,0.0051984110930658,0.0136810570480893,5.531405448913574,7.37389612197876,0.0036233651846494,0.0099973900706959,32.0816395622355,16.329419213837056,36024.0,36024.0,1.4361687929119096,0.9997390070695901,96.43067328181996,0.0136810570480893,False,120.1289,-2.4172
7325,Kabupaten,73.24,Kabupaten Luwu Timur,Sulawesi,Sulawesi Selatan,73,97182.0,30392.0,3.27,74.95,6.55,1.31,0.39,460356.0,20.7,102.25,312731.0,46.0,6709.97,16563.318289570016,20379.169737350912,0.5270310286613791,0.6484482518641329,1883.69287109375,4075.046875,0.0454874366065442,0.0586095372407189,37.88048071153152,16.13215087477134,32078.0,32078.0,65.16517306359432,5.86095372407189,20.731147514171155,0.6484482518641329,False,121.1266,-2.5349
7326,Kabupaten,73.26,Kabupaten Toraja Utara,Sulawesi,Sulawesi Selatan,73,47726.0,13258.0,4.49,71.85,10.73,1.21,0.24,413029.0,25.97,100.23,277791.0,215.0,1238.81,295.823447802546,381.5669586658478,0.0509760903180536,0.0657513523414754,10.733293533325195,10.804535865783691,0.0261675308536022,0.0329129868611599,28.42313376505513,13.754775440917788,6062.0,6062.0,1.3735756689952079,3.29129868611599,25.376618307887178,0.0657513523414754,True,119.8453,-2.8909
7371,Kota,73.71,Kota Makassar,Sulawesi,Sulawesi Selatan,73,165954.0,243063.0,5.56,83.9,4.97,0.81,0.18,592753.0,79.53,96.06,1464637.0,8282.0,182.88,14334.994324824736,15614.209885804315,16.740200001970614,18.23404951814006,56.27048110961914,63.70180130004883,0.9747712514082122,0.9753391157802184,68.90028026854489,49.185476410730736,1045.0,1045.0,10.660805295649581,97.53391157802184,8.547197157492725,18.23404951814006,False,119.4634,-5.1477
7372,Kota,73.72,Kota Parepare,Sulawesi,Sulawesi Selatan,73,61970.0,9972.0,5.09,79.64,5.27,0.72,0.14,467151.0,7.94,90.66,160920.0,1795.0,87.7,955.3101522747206,1221.8535996264109,2.3207462162759485,2.9682633555439257,20.42122459411621,24.474411010742188,0.5955434037039861,0.6268291288773723,50.79691906104717,27.09412392348145,466.0,466.0,7.592925675033625,62.68291288773723,24.586013507258198,2.9682633555439257,False,119.6627,-4.0285
7373,Kota,73.73,Kota Palopo,Sulawesi,Sulawesi Selatan,73,56647.0,11084.0,4.4,79.94,7.35,0.94,0.19,466521.0,14.43,99.31,195666.0,716.0,280.97,803.1129930198191,1215.3212450382753,0.6103373444160605,0.9236009724110842,20.443347930908203,23.4284725189209,0.1658272287820898,0.2123132126529613,24.59404783901864,11.593439867438343,1420.0,1420.0,6.211202994072937,21.23132126529613,41.384641152493984,0.9236009724110842,True,120.1273,-2.9859
7401,Kabupaten,74.04,Kabupaten Buton,Sulawesi,Sulawesi Tenggara,74,43410.0,5297.0,3.2,68.88,13.99,1.68,0.35,313831.0,14.41,99.31,122029.0,73.1,1653.58,352.2717959612026,534.0636217102117,0.0453411326790323,0.0687396771715274,5.874844551086426,5.136446475982666,0.0246715606999436,0.0508548406309749,80.85804981657468,49.68109992590304,8161.0,8161.0,4.37653034696844,5.08548406309749,41.51479380141802,0.0687396771715274,False,122.9563,-5.3681
7402,Kabupaten,74.03,Kabupaten Muna,Sulawesi,Sulawesi Tenggara,74,41623.0,9489.0,5.09,71.05,13.78,1.87,0.36,434750.0,31.82,91.8,227984.0,122.7,1941.86,637.0307511614819,953.232968669078,0.0698833082508862,0.1045712051780091,10.845934867858888,12.041902542114258,0.0397369398065035,0.0730784900066122,74.30977974925223,47.37911418734542,9758.0,9758.0,4.1811397671287365,7.3078490006612205,40.25213620991348,0.1045712051780091,False,122.7026,-4.9112
7403,Kabupaten,74.02,Kabupaten Konawe,Sulawesi,Sulawesi Tenggara,74,75702.0,20748.0,11.82,73.39,13.25,2.33,0.65,425029.0,33.99,87.71,274071.0,51.21,5070.93,5694.55634015331,5887.739783503962,0.2395258984315385,0.2476516302825676,387.7162780761719,173.05747985839844,0.068357272531432,0.1058982502430538,57.05429462252998,33.81586924872847,24652.0,24652.0,21.48253475743133,10.58982502430538,3.335573475716913,0.2476516302825676,False,121.674,-3.0843
7404,Kabupaten,74.01,Kabupaten Kolaka,Sulawesi,Sulawesi Tenggara,74,153413.0,38163.0,5.06,75.18,11.67,1.78,0.47,477917.0,33.2,88.35,248763.0,84.07,3076.04,1961.3284334822029,3274.6750624223087,0.1359533381387555,0.2269905429686875,63.0063591003418,35.36017990112305,0.0607322644385203,0.1193515846266383,57.8015332913081,35.27957489942919,15050.0,15050.0,13.163834904798177,11.935158462663829,51.23922293532477,0.2269905429686875,False,121.688,-4.0856
7405,Kabupaten,74.05,Kabupaten Konawe Selatan,Sulawesi,Sulawesi Tenggara,74,53949.0,17760.0,5.63,71.19,11.2,1.59,0.34,354696.0,37.09,92.73,329210.0,77.69,4251.56,2123.5613072615047,3316.521430268943,0.1064709648998488,0.166283514200552,19.36600685119629,13.378165245056152,0.078967040702167,0.1321030206627253,67.82812482181386,44.45907978222455,20620.0,20620.0,10.074181921171721,13.210302066272531,44.56526095456121,0.166283514200552,False,122.4536,-4.263
7406,Kabupaten,74.06,Kabupaten Bombana,Sulawesi,Sulawesi Tenggara,74,56988.0,9155.0,5.04,68.15,10.54,1.15,0.21,423183.0,20.56,94.69,160654.0,48.77,3334.05,614.0366669152882,1194.3603952297976,0.0392344096731333,0.0763147016597888,6.635891914367676,20.0779972076416,0.0256741140022671,0.0547402219266585,68.1534295296161,43.68791551111186,16335.0,16335.0,7.43436450527094,5.47402219266585,66.45211178343375,0.0763147016597888,False,121.7617,-4.6193
7407,Kabupaten,74.07,Kabupaten Wakatobi,Sulawesi,Sulawesi Tenggara,74,51916.0,6140.0,4.77,72.02,14.36,2.87,0.83,355748.0,14.93,109.48,118259.0,262.53,463.2,376.6679103819175,563.7149359111694,0.1730377567812181,0.258965431579328,5.93686056137085,9.621111869812012,0.1085927690093192,0.1692557689570747,82.95419243608612,56.63123352723825,2595.0,2595.0,4.766782535884536,16.92557689570747,40.2305800103413,0.258965431579328,False,123.5851,-5.3173
7408,Kabupaten,74.08,Kabupaten Kolaka Utara,Sulawesi,Sulawesi Tenggara,74,82701.0,12281.0,3.97,71.7,13.51,2.65,0.66,529192.0,22.07,92.14,148496.0,50.64,3250.61,158.34771058407483,473.0507383761453,0.0103940489398618,0.0310513647944963,3.3127357959747314,5.647182464599609,0.0082581104189238,0.0241603979832099,47.5494483996163,23.17131158027455,15767.0,15767.0,3.1856126655003862,2.41603979832099,109.02256854102453,0.0310513647944963,False,121.0981,-3.2595
7409,Kabupaten,74.10,Kabupaten Buton Utara,Sulawesi,Sulawesi Tenggara,74,61238.0,4274.0,3.68,70.6,14.09,3.12,0.94,422483.0,9.18,99.85,69799.0,39.75,1664.23,99.46666459604803,194.92042522442108,0.0127392691203265,0.0249645824967277,3.0256502628326416,3.610093355178833,0.0088226622782719,0.0193027756278349,68.82663162245879,45.06735378895827,8348.0,8348.0,2.7925962438490677,1.93027756278349,66.78826061255067,0.0249645824967277,False,122.973,-4.7545
7410,Kabupaten,74.09,Kabupaten Konawe Utara,Sulawesi,Sulawesi Tenggara,74,77302.0,5707.0,5.74,72.32,13.17,2.52,0.76,407710.0,8.94,95.66,73829.0,17.5,4679.96,630.9974029862415,1794.1392030449465,0.0287689197054978,0.0817997767163731,145.35162353515625,86.02041625976562,0.0179317259885227,0.0501751119972994,56.2808273281993,30.521612224726944,22693.0,22693.0,24.30128002607304,5.01751119972994,104.39525634189364,0.0817997767163731,False,121.9624,-3.4213
7411,Kabupaten,74.11,Kabupaten Kolaka Timur,Sulawesi,Sulawesi Tenggara,74,48117.0,6137.0,3.16,70.27,13.71,1.87,0.44,525091.0,20.33,88.47,127549.0,31.95,3718.65,391.59985341873823,564.8050306841438,0.0224565539397322,0.0323891199811763,6.4380598068237305,4.424258708953857,0.0185638036862243,0.0303988244813365,54.47109800981314,34.82168489209344,17998.0,17998.0,4.428141582326352,3.03988244813365,36.54586416222925,0.0323891199811763,False,121.7378,-3.8088
7412,Kabupaten,74.12,Kabupaten Konawe Kepulauan,Sulawesi,Sulawesi Tenggara,74,49696.0,1972.0,7.16,67.99,15.54,2.78,0.76,415880.0,5.36,95.91,39688.0,56.24,712.08,83.48226006241406,225.6966655112949,0.0249961560687084,0.0675778191808609,2.643615245819092,4.330881595611572,0.0170715669582575,0.0532096518522867,65.21656783890096,37.53257676275464,3487.0,3487.0,5.686773470855042,5.32096518522867,98.70712763559393,0.0675778191808609,False,123.0974,-4.1081
7413,Kabupaten,74.13,Kabupaten Muna Barat,Sulawesi,Sulawesi Tenggara,74,38933.0,3541.0,3.07,68.06,13.38,2.08,0.45,428282.0,11.36,91.91,90956.0,111.1,814.18,271.01082254285905,329.70895170733047,0.071011872086558,0.0863923059778596,1.8477433919906616,2.107020139694214,0.0548127490531101,0.0797781719013631,68.5776593580261,46.35437110685935,4222.0,4222.0,3.624928005929575,7.97781719013631,19.53968343232626,0.0863923059778596,False,122.4495,-4.8143
7414,Kabupaten,74.14,Kabupaten Buton Tengah,Sulawesi,Sulawesi Tenggara,74,26136.0,3170.0,3.32,66.47,14.4,1.82,0.32,310721.0,13.52,103.09,121289.0,144.92,846.16,405.8533463114618,586.3522279770933,0.1020781069809872,0.1474762398781671,3.9539310932159424,5.030594348907471,0.0692730828903879,0.1097107382993854,77.74421146177417,51.88642875671814,4358.0,4358.0,4.834339700855752,10.97107382993854,36.717189549700535,0.1474762398781671,False,122.3875,-5.2929
7415,Kabupaten,74.15,Kabupaten Buton Selatan,Sulawesi,Sulawesi Tenggara,74,37815.0,3827.0,4.84,67.0,14.28,1.97,0.38,300991.0,11.5,98.8,101194.0,195.49,539.69,267.8609313066683,365.62976725872807,0.1056371172775588,0.1441945057670875,3.817995309829712,3.341362714767456,0.0676976040680734,0.1137557300076091,80.49332195064623,54.974916331063,2783.0,2783.0,3.6131565829864227,11.375573000760909,31.015826837595295,0.1441945057670875,False,122.7067,-5.6038
7471,Kota,74.71,Kota Kendari,Sulawesi,Sulawesi Tenggara,74,80970.0,30021.0,4.81,85.33,4.23,0.7,0.14,516809.0,18.2,87.53,370764.0,1394.95,269.15,4061.2269816901166,6410.0622141050335,3.220209330689181,5.082636908801619,35.053218841552734,36.1948127746582,0.7355580569530903,0.8518647504026766,71.27101847648302,37.59630035012656,1391.0,1391.0,17.288793448406626,85.18647504026767,45.62936283422392,5.082636908801619,False,122.5281,-3.9979
7472,Kota,74.72,Kota Baubau,Sulawesi,Sulawesi Tenggara,74,72416.0,12205.0,4.36,78.13,7.4,1.61,0.48,431717.0,13.25,95.6,168538.0,572.99,290.42,1435.158430916188,1811.7693014571475,1.052326263151376,1.3284752244932612,25.284807205200195,26.81093978881836,0.3523354650226587,0.4451645924869452,77.79277564353238,54.25892836603719,1494.0,1494.0,10.749915754649678,44.51645924869452,23.288388434763174,1.3284752244932612,False,122.7028,-5.4294
7501,Kabupaten,75.02,Kabupaten Boalemo,Sulawesi,Gorontalo,75,45564.0,6984.0,3.54,68.74,17.83,3.75,1.12,551189.0,31.53,101.37,153274.0,84.0,1840.11,906.0757040241184,1086.106181153012,0.1052413610161458,0.1261520336600362,9.18995189666748,9.223400115966797,0.086679423509729,0.1005387116742421,63.994242111884525,40.245512595978106,8998.0,8998.0,7.086043172051436,10.053871167424209,18.104865207276166,0.1261520336600362,False,122.3333,0.6976
7502,Kabupaten,75.01,Kabupaten Gorontalo,Sulawesi,Gorontalo,75,41746.0,17096.0,4.1,69.66,16.43,3.41,0.89,605743.0,61.91,97.5,409509.0,190.0,2163.48,2842.448669765977,3470.1235736042854,0.2807664459722233,0.3427658248356411,19.79457664489746,17.68802833557129,0.1701829723674383,0.2005378851499384,64.77460962073003,39.476086461377314,10532.0,10532.0,8.47386400202263,20.05378851499384,19.94607021531367,0.3427658248356411,False,122.7164,0.7027
7503,Kabupaten,75.04,Kabupaten Pohuwato,Sulawesi,Gorontalo,75,55794.0,8579.0,4.03,68.02,17.11,2.89,0.7,391236.0,28.93,95.33,153770.0,35.0,4360.54,1294.1676137156344,2074.5014512535395,0.0634283956613358,0.1016733052624799,7.771965980529785,15.522601127624512,0.0436349371641066,0.0628487706321721,65.0829872775239,36.58035952133009,20975.0,20975.0,13.490937447184363,6.284877063217211,47.15626695249,0.1016733052624799,False,121.6526,0.7038
7504,Kabupaten,75.03,Kabupaten Bone Bolango,Sulawesi,Gorontalo,75,35448.0,6049.0,4.19,72.38,14.8,2.86,0.72,531286.0,23.67,94.7,170649.0,90.0,1900.88,1375.0672936690785,1661.3305578259858,0.1545620789607127,0.1867390098221191,11.272400856018066,12.210429191589355,0.0856288214361437,0.0977141580090425,66.86507153918005,39.240401971774,9159.0,9159.0,9.735366499809468,9.77141580090425,18.89909246509065,0.1867390098221191,False,123.3086,0.5589
7505,Kabupaten,75.05,Kabupaten Gorontalo Utara,Sulawesi,Gorontalo,75,33244.0,4414.0,4.17,67.46,16.86,3.41,1.02,387535.0,18.99,94.71,132784.0,78.0,1700.19,556.2241981215336,840.8031012360959,0.0699122680738406,0.1056812199279591,7.739911556243896,28.36113739013672,0.0537335591496006,0.080569285701611,62.550547420430334,33.821440682811584,8578.0,8578.0,6.33211155889336,8.0569285701611,41.25784713486702,0.1056812199279591,False,123.049,0.8651
7571,Kota,75.71,Kota Gorontalo,Sulawesi,Gorontalo,75,54073.0,11237.0,4.36,79.18,5.74,0.67,0.12,723861.0,12.97,95.64,207808.0,2930.0,67.26,2136.6961255865945,2494.616674562997,6.76547478766477,7.898767641566587,26.106163024902344,30.747119903564453,0.9153411560191228,0.9123486682808722,64.78252933507179,37.2021729682747,379.0,379.0,12.004430409623291,91.23486682808722,15.480719053698877,7.898767641566587,False,123.0424,0.538
7601,Kabupaten,76.05,Kabupaten Majene,Sulawesi,Sulawesi Barat,76,35329.0,6496.0,5.3,69.42,13.64,1.82,0.41,482173.0,24.41,85.05,183869.0,204.0,891.36,202.03195177094605,346.0303245371462,0.0483555950726498,0.0828210691898197,6.322591781616211,8.848719596862793,0.0297371320872309,0.0480907676163551,40.10284193196563,19.52549835648892,4470.0,4470.0,1.8819394489399857,4.8090767616355095,53.604880218301346,0.0828210691898197,False,118.8707,-3.2379
7602,Kabupaten,76.04,Kabupaten Polewali Mandar,Sulawesi,Sulawesi Barat,76,35448.0,17771.0,5.94,66.22,15.66,3.09,0.88,507347.0,70.42,84.07,501319.0,242.0,2085.74,490.26648986140896,995.4769787870204,0.050153831769959,0.101836421532838,7.73198127746582,10.84107494354248,0.0319401931246966,0.0572173033951273,40.89801499584781,22.062736240768007,10097.0,10097.0,1.9857156397164686,5.72173033951273,70.72393075477538,0.101836421532838,False,119.1572,-3.3101
7603,Kabupaten,76.03,Kabupaten Mamasa,Sulawesi,Sulawesi Barat,76,21812.0,3772.0,3.26,68.37,14.2,1.75,0.33,347008.0,23.61,105.24,172923.0,57.0,2970.04,53.754462629556656,110.74886032938956,0.0038629107014384,0.0079586500694228,3.346903085708618,5.722071647644043,0.0028026234471789,0.0060364197323853,35.3342243299278,17.389486878959673,14302.0,14302.0,0.6404518793300461,0.6036419732385301,71.33951604563879,0.0079586500694228,False,119.32,-2.9956
7604,Kabupaten,76.02,Kabupaten Mamuju,Sulawesi,Sulawesi Barat,76,53928.0,16024.0,6.47,70.4,7.15,1.12,0.26,356903.0,22.64,89.76,297141.0,60.0,4794.43,603.4617199327431,779.0579060050787,0.026876085875993,0.0346965291957498,18.57489776611328,13.216784477233888,0.0104604936602698,0.0137453677651293,33.54690726168857,17.770217222954017,23117.0,23117.0,2.6218458778999825,1.37453677651293,25.502981251971946,0.0346965291957498,False,119.3782,-2.5389
7605,Kabupaten,76.01,Kabupaten Pasangkayu,Sulawesi,Sulawesi Barat,76,76796.0,15579.0,0.68,69.73,5.21,0.66,0.11,453038.0,9.95,97.28,202860.0,70.0,2951.41,206.13193770097752,452.9456535240014,0.0149191380065795,0.032782686612143,4.56697940826416,6.683554172515869,0.0114917081909925,0.0244428701341607,38.96578599900773,17.196340239484375,14347.0,14347.0,2.2327992385093234,2.4442870134160697,78.4621514558915,0.032782686612143,False,119.3896,-1.3452
7606,Kabupaten,76.06,Kabupaten Mamuju Tengah,Sulawesi,Sulawesi Barat,76,31387.0,4555.0,2.98,68.36,7.72,0.92,0.19,324888.0,11.16,90.07,145120.0,53.0,2875.82,89.1484823948028,223.0401020290805,0.0066208776933573,0.0165647378012412,2.06794810295105,3.7349774837493896,0.0053068112183676,0.014713506170941,37.86636074083914,19.66712217694303,13855.0,13855.0,1.5369356534528698,1.4713506170941,91.03669474624736,0.0165647378012412,False,119.5403,-2.0232
8101,Kabupaten,81.03,Kabupaten Kepulauan Tanimbar,Maluku,Maluku,81,27728.0,3618.0,4.62,64.83,23.66,4.23,1.03,645956.0,26.76,111.8,130487.0,29.0,4432.51,346.0527135676029,506.6729879156634,0.0165512759046228,0.0242335461842101,5.999971389770508,11.447705268859863,0.0098279683519837,0.0153200241807259,95.38226873054376,60.84062515767083,22684.0,22684.0,3.8829384376655405,1.53200241807259,38.036083501547054,0.0242335461842101,False,131.4259,-7.5632
8102,Kabupaten,81.02,Kabupaten Maluku Tenggara,Maluku,Maluku,81,34920.0,4408.0,5.44,68.24,21.22,2.65,0.59,695738.0,21.47,110.87,126245.0,124.0,1012.39,325.5827495881154,325.44924596314354,0.06847572742611,0.0684476492866953,8.705504417419434,9.45984935760498,0.0438392251081072,0.046458708090128,55.506427878029086,24.890608543176533,5513.0,5513.0,2.577917905367686,4.645870809012799,-0.040887315703130866,0.0684476492866953,False,132.7381,-5.7671
8103,Kabupaten,81.01,Kabupaten Maluku Tengah,Maluku,Maluku,81,25983.0,11454.0,5.28,73.21,17.67,4.0,1.31,614323.0,66.65,100.76,440848.0,53.0,8113.27,701.2252203442304,984.8379798012623,0.0184444366129805,0.0259043473701404,12.407567977905272,11.09043788909912,0.0133220845220468,0.0215913842825128,57.68848253893336,24.497236621337915,39281.0,39281.0,2.233962680563964,2.1591384282512798,33.9237841139024,0.0259043473701404,False,129.4486,-3.1046
8104,Kabupaten,81.04,Kabupaten Buru,Maluku,Maluku,81,22256.0,3167.0,4.38,71.01,16.08,2.47,0.58,610346.0,25.02,100.55,142304.0,29.0,4459.19,707.4687755242281,956.6099825176536,0.033855052928844,0.0457774006582805,11.216617584228516,12.609403610229492,0.0171960201421238,0.0280107860536453,65.1207855600946,30.900786359534244,21333.0,21333.0,6.722298617871975,2.80107860536453,30.133459179019173,0.0457774006582805,False,126.6583,-3.3414
8105,Kabupaten,81.07,Kabupaten Kepulauan Aru,Maluku,Maluku,81,43620.0,4761.0,5.45,65.83,23.39,4.56,1.23,644112.0,22.45,110.07,109159.0,13.0,8122.68,181.2526138281121,202.88797830156253,0.0047473666035459,0.0053140398480719,5.6423115730285645,5.623926639556885,0.003000369461126,0.0031520775743054,69.24992067935678,35.71451450168311,41235.0,41235.0,1.85864636265963,0.31520775743054,11.217700426829325,0.0053140398480719,False,134.4927,-6.1467
8106,Kabupaten,81.06,Kabupaten Seram Bagian Barat,Maluku,Maluku,81,18037.0,4077.0,5.62,68.39,22.31,3.38,0.81,508517.0,38.78,101.88,226044.0,45.0,4991.37,247.18727039741535,328.73034031075576,0.0105675663405345,0.0140536350184832,3.3010592460632324,4.1233320236206055,0.0087485835502889,0.0118488040629452,57.73379245388358,23.53625147261314,24379.0,24379.0,1.4542758945636944,1.18488040629452,28.409158606393525,0.0140536350184832,False,128.5364,-3.2022
8107,Kabupaten,81.05,Kabupaten Seram Bagian Timur,Maluku,Maluku,81,25034.0,3684.0,3.58,66.24,21.03,3.22,0.78,478721.0,24.34,101.03,147139.0,26.0,5811.28,588.943715818314,557.9163908413813,0.0216205631332938,0.0204815268883974,41.27564239501953,31.25213050842285,0.0075976847756217,0.008547845259167,57.34075058359295,24.55244043681472,28077.0,28077.0,3.791764187886157,0.8547845259167001,-5.402724261930292,0.0204815268883974,False,130.3903,-3.4167
8108,Kabupaten,81.08,Kabupaten Maluku Barat Daya,Maluku,Maluku,81,36666.0,3197.0,6.7,64.86,27.95,3.52,0.63,686428.0,20.63,119.46,87197.0,19.0,4600.72,608.7430583883736,1028.432319974023,0.0280244155868908,0.0473454511567581,16.061965942382812,25.01167297363281,0.0127512150032135,0.0213717801512164,94.36641770835595,65.1673568534847,23263.0,23263.0,11.794354392628449,2.13717801512164,52.3725130956481,0.0473454511567581,False,126.241,-7.7898
8109,Kabupaten,81.09,Kabupaten Buru Selatan,Maluku,Maluku,81,23340.0,1887.0,4.97,67.09,14.91,2.34,0.46,769919.0,9.61,106.08,80842.0,22.0,4140.55,90.5918498547054,185.22233537827051,0.0046653213264231,0.009538625304109,2.8501646518707275,4.894928932189941,0.0033088127634867,0.0066075278317723,64.68748946053056,30.2638713553631,19943.0,19943.0,2.291164683930018,0.66075278317723,70.95990190092732,0.009538625304109,False,126.4324,-3.4898
8171,Kota,81.71,Kota Ambon,Maluku,Maluku,81,54699.0,19836.0,5.96,82.56,5.13,0.71,0.16,750166.0,25.81,100.41,362639.0,1532.0,296.59,2035.8002480503387,1874.16832376403,1.4640179791220236,1.3477825855062378,41.152587890625,34.48859024047852,0.4060892518725748,0.4186135050988179,47.33283040790544,17.798717963180223,1565.0,1565.0,5.168137800302863,41.86135050988179,-8.268164253813648,1.3477825855062378,False,128.0852,-3.6753
8172,Kota,81.72,Kota Tual,Maluku,Maluku,81,36846.0,3417.0,4.93,70.21,20.01,3.03,0.65,746967.0,16.17,110.62,92744.0,394.0,231.03,373.1312433203647,524.8416575372219,0.3441398248229289,0.4840626972894857,12.278157234191896,13.82648754119873,0.1357050368559255,0.1776245831555037,57.38019111551567,29.654078746536847,1480.0,1480.0,5.659036245333627,17.76245831555037,34.03934822945249,0.4840626972894857,False,132.7192,-5.546
8201,Kabupaten,82.01,Kabupaten Halmahera Barat,Maluku,Maluku Utara,82,21386.0,2947.0,5.86,67.53,8.75,1.49,0.36,455327.0,10.65,107.49,137805.0,62.0,2176.59,441.63423674270217,592.8635730749251,0.0433609902892699,0.0582091457052067,6.136453151702881,7.514577865600586,0.0316307239747573,0.0452935672784817,66.53433518533488,28.468401618672445,10823.0,10823.0,4.302192032763144,4.52935672784817,29.39058397110781,0.0582091457052067,False,127.5719,1.3576
8202,Kabupaten,82.02,Kabupaten Halmahera Tengah,Maluku,Maluku Utara,82,522766.0,32302.0,18.4,68.45,10.71,1.73,0.41,593903.0,6.44,116.67,61791.0,27.0,2265.33,939.4780822687874,6715.292811705673,0.0886503419128845,0.6336635362106539,46.35780334472656,94.60638427734376,0.0270076747163611,0.1229949155929217,61.91876383040134,26.14317675530458,11460.0,11460.0,108.67752280600206,12.29949155929217,196.59032722392357,0.6336635362106539,False,128.5824,0.3885
8203,Kabupaten,82.05,Kabupaten Kepulauan Sula,Maluku,Maluku Utara,82,30920.0,3378.0,6.64,65.99,7.96,1.01,0.2,485242.0,8.31,122.44,109256.0,33.0,1787.77,208.38733478620935,363.0856660304116,0.0248992901947209,0.0433835164373581,6.943599700927734,14.810358047485352,0.015911267634672,0.0247040036586028,67.38162910913397,24.05000684113751,9039.0,9039.0,3.323256077747781,2.47040036586028,55.32033729287447,0.0433835164373581,False,125.829,-1.865
8204,Kabupaten,82.04,Kabupaten Halmahera Selatan,Maluku,Maluku Utara,82,79448.0,21048.0,23.95,66.66,5.63,0.53,0.08,449334.0,13.69,105.72,264926.0,33.0,8154.72,3505.0075714816057,8507.393671222297,0.0919018698295185,0.2230652487380068,652.6041870117188,549.8877563476562,0.0164417902099052,0.0254575161382532,61.2286584325073,21.975394382098745,41313.0,41313.0,32.11233956358491,2.54575161382532,88.65752209050406,0.2230652487380068,False,127.7172,-1.5343
8205,Kabupaten,82.03,Kabupaten Halmahera Utara,Maluku,Maluku Utara,82,34566.0,7181.0,1.85,69.78,4.71,0.48,0.07,425857.0,9.48,108.77,207739.0,61.0,3477.62,1256.5654716222896,1314.2396159311718,0.0771977211680655,0.0807409607457182,31.392311096191406,23.85704231262207,0.0410357783455541,0.0465471445143524,64.85235990599163,32.31551125775326,17093.0,17093.0,6.326398104983522,4.65471445143524,4.484117992349201,0.0807409607457182,False,127.8773,1.5225
8206,Kabupaten,82.06,Kabupaten Halmahera Timur,Maluku,Maluku Utara,82,54934.0,5396.0,3.64,69.58,11.91,1.49,0.33,655936.0,12.27,114.43,98224.0,15.0,6466.87,716.0330904111557,1596.8069292125167,0.0236606906968131,0.0527650961395244,34.82809829711914,23.93733787536621,0.0132846474508786,0.028848562379478,66.78142007603262,29.328100093391804,31112.0,31112.0,16.25678988040109,2.8848562379477998,80.12653080236109,0.0527650961395244,False,128.2479,1.0006
8207,Kabupaten,82.07,Kabupaten Pulau Morotai,Maluku,Maluku Utara,82,25469.0,2029.0,5.3,65.68,5.11,0.66,0.14,428136.0,3.69,120.55,79660.0,34.0,2342.95,459.9764652108447,614.5697241355973,0.0419367843490797,0.0560312971158949,14.277843475341797,15.959991455078123,0.0235161913587927,0.0303837358469518,66.17760332422336,38.49779901062741,11400.0,11400.0,7.714909918850079,3.03837358469518,28.920122959891703,0.0560312971158949,False,128.4427,2.3142
8208,Kabupaten,82.08,Kabupaten Pulau Taliabu,Maluku,Maluku Utara,82,34392.0,2111.0,4.5,62.9,7.13,1.08,0.3,525953.0,3.97,114.13,61368.0,21.0,2990.44,236.7963307505729,527.1723939866414,0.0169188054386789,0.0376658166037946,13.547569274902344,10.67647933959961,0.0089182068545423,0.0226506595281411,69.17216658713919,26.944467778147978,14700.0,14700.0,8.590346662538153,2.26506595281411,79.80081800212177,0.0376658166037946,False,124.8309,-1.8219
8271,Kota,82.71,Kota Ternate,Maluku,Maluku Utara,82,70949.0,15213.0,8.83,82.12,3.14,0.78,0.25,701354.0,7.88,122.4,214414.0,1322.0,161.99,1287.9620898564656,1371.6308990737966,1.7008655431153348,1.811357455689492,24.368593215942383,30.02716827392578,0.3589924182789907,0.3874238720636366,61.8668486141608,23.67071819198741,893.0,893.0,6.397114456489766,38.74238720636366,6.28919495676783,1.811357455689492,False,127.3435,0.81
8272,Kota,82.72,Kota Tidore Kepulauan,Maluku,Maluku Utara,82,31980.0,3852.0,6.4,72.91,6.56,0.95,0.21,581193.0,6.72,109.84,120439.0,71.0,1683.95,599.748075920343,887.2944150633675,0.0761376706024409,0.112641511684404,9.120067596435549,22.745037078857425,0.0466307623835425,0.0598822905060751,62.775851631474296,27.767270846339414,8329.0,8329.0,7.367168567186439,5.988229050607511,39.11275647213799,0.112641511684404,False,127.7098,0.3849
9101,Kabupaten,92.03,Kabupaten Fakfak,Papua,Papua Barat,91,69984.0,6311.0,3.15,70.39,20.86,4.6,1.35,725257.0,17.67,121.38,90171.0,9.0,10986.94,273.9719762123682,329.1496593340356,0.0053221854330402,0.006394068278136,12.39231777191162,10.94241428375244,0.0022295739766886,0.0029158077000634,45.09506035893346,21.65847607205547,52768.0,52768.0,3.650282899535722,0.29158077000634,18.287687699632826,0.006394068278136,False,133.0498,-3.2004
9102,Kabupaten,92.08,Kabupaten Kaimana,Papua,Papua Barat,91,46446.0,3096.0,2.13,67.6,14.41,3.17,1.01,682231.0,10.06,120.34,66655.0,4.0,16155.6,161.20777545162272,255.6361734449863,0.0021283284393095,0.0033750092793911,7.902680397033691,9.124826431274414,0.0014602882367194,0.0017362441417616,31.98950880884385,15.954521431367231,77980.0,77980.0,3.8352137640835093,0.17362441417615998,45.878133639669194,0.0033750092793911,False,134.1633,-3.5481
9103,Kabupaten,92.07,Kabupaten Teluk Wondama,Papua,Papua Barat,91,40739.0,1856.0,3.67,62.36,28.47,4.68,1.15,710854.0,10.3,115.25,45561.0,9.0,6436.35,112.31645762645732,120.97898743246115,0.0037255507501906,0.0040128879321078,4.47599983215332,4.515433311462402,0.002332054787678,0.0027079828519567,33.51041886581326,13.592237072464757,31380.0,31380.0,2.655318966494615,0.27079828519567,7.366438118015939,0.0040128879321078,True,134.2408,-2.6556
9104,Kabupaten,92.06,Kabupaten Teluk Bintuni,Papua,Papua Barat,91,574984.0,52360.0,29.22,66.75,26.99,6.5,2.25,794285.0,19.33,130.92,91064.0,5.0,20754.32,2571.540022506492,4036.105629481989,0.0264651560193958,0.0415378194623192,320.3758239746094,293.98779296875,0.0034657531421441,0.0049623072658366,41.143431602116856,18.045694966180523,98779.0,98779.0,44.321637853399686,0.49623072658366,45.06342604388909,0.0415378194623192,False,133.2596,-2.0752
9105,Kabupaten,92.02,Kabupaten Manokwari,Papua,Papua Barat,91,55264.0,11327.0,2.97,73.83,18.45,3.3,0.82,802749.0,33.29,113.78,204955.0,74.0,1955.13,1631.007175390159,2127.401740216859,0.1782717863810523,0.232528534699975,17.677066802978516,17.505691528320312,0.0740598021511422,0.0967246794139544,57.58231722084034,27.1442104626975,9651.0,9651.0,10.379847967684901,9.67246794139544,26.556068813973877,0.232528534699975,False,133.9347,-1.0005
9111,Kabupaten,92.11,Kabupaten Manokwari Selatan,Papua,Papua Barat,91,26227.0,1018.0,7.0,62.45,26.83,5.17,1.54,734246.0,7.64,121.72,38820.0,21.0,2375.84,129.31106047209573,237.00434984991367,0.0116245642841551,0.021305774543928,3.417222499847412,4.688713073730469,0.0093541333008062,0.0158164313914476,48.75151228210324,22.405424508929148,11530.0,11530.0,6.105212515453726,1.5816431391447598,60.23645849895782,0.021305774543928,False,133.9996,-1.6178
9112,Kabupaten,92.12,Kabupaten Pegunungan Arfak,Papua,Papua Barat,91,8662.0,359.0,10.85,58.73,31.76,5.54,1.38,738135.0,11.87,153.69,41470.0,13.0,3285.6,4.373395591974258,42.13215014338493,0.0002844294139372093,0.0027401186380644,0.6853578686714172,2.396618366241455,0.00032518143849046466,0.002861596658716,56.18555439482079,26.718804260667504,15800.0,15800.0,1.0159669675279703,0.28615966587159997,208.2808627095515,0.0027401186380644,False,133.7064,-1.2073
9201,Kabupaten,92.05,Kabupaten Raja Ampat,Papua,Papua Barat Daya,92,58576.0,4104.0,0.41,65.86,15.83,3.1,0.87,629473.0,8.13,123.94,70061.0,9.41,7798.82,150.20698142717865,364.0621401453719,0.0041176341236929,0.0099800600289277,4.636428356170654,9.04464054107666,0.002434495400141,0.0051928950059088,40.61677305624413,12.823813204992865,40498.0,40498.0,5.1963594602613705,0.51928950059088,88.14179499260942,0.0099800600289277,True,130.0647,-1.8681
9202,Kabupaten,92.01,Kabupaten Sorong,Papua,Papua Barat Daya,92,101106.0,12450.0,4.98,68.29,25.71,6.81,2.35,631729.0,25.69,116.59,123136.0,16.28,7797.96,2933.941746359771,1815.339559121693,0.0803917171711445,0.0497413640156868,243.30995178222656,132.2769317626953,0.0208059618512952,0.022569807285783,37.76603103400883,10.522383859401264,37332.0,37332.0,14.742557490268426,2.2569807285783,-47.986436056940995,0.0497413640156868,True,131.559,-1.0541
9203,Kabupaten,92.04,Kabupaten Sorong Selatan,Papua,Papua Barat Daya,92,41552.0,2339.0,3.0,64.5,17.83,3.85,1.07,579310.0,9.4,118.81,56292.0,8.57,5645.16,95.92061583697796,156.25715839862823,0.0036302381715809,0.0059137516586168,3.682925224304199,4.125481605529785,0.002687085648202,0.0041252441641412,35.77735896213934,11.114098658267878,27057.0,27057.0,2.7758324166600628,0.41252441641411997,48.39901669488107,0.0059137516586168,True,132.1627,-1.6657
9204,Kabupaten,92.10,Kabupaten Maybrat,Papua,Papua Barat Daya,92,18161.0,863.0,3.45,61.83,29.18,4.48,1.08,565725.0,13.35,130.71,47542.0,8.83,3303.08,5.13094687461853,36.232732474803925,0.00033187529104027866,0.0023435730147087,0.9117234349250792,2.2347984313964844,0.00032340550306803994,0.0022638385214762,39.83000310215623,13.38308028649415,15814.0,15814.0,0.7621204929284406,0.22638385214762002,180.38390759265403,0.0023435730147087,True,132.3511,-1.4215
9205,Kabupaten,92.09,Kabupaten Tambrauw,Papua,Papua Barat Daya,92,9726.0,305.0,9.53,56.32,29.88,4.55,1.09,579473.0,5.02,130.55,31354.0,2.62,11736.14,22.160522484954665,45.26394997987093,0.0004034749689527976,0.0008241173386236057,2.4332692623138428,2.5981690883636475,0.00034593157337819145,0.0006736562218417412,52.53282401543378,21.907465838810893,55547.0,55547.0,1.4436419589165952,0.06736562218417412,69.1913827416557,0.0008241173386236057,False,132.777,-0.7955
9271,Kota,92.71,Kota Sorong,Papua,Papua Barat Daya,92,57332.0,17127.0,2.61,79.93,13.67,3.07,1.01,902534.0,40.68,113.71,298742.0,1455.0,297.31,1537.1411249590856,1604.8487233729925,1.1056479290543657,1.1543492257356145,16.883535385131836,21.535091400146484,0.2598831649822151,0.2821049484227836,36.04959141592641,7.054750547928592,1552.0,1552.0,5.372022425279982,28.21049484227836,4.307779080117058,1.1543492257356145,True,131.3281,-0.8654
9403,Kabupaten,91.03,Kabupaten Jayapura,Papua,Papua,94,117896.0,20429.0,3.77,74.11,11.6,3.26,1.24,729234.0,15.21,110.3,173281.0,12.0,14348.44,1428.732587275961,1882.5147697024488,0.0212509098491313,0.0280004474013428,20.784337997436523,30.62734031677246,0.0098821999950186,0.0118582200234168,39.07766049774565,21.269709964216744,68160.0,68160.0,10.863942207757622,1.1858220023416801,27.56521648652912,0.0280004474013428,False,139.9242,-3.048
9408,Kabupaten,91.05,Kabupaten Kepulauan Yapen,Papua,Papua,94,44479.0,5275.0,3.63,69.65,25.69,7.32,2.78,782033.0,26.09,132.2,118590.0,49.0,2433.57,547.3925583611517,529.8387807998002,0.048057674807652,0.0465165619064921,38.85285568237305,22.13455390930176,0.0122656550984272,0.0150051660628404,33.093142684211244,12.486211724914126,12381.0,12381.0,4.4678200590252155,1.50051660628404,-3.2533017039277468,0.0465165619064921,True,136.3677,-1.756
9409,Kabupaten,91.06,Kabupaten Biak Numfor,Papua,Papua,94,46470.0,6557.0,2.28,73.98,23.46,6.22,2.13,677659.0,35.94,128.26,141103.0,63.0,2252.25,1668.828795260015,1872.5714545677688,0.1584158328191687,0.1777563806013641,18.159103393554688,20.95437240600586,0.0626878750754291,0.0618085964561571,57.16947518383135,21.639656582509776,11196.0,11196.0,13.270954228951679,6.18085964561571,11.512537477383056,0.1777563806013641,False,135.9427,-0.9484
9419,Kabupaten,91.10,Kabupaten Sarmi,Papua,Papua,94,88756.0,3825.0,4.26,66.72,14.05,1.87,0.41,653436.0,5.87,138.87,43092.0,3.0,14037.75,73.46206937362166,159.20397295098678,0.0011172579798989,0.002421275506227,3.664011240005493,5.63041877746582,0.000994585247931804,0.0017227509526571,39.02220550531208,23.580040494339173,66966.0,66966.0,3.6945134352312907,0.17227509526571,76.61579744632148,0.002421275506227,False,139.0521,-2.5618
9420,Kabupaten,91.11,Kabupaten Keerom,Papua,Papua,94,56367.0,3618.0,3.2,68.68,15.84,3.11,0.82,832766.0,9.52,133.04,64179.0,7.0,9080.53,434.1524344495114,692.8960520295536,0.010200455674567,0.0162796633278624,6.242770671844482,5.018731117248535,0.0079150852006104,0.0133395053276756,40.69618916818686,22.43127839336997,43144.0,43144.0,10.796304897701017,1.33395053276756,46.662577462488564,0.0162796633278624,False,140.6637,-3.3268
9426,Kabupaten,91.15,Kabupaten Waropen,Papua,Papua,94,68452.0,2452.0,3.04,66.92,29.85,6.16,1.69,835594.0,10.3,144.6,35814.0,3.0,10796.34,42.813434170975405,80.19739631367665,0.0008464785449354439,0.0015856092054683,2.290348768234253,3.009422779083252,0.0008044993034676662,0.00131770100833,25.8917587125468,12.579113969933468,51389.0,51389.0,2.23927504086884,0.131770100833,61.69426949641239,0.0015856092054683,True,136.6443,-2.7324
9427,Kabupaten,91.19,Kabupaten Supiori,Papua,Papua,94,50794.0,1246.0,3.23,65.15,37.72,12.81,5.35,587783.0,8.25,134.73,24527.0,37.0,670.94,86.66553400264065,91.41954049731002,0.0276280233962077,0.0291435486182233,3.982785701751709,4.33249044418335,0.0211388395078397,0.0237979152446174,62.64653545059277,21.62290880632877,3513.0,3513.0,3.727302177082808,2.37979152446174,5.280961022887354,0.0291435486182233,False,135.6355,-0.7547
9428,Kabupaten,91.20,Kabupaten Mamberamo Raya,Papua,Papua,94,58533.0,2305.0,3.95,55.0,30.29,3.37,0.55,861147.0,7.89,175.63,39388.0,1.0,28903.6,6.5122963190078735,13.944048047065737,4.810424247526999e-05,0.00010300020691396525,1.0085742473602295,1.1945825815200806,5.909343201704742e-05,9.602682702770206e-05,34.373865779060154,20.01391664807688,136762.0,136762.0,0.35401767155137953,0.009602682702770206,68.77719094069312,0.00010300020691396525,False,137.8807,-2.4498
9471,Kota,91.71,Kota Jayapura,Papua,Papua,94,94667.0,39815.0,3.56,81.67,10.72,2.35,0.79,1179015.0,33.84,125.66,420577.0,503.0,758.2,3395.490509125417,4186.037125046696,0.9558933186579212,1.1784467984028617,31.94010734558105,33.390777587890625,0.206985632621699,0.2448360679265449,46.73717655734922,21.79111328965934,3778.0,3778.0,9.953081421586763,24.483606792654488,20.925065840408585,1.1784467984028617,False,140.8137,-2.6703
9501,Kabupaten,91.01,Kabupaten Merauke,Papua,Papua Selatan,95,85002.0,20350.0,5.08,72.73,10.19,1.98,0.67,484224.0,24.72,138.95,239404.0,5.32,44014.03,1790.64055659245,2621.493956142781,0.0086157827155367,0.0126134875215828,13.908244132995604,17.46137237548828,0.0043972228479352,0.0065949568689462,57.84718087788371,31.88316921117927,210191.0,210191.0,10.950084193007557,0.65949568689462,38.09940444942388,0.0126134875215828,False,139.9926,-7.8831
9502,Kabupaten,91.16,Kabupaten Boven Digoel,Papua,Papua Selatan,95,84982.0,5867.0,2.86,64.26,19.24,3.96,1.17,622315.0,14.05,139.28,69035.0,2.93,23653.75,184.37863294780252,252.3496839702129,0.0016570018662793,0.0022678544178816,3.916984796524048,4.229456424713135,0.0011862776225854,0.001348042752938,23.64017757370703,8.278095686788317,112099.0,112099.0,3.6553876145464317,0.13480427529379999,31.237028642078712,0.0022678544178816,True,140.3993,-5.9541
9503,Kabupaten,91.17,Kabupaten Mappi,Papua,Papua Selatan,95,33308.0,3834.0,1.98,61.51,25.7,4.58,1.2,480727.0,27.18,147.15,115102.0,4.74,25826.06,120.65704989433289,210.17490503191948,0.000992124724082372,0.0017282017076204,2.4036567211151123,4.050212860107422,0.0008387137091867106,0.0013896334985544,36.86443210246533,17.301132176443687,122656.0,122656.0,1.8259882976135904,0.13896334985543998,55.14807040747396,0.0017282017076204,False,139.3771,-6.2323
9504,Kabupaten,91.18,Kabupaten Asmat,Papua,Papua Selatan,95,28767.0,3410.0,5.54,53.92,24.5,4.17,1.04,487035.0,26.24,146.77,118534.0,4.74,25024.53,31.26476728916168,49.51695314049721,0.0002658452071591573,0.0004210440635548621,1.606908679008484,2.339531898498535,0.00023808479786884083,0.00035712719680326124,23.35875711065757,10.05039968402079,118590.0,118590.0,0.41774472421834413,0.035712719680326126,44.83331468206764,0.0004210440635548621,True,138.6111,-5.5942
9601,Kabupaten,91.09,Kabupaten Mimika,Papua,Papua Tengah,96,446333.0,146298.0,4.8,76.85,14.18,3.82,1.42,1099143.0,32.09,121.9,327777.0,17.92,17827.77,3428.1354708298163,5412.783934718313,0.0409725919060043,0.0646928305837653,67.7841567993164,43.27439880371094,0.0118892875393714,0.0165862744007162,18.650004150341665,6.912401778567865,84860.0,84860.0,16.513617290774864,1.65862744007162,45.66401016860109,0.0646928305837653,True,136.8141,-4.5783
9602,Kabupaten,91.26,Kabupaten Dogiyai,Papua,Papua Tengah,96,13157.0,1647.0,1.82,57.68,30.03,6.1,1.59,709423.0,30.42,172.02,125178.0,33.0,4644.64,14.10260409116745,29.98674368858337,0.0006472379432680604,0.0013762393232368,1.5444841384887695,2.2995455265045166,0.0006425289362996451,0.0010555832524922,24.790565263481863,9.343684228524328,22228.0,22228.0,0.2395528262840385,0.10555832524922,71.86923047587621,0.0013762393232368,True,135.6451,-4.0049
9603,Kabupaten,91.28,Kabupaten Deiyai,Papua,Papua Tengah,96,16593.0,1767.0,2.77,52.07,39.01,4.76,1.01,770492.0,30.85,180.72,106496.0,37.41,1837.23,6.251422613859177,61.86578595638275,0.000725406529532099,0.0071788211835019,1.074247121810913,3.4367434978485107,0.0006962317933110768,0.0048736225531775,21.30037623820043,5.608255397844134,8856.0,8856.0,0.5809212172887503,0.48736225531774996,215.98044000370368,0.0071788211835019,True,136.403,-4.158
9604,Kabupaten,91.04,Kabupaten Nabire,Papua,Papua Tengah,96,85358.0,14968.0,3.81,71.77,24.0,5.85,2.08,833652.0,36.02,125.32,175358.0,14.85,12264.53,522.3338556946494,1194.7576039830842,0.0090865186339199,0.0207840007176488,10.15060806274414,13.238815307617188,0.0039005238173723,0.0084286679495589,21.18681814510364,9.83358626886818,58828.0,58828.0,6.813248348995108,0.8428667949558899,82.63156338984459,0.0207840007176488,True,135.9756,-3.2149
9605,Kabupaten,91.08,Kabupaten Paniai,Papua,Papua Tengah,96,22570.0,5339.0,2.37,58.69,37.07,6.78,1.82,711078.0,64.34,177.76,236534.0,44.57,4709.04,27.80200216372808,82.80567247505282,0.0012591209187192,0.0037501743143512,4.226702690124512,3.4841551780700684,0.0012776785961661,0.0024562545155655,27.30098601835281,7.030347619511082,22507.0,22507.0,0.35007936480612856,0.24562545155655002,106.80557915307998,0.0037501743143512,True,136.3923,-3.7892
9606,Kabupaten,91.27,Kabupaten Intan Jaya,Papua,Papua Tengah,96,10187.0,1465.0,1.73,50.71,41.42,12.46,4.66,948843.0,22.25,342.93,143853.0,26.97,4633.2,0.0,14.90928241237998,0.0,0.0006864315460374605,0.0,1.4105645418167114,0.0,0.0007366487824712255,24.87980889019528,8.218468362740303,22221.0,22221.0,0.10364248512286835,0.07366487824712255,276.6902738402294,0.0006864315460374605,True,136.6554,-3.395
9607,Kabupaten,91.25,Kabupaten Puncak,Papua,Papua Tengah,96,14455.0,1772.0,2.12,45.6,37.49,5.98,1.22,888666.0,43.73,379.81,122592.0,15.92,7965.69,0.0,0.0,0.0,0.0,0.0,0.0,0.0,0.0,25.577647208289708,9.09362973260437,37960.0,37960.0,0.0,0.0,0.0,0.0,True,137.3231,-3.5644
9608,Kabupaten,91.07,Kabupaten Puncak Jaya,Papua,Papua Tengah,96,7077.0,1664.0,3.61,51.78,35.94,9.81,3.48,879631.0,48.78,334.69,235124.0,39.28,4419.69,2.6623245179653168,15.925092339515686,0.00012850170449349197,0.0007686521669446897,0.908506155014038,1.6155681610107422,9.653346436646986e-05,0.0008205344471149937,24.60771658229137,9.562152408547792,21107.0,21107.0,0.06773061167518282,0.08205344471149938,153.06992145776235,0.0007686521669446897,True,137.7793,-3.4918
9701,Kabupaten,91.24,Kabupaten Nduga,Papua,Papua Pegunungan,97,14377.0,1630.0,3.56,36.3,36.28,5.42,1.22,654456.0,43.42,230.13,113344.0,19.25,6972.35,0.0,0.0,0.0,0.0,0.0,0.0,0.0,0.0,20.13627896491583,6.746144692658223,33252.0,33252.0,0.0,0.0,0.0,0.0,True,138.1324,-4.4078
9702,Kabupaten,91.02,Kabupaten Jayawijaya,Papua,Papua Pegunungan,97,40727.0,11448.0,5.82,61.03,32.28,7.85,2.6,722258.0,68.36,242.78,281090.0,106.92,2636.82,504.53620091080666,459.4690751433373,0.0407948673236592,0.0371509119186285,37.14183807373047,20.069015502929688,0.0121284262407776,0.0129369879901628,24.22718143618323,7.536480086550989,12769.0,12769.0,1.6345977272166825,1.29369879901628,-9.337395147762262,0.0371509119186285,True,138.9593,-4.1261
9703,Kabupaten,91.23,Kabupaten Lanny Jaya,Papua,Papua Pegunungan,97,11955.0,2493.0,6.1,51.59,34.12,6.73,2.01,816044.0,72.1,257.73,208536.0,89.13,3686.53,0.0,25.944396197795868,0.0,0.0015004144690582,0.0,1.739826798439026,0.0,0.0012723024296894,29.49228057148833,6.16046636574409,17648.0,17648.0,0.12441207368414024,0.12723024296894,329.3775342442449,0.0015004144690582,True,138.3172,-3.9529
9704,Kabupaten,91.14,Kabupaten Tolikara,Papua,Papua Pegunungan,97,8830.0,2176.0,3.57,52.05,31.22,2.79,0.42,675908.0,48.73,288.59,246375.0,82.4,3643.99,3.2536923557519914,25.88209220767021,0.00019045816034797425,0.0015150343452462,1.0366146564483645,2.6338961124420166,0.00011707201512845896,0.0011121841437203,25.5525147183626,11.99068542910223,17428.0,17428.0,0.10505161728125909,0.11121841437203,184.36729523869343,0.0015150343452462,True,138.4058,-3.4916
9705,Kabupaten,91.21,Kabupaten Mamberamo Tengah,Papua,Papua Pegunungan,97,28976.0,1554.0,4.03,50.72,35.27,5.1,1.31,713489.0,20.2,285.83,53631.0,13.08,3086.66,0.2235293093265271,0.0,1.544678320003416e-05,0.0,0.2218982130289077,0.3365328013896942,0.0,0.0,24.305921242507303,12.7519126242823,14879.0,14879.0,0.0,0.0,-20.173955892754126,0.0,True,139.0652,-3.6244
9706,Kabupaten,91.22,Kabupaten Yalimo,Papua,Papua Pegunungan,97,15773.0,1709.0,2.78,51.85,30.02,9.19,4.26,600536.0,21.44,243.53,108340.0,34.41,4003.52,9.198998868465424,16.92560738325119,0.0004900426967353635,0.0009016492342884744,1.4555588960647583,1.6506776809692385,0.0004261704594096661,0.0009056122262455404,25.189628097334825,12.232439426867574,19189.0,19189.0,0.1562267618908177,0.09056122262455404,56.3940705289081,0.0009016492342884744,True,139.413,-3.8134
9707,Kabupaten,91.13,Kabupaten Yahukimo,Papua,Papua Pegunungan,97,8478.0,3157.0,3.99,51.98,33.82,4.67,0.93,718084.0,68.32,169.54,372397.0,22.75,14614.75,0.0,32.34456363320351,0.0,0.0004714822133407032,0.0,2.7390410900115967,0.0,0.000349844667824203,20.684577475102436,6.497417551844179,69387.0,69387.0,0.08685505960897512,0.0349844667824203,350.6894749574995,0.0004714822133407032,True,139.4093,-4.3663
9708,Kabupaten,91.12,Kabupaten Pegunungan Bintang,Papua,Papua Pegunungan,97,30334.0,2528.0,2.77,49.36,28.95,6.1,1.83,917115.0,22.87,302.53,83333.0,6.06,15286.65,0.0,0.0,0.0,0.0,0.0,0.0,0.0,0.0,23.86091470783701,8.333122993976072,72472.0,72472.0,0.0,0.0,0.0,0.0,True,140.4873,-4.4988
