pulau,kode_prov,provinsi,kode_kategori,kategori,kode_subkategori,subkategori,adhb_2024_miliar,pangsa_prov_pct,adhb_kategori,pangsa_kategori_prov_pct
Sumatera,11,Aceh,A,"Pertanian, Kehutanan, dan Perikanan",A.1,"Pertanian, Peternakan, Perburuan dan Jasa Pertanian",60082.0,24.705,75318.0,30.969
Sumatera,11,Aceh,A,"Pertanian, Kehutanan, dan Perikanan",A.2,Kehutanan dan Penebangan Kayu,1989.0,0.818,75318.0,30.969
Sumatera,11,Aceh,A,"Pertanian, Kehutanan, dan Perikanan",A.3,Perikanan,13246.0,5.447,75318.0,30.969
Sumatera,11,Aceh,B,Pertambangan dan Penggalian,B.1,"Pertambangan Minyak, Gas dan Panas Bumi",8944.0,3.678,17147.0,7.051
Sumatera,11,Aceh,B,Pertambangan dan Penggalian,B.2,Pertambangan Batubara dan Lignit,4274.0,1.757,17147.0,7.051
Sumatera,11,Aceh,B,Pertambangan dan Penggalian,B.3,Pertambangan Bijih Logam,577.0,0.237,17147.0,7.051
Sumatera,11,Aceh,B,Pertambangan dan Penggalian,B.4,Pertambangan dan Penggalian Lainnya,3351.0,1.378,17147.0,7.051
Sumatera,11,Aceh,C,Industri Pengolahan,C.1,Industri Batubara dan Pengilangan Migas,1626.0,0.669,11463.0,4.713
Sumatera,11,Aceh,C,Industri Pengolahan,C.2,Industri Makanan dan Minuman,6545.0,2.691,11463.0,4.713
Sumatera,11,Aceh,C,Industri Pengolahan,C.3,Industri Pengolahan Tembakau,27.0,0.011,11463.0,4.713
Sumatera,11,Aceh,C,Industri Pengolahan,C.4,Industri Tekstil dan Pakaian Jadi,20.0,0.008,11463.0,4.713
Sumatera,11,Aceh,C,Industri Pengolahan,C.5,"Industri Kulit, Barang dari Kulit dan Alas Kaki",6.0,0.002,11463.0,4.713
Sumatera,11,Aceh,C,Industri Pengolahan,C.6,"Industri Kayu, Barang dari Kayu dan Gabus dan Barang Anyaman dari Bambu, Rotan dan Sejenisnya",74.0,0.03,11463.0,4.713
Sumatera,11,Aceh,C,Industri Pengolahan,C.7,Industri Kertas dan Barang dari Kertas; Percetakan dan Reproduksi Media Rekaman,147.0,0.06,11463.0,4.713
Sumatera,11,Aceh,C,Industri Pengolahan,C.8,"Industri Kimia, Farmasi dan Obat Tradisional",2205.0,0.907,11463.0,4.713
Sumatera,11,Aceh,C,Industri Pengolahan,C.9,"Industri Karet, Barang dari Karet dan Plastik",194.0,0.08,11463.0,4.713
Sumatera,11,Aceh,C,Industri Pengolahan,C.10,Industri Barang Galian bukan Logam,335.0,0.138,11463.0,4.713
Sumatera,11,Aceh,C,Industri Pengolahan,C.11,Industri Logam Dasar,0.0,0.0,11463.0,4.713
Sumatera,11,Aceh,C,Industri Pengolahan,C.12,"Industri Barang Logam; Komputer, Barang Elektronik, Optik; dan Peralatan Listrik",27.0,0.011,11463.0,4.713
Sumatera,11,Aceh,C,Industri Pengolahan,C.13,Industri Mesin dan Perlengkapan,40.0,0.016,11463.0,4.713
Sumatera,11,Aceh,C,Industri Pengolahan,C.14,Industri Alat Angkutan,20.0,0.008,11463.0,4.713
Sumatera,11,Aceh,C,Industri Pengolahan,C.15,Industri Furnitur,189.0,0.078,11463.0,4.713
Sumatera,11,Aceh,C,Industri Pengolahan,C.16,Industri Pengolahan Lainnya; Jasa Reparasi dan Pemasangan Mesin dan Peralatan,9.0,0.004,11463.0,4.713
Sumatera,11,Aceh,D,Pengadaan Listrik dan Gas,D.1,Ketenagalistrikan,221.0,0.091,276.0,0.113
Sumatera,11,Aceh,D,Pengadaan Listrik dan Gas,D.2,Pengadaan Gas dan Produksi Es,55.0,0.023,276.0,0.113
Sumatera,11,Aceh,E,"Pengadaan Air, Pengelolaan Sampah, Limbah dan Daur Ulang",E,"Pengadaan Air, Pengelolaan Sampah, Limbah dan Daur Ulang",115.0,0.047,115.0,0.047
Sumatera,11,Aceh,F,Konstruksi,F,Konstruksi,21393.0,8.796,21393.0,8.796
Sumatera,11,Aceh,G,Perdagangan Besar dan Eceran; Reparasi Mobil dan Sepeda Motor,G.1,"Perdagangan Mobil, Sepeda Motor dan Reparasinya",3497.0,1.438,36462.0,14.992
Sumatera,11,Aceh,G,Perdagangan Besar dan Eceran; Reparasi Mobil dan Sepeda Motor,G.2,"Perdagangan Besar dan Eceran, Bukan Mobil dan Sepeda Motor",32964.0,13.554,36462.0,14.992
Sumatera,11,Aceh,H,Transportasi dan Pergudangan,H.1,Angkutan Rel,0.0,0.0,16914.0,6.955
Sumatera,11,Aceh,H,Transportasi dan Pergudangan,H.2,Angkutan Darat,14847.0,6.105,16914.0,6.955
Sumatera,11,Aceh,H,Transportasi dan Pergudangan,H.3,Angkutan Laut,236.0,0.097,16914.0,6.955
Sumatera,11,Aceh,H,Transportasi dan Pergudangan,H.4,Angkutan Sungai Danau dan Penyeberangan,16.0,0.007,16914.0,6.955
Sumatera,11,Aceh,H,Transportasi dan Pergudangan,H.5,Angkutan Udara,1575.0,0.648,16914.0,6.955
Sumatera,11,Aceh,H,Transportasi dan Pergudangan,H.6,Pergudangan dan Jasa Penunjang Angkutan; Pos dan Kurir,240.0,0.099,16914.0,6.955
Sumatera,11,Aceh,I,Penyediaan Akomodasi dan Makan Minum,I.1,Penyediaan Akomodasi,274.0,0.113,4173.0,1.716
Sumatera,11,Aceh,I,Penyediaan Akomodasi dan Makan Minum,I.2,Penyediaan Makan Minum,3899.0,1.603,4173.0,1.716
Sumatera,11,Aceh,J,Informasi dan Komunikasi,J,Informasi dan Komunikasi,6693.0,2.752,6693.0,2.752
Sumatera,11,Aceh,K,Jasa Keuangan dan Asuransi,K.1,Jasa Perantara Keuangan,3851.0,1.583,4057.0,1.668
Sumatera,11,Aceh,K,Jasa Keuangan dan Asuransi,K.2,Asuransi dan Dana Pensiun,67.0,0.028,4057.0,1.668
Sumatera,11,Aceh,K,Jasa Keuangan dan Asuransi,K.3,Jasa Keuangan Lainnya,138.0,0.057,4057.0,1.668
Sumatera,11,Aceh,K,Jasa Keuangan dan Asuransi,K.4,Jasa Penunjang Keuangan,1.0,0.0,4057.0,1.668
Sumatera,11,Aceh,L,Real Estat,L,Real Estat,8572.0,3.525,8572.0,3.525
Sumatera,11,Aceh,"M,N",Jasa Perusahaan,"M,N",Jasa Perusahaan,1436.0,0.59,1436.0,0.59
Sumatera,11,Aceh,O,"Administrasi Pemerintahan, Pertahanan dan Jaminan Sosial Wajib",O,"Administrasi Pemerintahan, Pertahanan dan Jaminan Sosial Wajib",22088.0,9.082,22088.0,9.082
Sumatera,11,Aceh,P,Jasa Pendidikan,P,Jasa Pendidikan,6419.0,2.639,6419.0,2.639
Sumatera,11,Aceh,Q,Jasa Kesehatan dan Kegiatan Sosial,Q,Jasa Kesehatan dan Kegiatan Sosial,7301.0,3.002,7301.0,3.002
Sumatera,11,Aceh,"R,S,T,U",Jasa lainnya,"R,S,T,U",Jasa lainnya,3376.0,1.388,3376.0,1.388
Sumatera,12,Sumatera Utara,A,"Pertanian, Kehutanan, dan Perikanan",A.1,"Pertanian, Peternakan, Perburuan dan Jasa Pertanian",251494.0,21.928,279732.0,24.39
Sumatera,12,Sumatera Utara,A,"Pertanian, Kehutanan, dan Perikanan",A.2,Kehutanan dan Penebangan Kayu,8772.0,0.765,279732.0,24.39
Sumatera,12,Sumatera Utara,A,"Pertanian, Kehutanan, dan Perikanan",A.3,Perikanan,19467.0,1.697,279732.0,24.39
Sumatera,12,Sumatera Utara,B,Pertambangan dan Penggalian,B.1,"Pertambangan Minyak, Gas dan Panas Bumi",737.0,0.064,13308.0,1.16
Sumatera,12,Sumatera Utara,B,Pertambangan dan Penggalian,B.2,Pertambangan Batubara dan Lignit,0.0,0.0,13308.0,1.16
Sumatera,12,Sumatera Utara,B,Pertambangan dan Penggalian,B.3,Pertambangan Bijih Logam,3116.0,0.272,13308.0,1.16
Sumatera,12,Sumatera Utara,B,Pertambangan dan Penggalian,B.4,Pertambangan dan Penggalian Lainnya,9455.0,0.824,13308.0,1.16
Sumatera,12,Sumatera Utara,C,Industri Pengolahan,C.1,Industri Batubara dan Pengilangan Migas,0.0,0.0,210619.0,18.364
Sumatera,12,Sumatera Utara,C,Industri Pengolahan,C.2,Industri Makanan dan Minuman,160765.0,14.017,210619.0,18.364
Sumatera,12,Sumatera Utara,C,Industri Pengolahan,C.3,Industri Pengolahan Tembakau,2465.0,0.215,210619.0,18.364
Sumatera,12,Sumatera Utara,C,Industri Pengolahan,C.4,Industri Tekstil dan Pakaian Jadi,482.0,0.042,210619.0,18.364
Sumatera,12,Sumatera Utara,C,Industri Pengolahan,C.5,"Industri Kulit, Barang dari Kulit dan Alas Kaki",558.0,0.049,210619.0,18.364
Sumatera,12,Sumatera Utara,C,Industri Pengolahan,C.6,"Industri Kayu, Barang dari Kayu dan Gabus dan Barang Anyaman dari Bambu, Rotan dan Sejenisnya",2038.0,0.178,210619.0,18.364
Sumatera,12,Sumatera Utara,C,Industri Pengolahan,C.7,Industri Kertas dan Barang dari Kertas; Percetakan dan Reproduksi Media Rekaman,3178.0,0.277,210619.0,18.364
Sumatera,12,Sumatera Utara,C,Industri Pengolahan,C.8,"Industri Kimia, Farmasi dan Obat Tradisional",4998.0,0.436,210619.0,18.364
Sumatera,12,Sumatera Utara,C,Industri Pengolahan,C.9,"Industri Karet, Barang dari Karet dan Plastik",10734.0,0.936,210619.0,18.364
Sumatera,12,Sumatera Utara,C,Industri Pengolahan,C.10,Industri Barang Galian bukan Logam,3114.0,0.272,210619.0,18.364
Sumatera,12,Sumatera Utara,C,Industri Pengolahan,C.11,Industri Logam Dasar,19104.0,1.666,210619.0,18.364
Sumatera,12,Sumatera Utara,C,Industri Pengolahan,C.12,"Industri Barang Logam; Komputer, Barang Elektronik, Optik; dan Peralatan Listrik",1591.0,0.139,210619.0,18.364
Sumatera,12,Sumatera Utara,C,Industri Pengolahan,C.13,Industri Mesin dan Perlengkapan,579.0,0.05,210619.0,18.364
Sumatera,12,Sumatera Utara,C,Industri Pengolahan,C.14,Industri Alat Angkutan,90.0,0.008,210619.0,18.364
Sumatera,12,Sumatera Utara,C,Industri Pengolahan,C.15,Industri Furnitur,800.0,0.07,210619.0,18.364
Sumatera,12,Sumatera Utara,C,Industri Pengolahan,C.16,Industri Pengolahan Lainnya; Jasa Reparasi dan Pemasangan Mesin dan Peralatan,122.0,0.011,210619.0,18.364
Sumatera,12,Sumatera Utara,D,Pengadaan Listrik dan Gas,D.1,Ketenagalistrikan,767.0,0.067,1125.0,0.098
Sumatera,12,Sumatera Utara,D,Pengadaan Listrik dan Gas,D.2,Pengadaan Gas dan Produksi Es,358.0,0.031,1125.0,0.098
Sumatera,12,Sumatera Utara,E,"Pengadaan Air, Pengelolaan Sampah, Limbah dan Daur Ulang",E,"Pengadaan Air, Pengelolaan Sampah, Limbah dan Daur Ulang",1002.0,0.087,1002.0,0.087
Sumatera,12,Sumatera Utara,F,Konstruksi,F,Konstruksi,149061.0,12.997,149061.0,12.997
Sumatera,12,Sumatera Utara,G,Perdagangan Besar dan Eceran; Reparasi Mobil dan Sepeda Motor,G.1,"Perdagangan Mobil, Sepeda Motor dan Reparasinya",15004.0,1.308,215709.0,18.808
Sumatera,12,Sumatera Utara,G,Perdagangan Besar dan Eceran; Reparasi Mobil dan Sepeda Motor,G.2,"Perdagangan Besar dan Eceran, Bukan Mobil dan Sepeda Motor",200705.0,17.499,215709.0,18.808
Sumatera,12,Sumatera Utara,H,Transportasi dan Pergudangan,H.1,Angkutan Rel,302.0,0.026,57640.0,5.026
Sumatera,12,Sumatera Utara,H,Transportasi dan Pergudangan,H.2,Angkutan Darat,31147.0,2.716,57640.0,5.026
Sumatera,12,Sumatera Utara,H,Transportasi dan Pergudangan,H.3,Angkutan Laut,3058.0,0.267,57640.0,5.026
Sumatera,12,Sumatera Utara,H,Transportasi dan Pergudangan,H.4,Angkutan Sungai Danau dan Penyeberangan,286.0,0.025,57640.0,5.026
Sumatera,12,Sumatera Utara,H,Transportasi dan Pergudangan,H.5,Angkutan Udara,11213.0,0.978,57640.0,5.026
Sumatera,12,Sumatera Utara,H,Transportasi dan Pergudangan,H.6,Pergudangan dan Jasa Penunjang Angkutan; Pos dan Kurir,11634.0,1.014,57640.0,5.026
Sumatera,12,Sumatera Utara,I,Penyediaan Akomodasi dan Makan Minum,I.1,Penyediaan Akomodasi,2160.0,0.188,25335.0,2.209
Sumatera,12,Sumatera Utara,I,Penyediaan Akomodasi dan Makan Minum,I.2,Penyediaan Makan Minum,23175.0,2.021,25335.0,2.209
Sumatera,12,Sumatera Utara,J,Informasi dan Komunikasi,J,Informasi dan Komunikasi,26125.0,2.278,26125.0,2.278
Sumatera,12,Sumatera Utara,K,Jasa Keuangan dan Asuransi,K.1,Jasa Perantara Keuangan,22713.0,1.98,31626.0,2.757
Sumatera,12,Sumatera Utara,K,Jasa Keuangan dan Asuransi,K.2,Asuransi dan Dana Pensiun,2450.0,0.214,31626.0,2.757
Sumatera,12,Sumatera Utara,K,Jasa Keuangan dan Asuransi,K.3,Jasa Keuangan Lainnya,5944.0,0.518,31626.0,2.757
Sumatera,12,Sumatera Utara,K,Jasa Keuangan dan Asuransi,K.4,Jasa Penunjang Keuangan,518.0,0.045,31626.0,2.757
Sumatera,12,Sumatera Utara,L,Real Estat,L,Real Estat,52204.0,4.552,52204.0,4.552
Sumatera,12,Sumatera Utara,"M,N",Jasa Perusahaan,"M,N",Jasa Perusahaan,12010.0,1.047,12010.0,1.047
Sumatera,12,Sumatera Utara,O,"Administrasi Pemerintahan, Pertahanan dan Jaminan Sosial Wajib",O,"Administrasi Pemerintahan, Pertahanan dan Jaminan Sosial Wajib",34464.0,3.005,34464.0,3.005
Sumatera,12,Sumatera Utara,P,Jasa Pendidikan,P,Jasa Pendidikan,19784.0,1.725,19784.0,1.725
Sumatera,12,Sumatera Utara,Q,Jasa Kesehatan dan Kegiatan Sosial,Q,Jasa Kesehatan dan Kegiatan Sosial,10669.0,0.93,10669.0,0.93
Sumatera,12,Sumatera Utara,"R,S,T,U",Jasa lainnya,"R,S,T,U",Jasa lainnya,6506.0,0.567,6506.0,0.567
Sumatera,13,Sumatera Barat,A,"Pertanian, Kehutanan, dan Perikanan",A.1,"Pertanian, Peternakan, Perburuan dan Jasa Pertanian",53450.0,16.044,71162.0,21.361
Sumatera,13,Sumatera Barat,A,"Pertanian, Kehutanan, dan Perikanan",A.2,Kehutanan dan Penebangan Kayu,3959.0,1.188,71162.0,21.361
Sumatera,13,Sumatera Barat,A,"Pertanian, Kehutanan, dan Perikanan",A.3,Perikanan,13753.0,4.128,71162.0,21.361
Sumatera,13,Sumatera Barat,B,Pertambangan dan Penggalian,B.1,"Pertambangan Minyak, Gas dan Panas Bumi",0.0,0.0,12906.0,3.874
Sumatera,13,Sumatera Barat,B,Pertambangan dan Penggalian,B.2,Pertambangan Batubara dan Lignit,330.0,0.099,12906.0,3.874
Sumatera,13,Sumatera Barat,B,Pertambangan dan Penggalian,B.3,Pertambangan Bijih Logam,0.0,0.0,12906.0,3.874
Sumatera,13,Sumatera Barat,B,Pertambangan dan Penggalian,B.4,Pertambangan dan Penggalian Lainnya,12576.0,3.775,12906.0,3.874
Sumatera,13,Sumatera Barat,C,Industri Pengolahan,C.1,Industri Batubara dan Pengilangan Migas,0.0,0.0,27873.0,8.367
Sumatera,13,Sumatera Barat,C,Industri Pengolahan,C.2,Industri Makanan dan Minuman,13911.0,4.176,27873.0,8.367
Sumatera,13,Sumatera Barat,C,Industri Pengolahan,C.3,Industri Pengolahan Tembakau,18.0,0.005,27873.0,8.367
Sumatera,13,Sumatera Barat,C,Industri Pengolahan,C.4,Industri Tekstil dan Pakaian Jadi,6536.0,1.962,27873.0,8.367
Sumatera,13,Sumatera Barat,C,Industri Pengolahan,C.5,"Industri Kulit, Barang dari Kulit dan Alas Kaki",12.0,0.004,27873.0,8.367
Sumatera,13,Sumatera Barat,C,Industri Pengolahan,C.6,"Industri Kayu, Barang dari Kayu dan Gabus dan Barang Anyaman dari Bambu, Rotan dan Sejenisnya",11.0,0.003,27873.0,8.367
Sumatera,13,Sumatera Barat,C,Industri Pengolahan,C.7,Industri Kertas dan Barang dari Kertas; Percetakan dan Reproduksi Media Rekaman,10.0,0.003,27873.0,8.367
Sumatera,13,Sumatera Barat,C,Industri Pengolahan,C.8,"Industri Kimia, Farmasi dan Obat Tradisional",32.0,0.01,27873.0,8.367
Sumatera,13,Sumatera Barat,C,Industri Pengolahan,C.9,"Industri Karet, Barang dari Karet dan Plastik",2897.0,0.87,27873.0,8.367
Sumatera,13,Sumatera Barat,C,Industri Pengolahan,C.10,Industri Barang Galian bukan Logam,4158.0,1.248,27873.0,8.367
Sumatera,13,Sumatera Barat,C,Industri Pengolahan,C.11,Industri Logam Dasar,0.0,0.0,27873.0,8.367
Sumatera,13,Sumatera Barat,C,Industri Pengolahan,C.12,"Industri Barang Logam; Komputer, Barang Elektronik, Optik; dan Peralatan Listrik",207.0,0.062,27873.0,8.367
Sumatera,13,Sumatera Barat,C,Industri Pengolahan,C.13,Industri Mesin dan Perlengkapan,0.0,0.0,27873.0,8.367
Sumatera,13,Sumatera Barat,C,Industri Pengolahan,C.14,Industri Alat Angkutan,7.0,0.002,27873.0,8.367
Sumatera,13,Sumatera Barat,C,Industri Pengolahan,C.15,Industri Furnitur,29.0,0.009,27873.0,8.367
Sumatera,13,Sumatera Barat,C,Industri Pengolahan,C.16,Industri Pengolahan Lainnya; Jasa Reparasi dan Pemasangan Mesin dan Peralatan,44.0,0.013,27873.0,8.367
Sumatera,13,Sumatera Barat,D,Pengadaan Listrik dan Gas,D.1,Ketenagalistrikan,299.0,0.09,301.0,0.09
Sumatera,13,Sumatera Barat,D,Pengadaan Listrik dan Gas,D.2,Pengadaan Gas dan Produksi Es,3.0,0.001,301.0,0.09
Sumatera,13,Sumatera Barat,E,"Pengadaan Air, Pengelolaan Sampah, Limbah dan Daur Ulang",E,"Pengadaan Air, Pengelolaan Sampah, Limbah dan Daur Ulang",289.0,0.087,289.0,0.087
Sumatera,13,Sumatera Barat,F,Konstruksi,F,Konstruksi,33563.0,10.075,33563.0,10.075
Sumatera,13,Sumatera Barat,G,Perdagangan Besar dan Eceran; Reparasi Mobil dan Sepeda Motor,G.1,"Perdagangan Mobil, Sepeda Motor dan Reparasinya",5008.0,1.503,54978.0,16.503
Sumatera,13,Sumatera Barat,G,Perdagangan Besar dan Eceran; Reparasi Mobil dan Sepeda Motor,G.2,"Perdagangan Besar dan Eceran, Bukan Mobil dan Sepeda Motor",49970.0,14.999,54978.0,16.503
Sumatera,13,Sumatera Barat,H,Transportasi dan Pergudangan,H.1,Angkutan Rel,43.0,0.013,37005.0,11.108
Sumatera,13,Sumatera Barat,H,Transportasi dan Pergudangan,H.2,Angkutan Darat,27987.0,8.401,37005.0,11.108
Sumatera,13,Sumatera Barat,H,Transportasi dan Pergudangan,H.3,Angkutan Laut,598.0,0.18,37005.0,11.108
Sumatera,13,Sumatera Barat,H,Transportasi dan Pergudangan,H.4,Angkutan Sungai Danau dan Penyeberangan,422.0,0.127,37005.0,11.108
Sumatera,13,Sumatera Barat,H,Transportasi dan Pergudangan,H.5,Angkutan Udara,4523.0,1.358,37005.0,11.108
Sumatera,13,Sumatera Barat,H,Transportasi dan Pergudangan,H.6,Pergudangan dan Jasa Penunjang Angkutan; Pos dan Kurir,3433.0,1.03,37005.0,11.108
Sumatera,13,Sumatera Barat,I,Penyediaan Akomodasi dan Makan Minum,I.1,Penyediaan Akomodasi,804.0,0.241,4574.0,1.373
Sumatera,13,Sumatera Barat,I,Penyediaan Akomodasi dan Makan Minum,I.2,Penyediaan Makan Minum,3769.0,1.131,4574.0,1.373
Sumatera,13,Sumatera Barat,J,Informasi dan Komunikasi,J,Informasi dan Komunikasi,22191.0,6.661,22191.0,6.661
Sumatera,13,Sumatera Barat,K,Jasa Keuangan dan Asuransi,K.1,Jasa Perantara Keuangan,6101.0,1.831,10254.0,3.078
Sumatera,13,Sumatera Barat,K,Jasa Keuangan dan Asuransi,K.2,Asuransi dan Dana Pensiun,340.0,0.102,10254.0,3.078
Sumatera,13,Sumatera Barat,K,Jasa Keuangan dan Asuransi,K.3,Jasa Keuangan Lainnya,3711.0,1.114,10254.0,3.078
Sumatera,13,Sumatera Barat,K,Jasa Keuangan dan Asuransi,K.4,Jasa Penunjang Keuangan,103.0,0.031,10254.0,3.078
Sumatera,13,Sumatera Barat,L,Real Estat,L,Real Estat,6965.0,2.091,6965.0,2.091
Sumatera,13,Sumatera Barat,"M,N",Jasa Perusahaan,"M,N",Jasa Perusahaan,1431.0,0.43,1431.0,0.43
Sumatera,13,Sumatera Barat,O,"Administrasi Pemerintahan, Pertahanan dan Jaminan Sosial Wajib",O,"Administrasi Pemerintahan, Pertahanan dan Jaminan Sosial Wajib",22025.0,6.611,22025.0,6.611
Sumatera,13,Sumatera Barat,P,Jasa Pendidikan,P,Jasa Pendidikan,14727.0,4.421,14727.0,4.421
Sumatera,13,Sumatera Barat,Q,Jasa Kesehatan dan Kegiatan Sosial,Q,Jasa Kesehatan dan Kegiatan Sosial,5718.0,1.716,5718.0,1.716
Sumatera,13,Sumatera Barat,"R,S,T,U",Jasa lainnya,"R,S,T,U",Jasa lainnya,7184.0,2.156,7184.0,2.156
Sumatera,14,Riau,A,"Pertanian, Kehutanan, dan Perikanan",A.1,"Pertanian, Peternakan, Perburuan dan Jasa Pertanian",227195.0,20.422,301626.0,27.113
Sumatera,14,Riau,A,"Pertanian, Kehutanan, dan Perikanan",A.2,Kehutanan dan Penebangan Kayu,46031.0,4.138,301626.0,27.113
Sumatera,14,Riau,A,"Pertanian, Kehutanan, dan Perikanan",A.3,Perikanan,28400.0,2.553,301626.0,27.113
Sumatera,14,Riau,B,Pertambangan dan Penggalian,B.1,"Pertambangan Minyak, Gas dan Panas Bumi",149438.0,13.433,205758.0,18.495
Sumatera,14,Riau,B,Pertambangan dan Penggalian,B.2,Pertambangan Batubara dan Lignit,3192.0,0.287,205758.0,18.495
Sumatera,14,Riau,B,Pertambangan dan Penggalian,B.3,Pertambangan Bijih Logam,232.0,0.021,205758.0,18.495
Sumatera,14,Riau,B,Pertambangan dan Penggalian,B.4,Pertambangan dan Penggalian Lainnya,52896.0,4.755,205758.0,18.495
Sumatera,14,Riau,C,Industri Pengolahan,C.1,Industri Batubara dan Pengilangan Migas,22226.0,1.998,312818.0,28.119
Sumatera,14,Riau,C,Industri Pengolahan,C.2,Industri Makanan dan Minuman,230576.0,20.726,312818.0,28.119
Sumatera,14,Riau,C,Industri Pengolahan,C.3,Industri Pengolahan Tembakau,0.0,0.0,312818.0,28.119
Sumatera,14,Riau,C,Industri Pengolahan,C.4,Industri Tekstil dan Pakaian Jadi,507.0,0.046,312818.0,28.119
Sumatera,14,Riau,C,Industri Pengolahan,C.5,"Industri Kulit, Barang dari Kulit dan Alas Kaki",0.0,0.0,312818.0,28.119
Sumatera,14,Riau,C,Industri Pengolahan,C.6,"Industri Kayu, Barang dari Kayu dan Gabus dan Barang Anyaman dari Bambu, Rotan dan Sejenisnya",770.0,0.069,312818.0,28.119
Sumatera,14,Riau,C,Industri Pengolahan,C.7,Industri Kertas dan Barang dari Kertas; Percetakan dan Reproduksi Media Rekaman,42525.0,3.823,312818.0,28.119
Sumatera,14,Riau,C,Industri Pengolahan,C.8,"Industri Kimia, Farmasi dan Obat Tradisional",10609.0,0.954,312818.0,28.119
Sumatera,14,Riau,C,Industri Pengolahan,C.9,"Industri Karet, Barang dari Karet dan Plastik",3236.0,0.291,312818.0,28.119
Sumatera,14,Riau,C,Industri Pengolahan,C.10,Industri Barang Galian bukan Logam,881.0,0.079,312818.0,28.119
Sumatera,14,Riau,C,Industri Pengolahan,C.11,Industri Logam Dasar,0.0,0.0,312818.0,28.119
Sumatera,14,Riau,C,Industri Pengolahan,C.12,"Industri Barang Logam; Komputer, Barang Elektronik, Optik; dan Peralatan Listrik",277.0,0.025,312818.0,28.119
Sumatera,14,Riau,C,Industri Pengolahan,C.13,Industri Mesin dan Perlengkapan,0.0,0.0,312818.0,28.119
Sumatera,14,Riau,C,Industri Pengolahan,C.14,Industri Alat Angkutan,103.0,0.009,312818.0,28.119
Sumatera,14,Riau,C,Industri Pengolahan,C.15,Industri Furnitur,867.0,0.078,312818.0,28.119
Sumatera,14,Riau,C,Industri Pengolahan,C.16,Industri Pengolahan Lainnya; Jasa Reparasi dan Pemasangan Mesin dan Peralatan,240.0,0.022,312818.0,28.119
Sumatera,14,Riau,D,Pengadaan Listrik dan Gas,D.1,Ketenagalistrikan,651.0,0.059,888.0,0.08
Sumatera,14,Riau,D,Pengadaan Listrik dan Gas,D.2,Pengadaan Gas dan Produksi Es,238.0,0.021,888.0,0.08
Sumatera,14,Riau,E,"Pengadaan Air, Pengelolaan Sampah, Limbah dan Daur Ulang",E,"Pengadaan Air, Pengelolaan Sampah, Limbah dan Daur Ulang",109.0,0.01,109.0,0.01
Sumatera,14,Riau,F,Konstruksi,F,Konstruksi,106657.0,9.587,106657.0,9.587
Sumatera,14,Riau,G,Perdagangan Besar dan Eceran; Reparasi Mobil dan Sepeda Motor,G.1,"Perdagangan Mobil, Sepeda Motor dan Reparasinya",32643.0,2.934,114288.0,10.273
Sumatera,14,Riau,G,Perdagangan Besar dan Eceran; Reparasi Mobil dan Sepeda Motor,G.2,"Perdagangan Besar dan Eceran, Bukan Mobil dan Sepeda Motor",81645.0,7.339,114288.0,10.273
Sumatera,14,Riau,H,Transportasi dan Pergudangan,H.1,Angkutan Rel,0.0,0.0,9503.0,0.854
Sumatera,14,Riau,H,Transportasi dan Pergudangan,H.2,Angkutan Darat,5453.0,0.49,9503.0,0.854
Sumatera,14,Riau,H,Transportasi dan Pergudangan,H.3,Angkutan Laut,2007.0,0.18,9503.0,0.854
Sumatera,14,Riau,H,Transportasi dan Pergudangan,H.4,Angkutan Sungai Danau dan Penyeberangan,36.0,0.003,9503.0,0.854
Sumatera,14,Riau,H,Transportasi dan Pergudangan,H.5,Angkutan Udara,1278.0,0.115,9503.0,0.854
Sumatera,14,Riau,H,Transportasi dan Pergudangan,H.6,Pergudangan dan Jasa Penunjang Angkutan; Pos dan Kurir,729.0,0.066,9503.0,0.854
Sumatera,14,Riau,I,Penyediaan Akomodasi dan Makan Minum,I.1,Penyediaan Akomodasi,3988.0,0.358,5495.0,0.494
Sumatera,14,Riau,I,Penyediaan Akomodasi dan Makan Minum,I.2,Penyediaan Makan Minum,1508.0,0.136,5495.0,0.494
Sumatera,14,Riau,J,Informasi dan Komunikasi,J,Informasi dan Komunikasi,8837.0,0.794,8837.0,0.794
Sumatera,14,Riau,K,Jasa Keuangan dan Asuransi,K.1,Jasa Perantara Keuangan,8802.0,0.791,9924.0,0.892
Sumatera,14,Riau,K,Jasa Keuangan dan Asuransi,K.2,Asuransi dan Dana Pensiun,288.0,0.026,9924.0,0.892
Sumatera,14,Riau,K,Jasa Keuangan dan Asuransi,K.3,Jasa Keuangan Lainnya,806.0,0.072,9924.0,0.892
Sumatera,14,Riau,K,Jasa Keuangan dan Asuransi,K.4,Jasa Penunjang Keuangan,28.0,0.003,9924.0,0.892
Sumatera,14,Riau,L,Real Estat,L,Real Estat,9027.0,0.811,9027.0,0.811
Sumatera,14,Riau,"M,N",Jasa Perusahaan,"M,N",Jasa Perusahaan,51.0,0.005,51.0,0.005
Sumatera,14,Riau,O,"Administrasi Pemerintahan, Pertahanan dan Jaminan Sosial Wajib",O,"Administrasi Pemerintahan, Pertahanan dan Jaminan Sosial Wajib",14529.0,1.306,14529.0,1.306
Sumatera,14,Riau,P,Jasa Pendidikan,P,Jasa Pendidikan,5402.0,0.486,5402.0,0.486
Sumatera,14,Riau,Q,Jasa Kesehatan dan Kegiatan Sosial,Q,Jasa Kesehatan dan Kegiatan Sosial,2714.0,0.244,2714.0,0.244
Sumatera,14,Riau,"R,S,T,U",Jasa lainnya,"R,S,T,U",Jasa lainnya,4855.0,0.436,4855.0,0.436
Sumatera,15,Jambi,A,"Pertanian, Kehutanan, dan Perikanan",A.1,"Pertanian, Peternakan, Perburuan dan Jasa Pertanian",99290.0,30.723,109589.0,33.91
Sumatera,15,Jambi,A,"Pertanian, Kehutanan, dan Perikanan",A.2,Kehutanan dan Penebangan Kayu,3306.0,1.023,109589.0,33.91
Sumatera,15,Jambi,A,"Pertanian, Kehutanan, dan Perikanan",A.3,Perikanan,6992.0,2.164,109589.0,33.91
Sumatera,15,Jambi,B,Pertambangan dan Penggalian,B.1,"Pertambangan Minyak, Gas dan Panas Bumi",29068.0,8.995,43505.0,13.462
Sumatera,15,Jambi,B,Pertambangan dan Penggalian,B.2,Pertambangan Batubara dan Lignit,9783.0,3.027,43505.0,13.462
Sumatera,15,Jambi,B,Pertambangan dan Penggalian,B.3,Pertambangan Bijih Logam,159.0,0.049,43505.0,13.462
Sumatera,15,Jambi,B,Pertambangan dan Penggalian,B.4,Pertambangan dan Penggalian Lainnya,4495.0,1.391,43505.0,13.462
Sumatera,15,Jambi,C,Industri Pengolahan,C.1,Industri Batubara dan Pengilangan Migas,7324.0,2.266,31525.0,9.755
Sumatera,15,Jambi,C,Industri Pengolahan,C.2,Industri Makanan dan Minuman,16032.0,4.961,31525.0,9.755
Sumatera,15,Jambi,C,Industri Pengolahan,C.3,Industri Pengolahan Tembakau,1.0,0.0,31525.0,9.755
Sumatera,15,Jambi,C,Industri Pengolahan,C.4,Industri Tekstil dan Pakaian Jadi,47.0,0.015,31525.0,9.755
Sumatera,15,Jambi,C,Industri Pengolahan,C.5,"Industri Kulit, Barang dari Kulit dan Alas Kaki",0.0,0.0,31525.0,9.755
Sumatera,15,Jambi,C,Industri Pengolahan,C.6,"Industri Kayu, Barang dari Kayu dan Gabus dan Barang Anyaman dari Bambu, Rotan dan Sejenisnya",3358.0,1.039,31525.0,9.755
Sumatera,15,Jambi,C,Industri Pengolahan,C.7,Industri Kertas dan Barang dari Kertas; Percetakan dan Reproduksi Media Rekaman,2732.0,0.845,31525.0,9.755
Sumatera,15,Jambi,C,Industri Pengolahan,C.8,"Industri Kimia, Farmasi dan Obat Tradisional",49.0,0.015,31525.0,9.755
Sumatera,15,Jambi,C,Industri Pengolahan,C.9,"Industri Karet, Barang dari Karet dan Plastik",975.0,0.302,31525.0,9.755
Sumatera,15,Jambi,C,Industri Pengolahan,C.10,Industri Barang Galian bukan Logam,412.0,0.127,31525.0,9.755
Sumatera,15,Jambi,C,Industri Pengolahan,C.11,Industri Logam Dasar,0.0,0.0,31525.0,9.755
Sumatera,15,Jambi,C,Industri Pengolahan,C.12,"Industri Barang Logam; Komputer, Barang Elektronik, Optik; dan Peralatan Listrik",4.0,0.001,31525.0,9.755
Sumatera,15,Jambi,C,Industri Pengolahan,C.13,Industri Mesin dan Perlengkapan,11.0,0.003,31525.0,9.755
Sumatera,15,Jambi,C,Industri Pengolahan,C.14,Industri Alat Angkutan,54.0,0.017,31525.0,9.755
Sumatera,15,Jambi,C,Industri Pengolahan,C.15,Industri Furnitur,511.0,0.158,31525.0,9.755
Sumatera,15,Jambi,C,Industri Pengolahan,C.16,Industri Pengolahan Lainnya; Jasa Reparasi dan Pemasangan Mesin dan Peralatan,13.0,0.004,31525.0,9.755
Sumatera,15,Jambi,D,Pengadaan Listrik dan Gas,D.1,Ketenagalistrikan,212.0,0.066,243.0,0.075
Sumatera,15,Jambi,D,Pengadaan Listrik dan Gas,D.2,Pengadaan Gas dan Produksi Es,31.0,0.01,243.0,0.075
Sumatera,15,Jambi,E,"Pengadaan Air, Pengelolaan Sampah, Limbah dan Daur Ulang",E,"Pengadaan Air, Pengelolaan Sampah, Limbah dan Daur Ulang",401.0,0.124,401.0,0.124
Sumatera,15,Jambi,F,Konstruksi,F,Konstruksi,23950.0,7.411,23950.0,7.411
Sumatera,15,Jambi,G,Perdagangan Besar dan Eceran; Reparasi Mobil dan Sepeda Motor,G.1,"Perdagangan Mobil, Sepeda Motor dan Reparasinya",7677.0,2.376,43006.0,13.307
Sumatera,15,Jambi,G,Perdagangan Besar dan Eceran; Reparasi Mobil dan Sepeda Motor,G.2,"Perdagangan Besar dan Eceran, Bukan Mobil dan Sepeda Motor",35329.0,10.932,43006.0,13.307
Sumatera,15,Jambi,H,Transportasi dan Pergudangan,H.1,Angkutan Rel,0.0,0.0,10402.0,3.219
Sumatera,15,Jambi,H,Transportasi dan Pergudangan,H.2,Angkutan Darat,6898.0,2.134,10402.0,3.219
Sumatera,15,Jambi,H,Transportasi dan Pergudangan,H.3,Angkutan Laut,835.0,0.258,10402.0,3.219
Sumatera,15,Jambi,H,Transportasi dan Pergudangan,H.4,Angkutan Sungai Danau dan Penyeberangan,540.0,0.167,10402.0,3.219
Sumatera,15,Jambi,H,Transportasi dan Pergudangan,H.5,Angkutan Udara,1327.0,0.411,10402.0,3.219
Sumatera,15,Jambi,H,Transportasi dan Pergudangan,H.6,Pergudangan dan Jasa Penunjang Angkutan; Pos dan Kurir,802.0,0.248,10402.0,3.219
Sumatera,15,Jambi,I,Penyediaan Akomodasi dan Makan Minum,I.1,Penyediaan Akomodasi,855.0,0.265,3553.0,1.099
Sumatera,15,Jambi,I,Penyediaan Akomodasi dan Makan Minum,I.2,Penyediaan Makan Minum,2697.0,0.835,3553.0,1.099
Sumatera,15,Jambi,J,Informasi dan Komunikasi,J,Informasi dan Komunikasi,11503.0,3.559,11503.0,3.559
Sumatera,15,Jambi,K,Jasa Keuangan dan Asuransi,K.1,Jasa Perantara Keuangan,4711.0,1.458,6965.0,2.155
Sumatera,15,Jambi,K,Jasa Keuangan dan Asuransi,K.2,Asuransi dan Dana Pensiun,935.0,0.289,6965.0,2.155
Sumatera,15,Jambi,K,Jasa Keuangan dan Asuransi,K.3,Jasa Keuangan Lainnya,1299.0,0.402,6965.0,2.155
Sumatera,15,Jambi,K,Jasa Keuangan dan Asuransi,K.4,Jasa Penunjang Keuangan,20.0,0.006,6965.0,2.155
Sumatera,15,Jambi,L,Real Estat,L,Real Estat,4673.0,1.446,4673.0,1.446
Sumatera,15,Jambi,"M,N",Jasa Perusahaan,"M,N",Jasa Perusahaan,4944.0,1.53,4944.0,1.53
Sumatera,15,Jambi,O,"Administrasi Pemerintahan, Pertahanan dan Jaminan Sosial Wajib",O,"Administrasi Pemerintahan, Pertahanan dan Jaminan Sosial Wajib",11913.0,3.686,11913.0,3.686
Sumatera,15,Jambi,P,Jasa Pendidikan,P,Jasa Pendidikan,9893.0,3.061,9893.0,3.061
Sumatera,15,Jambi,Q,Jasa Kesehatan dan Kegiatan Sosial,Q,Jasa Kesehatan dan Kegiatan Sosial,4020.0,1.244,4020.0,1.244
Sumatera,15,Jambi,"R,S,T,U",Jasa lainnya,"R,S,T,U",Jasa lainnya,3089.0,0.956,3089.0,0.956
Sumatera,16,Sumatera Selatan,A,"Pertanian, Kehutanan, dan Perikanan",A.1,"Pertanian, Peternakan, Perburuan dan Jasa Pertanian",63842.0,9.615,89952.0,13.548
Sumatera,16,Sumatera Selatan,A,"Pertanian, Kehutanan, dan Perikanan",A.2,Kehutanan dan Penebangan Kayu,9259.0,1.395,89952.0,13.548
Sumatera,16,Sumatera Selatan,A,"Pertanian, Kehutanan, dan Perikanan",A.3,Perikanan,16850.0,2.538,89952.0,13.548
Sumatera,16,Sumatera Selatan,B,Pertambangan dan Penggalian,B.1,"Pertambangan Minyak, Gas dan Panas Bumi",38931.0,5.863,163333.0,24.6
Sumatera,16,Sumatera Selatan,B,Pertambangan dan Penggalian,B.2,Pertambangan Batubara dan Lignit,92150.0,13.879,163333.0,24.6
Sumatera,16,Sumatera Selatan,B,Pertambangan dan Penggalian,B.3,Pertambangan Bijih Logam,0.0,0.0,163333.0,24.6
Sumatera,16,Sumatera Selatan,B,Pertambangan dan Penggalian,B.4,Pertambangan dan Penggalian Lainnya,32251.0,4.857,163333.0,24.6
Sumatera,16,Sumatera Selatan,C,Industri Pengolahan,C.1,Industri Batubara dan Pengilangan Migas,22515.0,3.391,121455.0,18.292
Sumatera,16,Sumatera Selatan,C,Industri Pengolahan,C.2,Industri Makanan dan Minuman,62887.0,9.471,121455.0,18.292
Sumatera,16,Sumatera Selatan,C,Industri Pengolahan,C.3,Industri Pengolahan Tembakau,1.0,0.0,121455.0,18.292
Sumatera,16,Sumatera Selatan,C,Industri Pengolahan,C.4,Industri Tekstil dan Pakaian Jadi,207.0,0.031,121455.0,18.292
Sumatera,16,Sumatera Selatan,C,Industri Pengolahan,C.5,"Industri Kulit, Barang dari Kulit dan Alas Kaki",1.0,0.0,121455.0,18.292
Sumatera,16,Sumatera Selatan,C,Industri Pengolahan,C.6,"Industri Kayu, Barang dari Kayu dan Gabus dan Barang Anyaman dari Bambu, Rotan dan Sejenisnya",1059.0,0.159,121455.0,18.292
Sumatera,16,Sumatera Selatan,C,Industri Pengolahan,C.7,Industri Kertas dan Barang dari Kertas; Percetakan dan Reproduksi Media Rekaman,8916.0,1.343,121455.0,18.292
Sumatera,16,Sumatera Selatan,C,Industri Pengolahan,C.8,"Industri Kimia, Farmasi dan Obat Tradisional",9161.0,1.38,121455.0,18.292
Sumatera,16,Sumatera Selatan,C,Industri Pengolahan,C.9,"Industri Karet, Barang dari Karet dan Plastik",13614.0,2.05,121455.0,18.292
Sumatera,16,Sumatera Selatan,C,Industri Pengolahan,C.10,Industri Barang Galian bukan Logam,1702.0,0.256,121455.0,18.292
Sumatera,16,Sumatera Selatan,C,Industri Pengolahan,C.11,Industri Logam Dasar,60.0,0.009,121455.0,18.292
Sumatera,16,Sumatera Selatan,C,Industri Pengolahan,C.12,"Industri Barang Logam; Komputer, Barang Elektronik, Optik; dan Peralatan Listrik",682.0,0.103,121455.0,18.292
Sumatera,16,Sumatera Selatan,C,Industri Pengolahan,C.13,Industri Mesin dan Perlengkapan,20.0,0.003,121455.0,18.292
Sumatera,16,Sumatera Selatan,C,Industri Pengolahan,C.14,Industri Alat Angkutan,109.0,0.016,121455.0,18.292
Sumatera,16,Sumatera Selatan,C,Industri Pengolahan,C.15,Industri Furnitur,184.0,0.028,121455.0,18.292
Sumatera,16,Sumatera Selatan,C,Industri Pengolahan,C.16,Industri Pengolahan Lainnya; Jasa Reparasi dan Pemasangan Mesin dan Peralatan,335.0,0.05,121455.0,18.292
Sumatera,16,Sumatera Selatan,D,Pengadaan Listrik dan Gas,D.1,Ketenagalistrikan,763.0,0.115,877.0,0.132
Sumatera,16,Sumatera Selatan,D,Pengadaan Listrik dan Gas,D.2,Pengadaan Gas dan Produksi Es,113.0,0.017,877.0,0.132
Sumatera,16,Sumatera Selatan,E,"Pengadaan Air, Pengelolaan Sampah, Limbah dan Daur Ulang",E,"Pengadaan Air, Pengelolaan Sampah, Limbah dan Daur Ulang",641.0,0.097,641.0,0.097
Sumatera,16,Sumatera Selatan,F,Konstruksi,F,Konstruksi,71717.0,10.801,71717.0,10.801
Sumatera,16,Sumatera Selatan,G,Perdagangan Besar dan Eceran; Reparasi Mobil dan Sepeda Motor,G.1,"Perdagangan Mobil, Sepeda Motor dan Reparasinya",11380.0,1.714,91959.0,13.85
Sumatera,16,Sumatera Selatan,G,Perdagangan Besar dan Eceran; Reparasi Mobil dan Sepeda Motor,G.2,"Perdagangan Besar dan Eceran, Bukan Mobil dan Sepeda Motor",80579.0,12.136,91959.0,13.85
Sumatera,16,Sumatera Selatan,H,Transportasi dan Pergudangan,H.1,Angkutan Rel,1607.0,0.242,16579.0,2.497
Sumatera,16,Sumatera Selatan,H,Transportasi dan Pergudangan,H.2,Angkutan Darat,6967.0,1.049,16579.0,2.497
Sumatera,16,Sumatera Selatan,H,Transportasi dan Pergudangan,H.3,Angkutan Laut,444.0,0.067,16579.0,2.497
Sumatera,16,Sumatera Selatan,H,Transportasi dan Pergudangan,H.4,Angkutan Sungai Danau dan Penyeberangan,603.0,0.091,16579.0,2.497
Sumatera,16,Sumatera Selatan,H,Transportasi dan Pergudangan,H.5,Angkutan Udara,5553.0,0.836,16579.0,2.497
Sumatera,16,Sumatera Selatan,H,Transportasi dan Pergudangan,H.6,Pergudangan dan Jasa Penunjang Angkutan; Pos dan Kurir,1407.0,0.212,16579.0,2.497
Sumatera,16,Sumatera Selatan,I,Penyediaan Akomodasi dan Makan Minum,I.1,Penyediaan Akomodasi,1588.0,0.239,13371.0,2.014
Sumatera,16,Sumatera Selatan,I,Penyediaan Akomodasi dan Makan Minum,I.2,Penyediaan Makan Minum,11783.0,1.775,13371.0,2.014
Sumatera,16,Sumatera Selatan,J,Informasi dan Komunikasi,J,Informasi dan Komunikasi,19905.0,2.998,19905.0,2.998
Sumatera,16,Sumatera Selatan,K,Jasa Keuangan dan Asuransi,K.1,Jasa Perantara Keuangan,9464.0,1.425,14164.0,2.133
Sumatera,16,Sumatera Selatan,K,Jasa Keuangan dan Asuransi,K.2,Asuransi dan Dana Pensiun,3231.0,0.487,14164.0,2.133
Sumatera,16,Sumatera Selatan,K,Jasa Keuangan dan Asuransi,K.3,Jasa Keuangan Lainnya,1460.0,0.22,14164.0,2.133
Sumatera,16,Sumatera Selatan,K,Jasa Keuangan dan Asuransi,K.4,Jasa Penunjang Keuangan,9.0,0.001,14164.0,2.133
Sumatera,16,Sumatera Selatan,L,Real Estat,L,Real Estat,19503.0,2.937,19503.0,2.937
Sumatera,16,Sumatera Selatan,"M,N",Jasa Perusahaan,"M,N",Jasa Perusahaan,748.0,0.113,748.0,0.113
Sumatera,16,Sumatera Selatan,O,"Administrasi Pemerintahan, Pertahanan dan Jaminan Sosial Wajib",O,"Administrasi Pemerintahan, Pertahanan dan Jaminan Sosial Wajib",16670.0,2.511,16670.0,2.511
Sumatera,16,Sumatera Selatan,P,Jasa Pendidikan,P,Jasa Pendidikan,14280.0,2.151,14280.0,2.151
Sumatera,16,Sumatera Selatan,Q,Jasa Kesehatan dan Kegiatan Sosial,Q,Jasa Kesehatan dan Kegiatan Sosial,4155.0,0.626,4155.0,0.626
Sumatera,16,Sumatera Selatan,"R,S,T,U",Jasa lainnya,"R,S,T,U",Jasa lainnya,4655.0,0.701,4655.0,0.701
Sumatera,17,Bengkulu,A,"Pertanian, Kehutanan, dan Perikanan",A.1,"Pertanian, Peternakan, Perburuan dan Jasa Pertanian",23452.0,22.552,31019.0,29.828
Sumatera,17,Bengkulu,A,"Pertanian, Kehutanan, dan Perikanan",A.2,Kehutanan dan Penebangan Kayu,405.0,0.389,31019.0,29.828
Sumatera,17,Bengkulu,A,"Pertanian, Kehutanan, dan Perikanan",A.3,Perikanan,7162.0,6.887,31019.0,29.828
Sumatera,17,Bengkulu,B,Pertambangan dan Penggalian,B.1,"Pertambangan Minyak, Gas dan Panas Bumi",0.0,0.0,4371.0,4.203
Sumatera,17,Bengkulu,B,Pertambangan dan Penggalian,B.2,Pertambangan Batubara dan Lignit,2600.0,2.5,4371.0,4.203
Sumatera,17,Bengkulu,B,Pertambangan dan Penggalian,B.3,Pertambangan Bijih Logam,34.0,0.033,4371.0,4.203
Sumatera,17,Bengkulu,B,Pertambangan dan Penggalian,B.4,Pertambangan dan Penggalian Lainnya,1737.0,1.67,4371.0,4.203
Sumatera,17,Bengkulu,C,Industri Pengolahan,C.1,Industri Batubara dan Pengilangan Migas,0.0,0.0,5396.0,5.189
Sumatera,17,Bengkulu,C,Industri Pengolahan,C.2,Industri Makanan dan Minuman,4927.0,4.738,5396.0,5.189
Sumatera,17,Bengkulu,C,Industri Pengolahan,C.3,Industri Pengolahan Tembakau,0.0,0.0,5396.0,5.189
Sumatera,17,Bengkulu,C,Industri Pengolahan,C.4,Industri Tekstil dan Pakaian Jadi,2.0,0.002,5396.0,5.189
Sumatera,17,Bengkulu,C,Industri Pengolahan,C.5,"Industri Kulit, Barang dari Kulit dan Alas Kaki",1.0,0.001,5396.0,5.189
Sumatera,17,Bengkulu,C,Industri Pengolahan,C.6,"Industri Kayu, Barang dari Kayu dan Gabus dan Barang Anyaman dari Bambu, Rotan dan Sejenisnya",3.0,0.003,5396.0,5.189
Sumatera,17,Bengkulu,C,Industri Pengolahan,C.7,Industri Kertas dan Barang dari Kertas; Percetakan dan Reproduksi Media Rekaman,6.0,0.006,5396.0,5.189
Sumatera,17,Bengkulu,C,Industri Pengolahan,C.8,"Industri Kimia, Farmasi dan Obat Tradisional",1.0,0.001,5396.0,5.189
Sumatera,17,Bengkulu,C,Industri Pengolahan,C.9,"Industri Karet, Barang dari Karet dan Plastik",257.0,0.247,5396.0,5.189
Sumatera,17,Bengkulu,C,Industri Pengolahan,C.10,Industri Barang Galian bukan Logam,3.0,0.003,5396.0,5.189
Sumatera,17,Bengkulu,C,Industri Pengolahan,C.11,Industri Logam Dasar,0.0,0.0,5396.0,5.189
Sumatera,17,Bengkulu,C,Industri Pengolahan,C.12,"Industri Barang Logam; Komputer, Barang Elektronik, Optik; dan Peralatan Listrik",164.0,0.158,5396.0,5.189
Sumatera,17,Bengkulu,C,Industri Pengolahan,C.13,Industri Mesin dan Perlengkapan,0.0,0.0,5396.0,5.189
Sumatera,17,Bengkulu,C,Industri Pengolahan,C.14,Industri Alat Angkutan,0.0,0.0,5396.0,5.189
Sumatera,17,Bengkulu,C,Industri Pengolahan,C.15,Industri Furnitur,28.0,0.027,5396.0,5.189
Sumatera,17,Bengkulu,C,Industri Pengolahan,C.16,Industri Pengolahan Lainnya; Jasa Reparasi dan Pemasangan Mesin dan Peralatan,5.0,0.005,5396.0,5.189
Sumatera,17,Bengkulu,D,Pengadaan Listrik dan Gas,D.1,Ketenagalistrikan,102.0,0.098,103.0,0.099
Sumatera,17,Bengkulu,D,Pengadaan Listrik dan Gas,D.2,Pengadaan Gas dan Produksi Es,1.0,0.001,103.0,0.099
Sumatera,17,Bengkulu,E,"Pengadaan Air, Pengelolaan Sampah, Limbah dan Daur Ulang",E,"Pengadaan Air, Pengelolaan Sampah, Limbah dan Daur Ulang",188.0,0.181,188.0,0.181
Sumatera,17,Bengkulu,F,Konstruksi,F,Konstruksi,5083.0,4.888,5083.0,4.888
Sumatera,17,Bengkulu,G,Perdagangan Besar dan Eceran; Reparasi Mobil dan Sepeda Motor,G.1,"Perdagangan Mobil, Sepeda Motor dan Reparasinya",3309.0,3.182,14353.0,13.802
Sumatera,17,Bengkulu,G,Perdagangan Besar dan Eceran; Reparasi Mobil dan Sepeda Motor,G.2,"Perdagangan Besar dan Eceran, Bukan Mobil dan Sepeda Motor",11044.0,10.62,14353.0,13.802
Sumatera,17,Bengkulu,H,Transportasi dan Pergudangan,H.1,Angkutan Rel,0.0,0.0,10028.0,9.643
Sumatera,17,Bengkulu,H,Transportasi dan Pergudangan,H.2,Angkutan Darat,5554.0,5.341,10028.0,9.643
Sumatera,17,Bengkulu,H,Transportasi dan Pergudangan,H.3,Angkutan Laut,915.0,0.88,10028.0,9.643
Sumatera,17,Bengkulu,H,Transportasi dan Pergudangan,H.4,Angkutan Sungai Danau dan Penyeberangan,74.0,0.071,10028.0,9.643
Sumatera,17,Bengkulu,H,Transportasi dan Pergudangan,H.5,Angkutan Udara,3293.0,3.167,10028.0,9.643
Sumatera,17,Bengkulu,H,Transportasi dan Pergudangan,H.6,Pergudangan dan Jasa Penunjang Angkutan; Pos dan Kurir,192.0,0.185,10028.0,9.643
Sumatera,17,Bengkulu,I,Penyediaan Akomodasi dan Makan Minum,I.1,Penyediaan Akomodasi,104.0,0.1,1889.0,1.816
Sumatera,17,Bengkulu,I,Penyediaan Akomodasi dan Makan Minum,I.2,Penyediaan Makan Minum,1784.0,1.716,1889.0,1.816
Sumatera,17,Bengkulu,J,Informasi dan Komunikasi,J,Informasi dan Komunikasi,4111.0,3.953,4111.0,3.953
Sumatera,17,Bengkulu,K,Jasa Keuangan dan Asuransi,K.1,Jasa Perantara Keuangan,2330.0,2.241,2974.0,2.86
Sumatera,17,Bengkulu,K,Jasa Keuangan dan Asuransi,K.2,Asuransi dan Dana Pensiun,18.0,0.017,2974.0,2.86
Sumatera,17,Bengkulu,K,Jasa Keuangan dan Asuransi,K.3,Jasa Keuangan Lainnya,625.0,0.601,2974.0,2.86
Sumatera,17,Bengkulu,K,Jasa Keuangan dan Asuransi,K.4,Jasa Penunjang Keuangan,2.0,0.002,2974.0,2.86
Sumatera,17,Bengkulu,L,Real Estat,L,Real Estat,3407.0,3.276,3407.0,3.276
Sumatera,17,Bengkulu,"M,N",Jasa Perusahaan,"M,N",Jasa Perusahaan,2419.0,2.326,2419.0,2.326
Sumatera,17,Bengkulu,O,"Administrasi Pemerintahan, Pertahanan dan Jaminan Sosial Wajib",O,"Administrasi Pemerintahan, Pertahanan dan Jaminan Sosial Wajib",9149.0,8.798,9149.0,8.798
Sumatera,17,Bengkulu,P,Jasa Pendidikan,P,Jasa Pendidikan,6378.0,6.133,6378.0,6.133
Sumatera,17,Bengkulu,Q,Jasa Kesehatan dan Kegiatan Sosial,Q,Jasa Kesehatan dan Kegiatan Sosial,2150.0,2.067,2150.0,2.067
Sumatera,17,Bengkulu,"R,S,T,U",Jasa lainnya,"R,S,T,U",Jasa lainnya,975.0,0.938,975.0,0.938
Sumatera,18,Lampung,A,"Pertanian, Kehutanan, dan Perikanan",A.1,"Pertanian, Peternakan, Perburuan dan Jasa Pertanian",104390.0,21.566,127267.0,26.292
Sumatera,18,Lampung,A,"Pertanian, Kehutanan, dan Perikanan",A.2,Kehutanan dan Penebangan Kayu,193.0,0.04,127267.0,26.292
Sumatera,18,Lampung,A,"Pertanian, Kehutanan, dan Perikanan",A.3,Perikanan,22684.0,4.686,127267.0,26.292
Sumatera,18,Lampung,B,Pertambangan dan Penggalian,B.1,"Pertambangan Minyak, Gas dan Panas Bumi",11873.0,2.453,24746.0,5.112
Sumatera,18,Lampung,B,Pertambangan dan Penggalian,B.2,Pertambangan Batubara dan Lignit,0.0,0.0,24746.0,5.112
Sumatera,18,Lampung,B,Pertambangan dan Penggalian,B.3,Pertambangan Bijih Logam,330.0,0.068,24746.0,5.112
Sumatera,18,Lampung,B,Pertambangan dan Penggalian,B.4,Pertambangan dan Penggalian Lainnya,12543.0,2.591,24746.0,5.112
Sumatera,18,Lampung,C,Industri Pengolahan,C.1,Industri Batubara dan Pengilangan Migas,22.0,0.005,91478.0,18.899
Sumatera,18,Lampung,C,Industri Pengolahan,C.2,Industri Makanan dan Minuman,78010.0,16.116,91478.0,18.899
Sumatera,18,Lampung,C,Industri Pengolahan,C.3,Industri Pengolahan Tembakau,30.0,0.006,91478.0,18.899
Sumatera,18,Lampung,C,Industri Pengolahan,C.4,Industri Tekstil dan Pakaian Jadi,38.0,0.008,91478.0,18.899
Sumatera,18,Lampung,C,Industri Pengolahan,C.5,"Industri Kulit, Barang dari Kulit dan Alas Kaki",0.0,0.0,91478.0,18.899
Sumatera,18,Lampung,C,Industri Pengolahan,C.6,"Industri Kayu, Barang dari Kayu dan Gabus dan Barang Anyaman dari Bambu, Rotan dan Sejenisnya",106.0,0.022,91478.0,18.899
Sumatera,18,Lampung,C,Industri Pengolahan,C.7,Industri Kertas dan Barang dari Kertas; Percetakan dan Reproduksi Media Rekaman,905.0,0.187,91478.0,18.899
Sumatera,18,Lampung,C,Industri Pengolahan,C.8,"Industri Kimia, Farmasi dan Obat Tradisional",3238.0,0.669,91478.0,18.899
Sumatera,18,Lampung,C,Industri Pengolahan,C.9,"Industri Karet, Barang dari Karet dan Plastik",5153.0,1.065,91478.0,18.899
Sumatera,18,Lampung,C,Industri Pengolahan,C.10,Industri Barang Galian bukan Logam,1277.0,0.264,91478.0,18.899
Sumatera,18,Lampung,C,Industri Pengolahan,C.11,Industri Logam Dasar,239.0,0.049,91478.0,18.899
Sumatera,18,Lampung,C,Industri Pengolahan,C.12,"Industri Barang Logam; Komputer, Barang Elektronik, Optik; dan Peralatan Listrik",347.0,0.072,91478.0,18.899
Sumatera,18,Lampung,C,Industri Pengolahan,C.13,Industri Mesin dan Perlengkapan,1655.0,0.342,91478.0,18.899
Sumatera,18,Lampung,C,Industri Pengolahan,C.14,Industri Alat Angkutan,195.0,0.04,91478.0,18.899
Sumatera,18,Lampung,C,Industri Pengolahan,C.15,Industri Furnitur,166.0,0.034,91478.0,18.899
Sumatera,18,Lampung,C,Industri Pengolahan,C.16,Industri Pengolahan Lainnya; Jasa Reparasi dan Pemasangan Mesin dan Peralatan,96.0,0.02,91478.0,18.899
Sumatera,18,Lampung,D,Pengadaan Listrik dan Gas,D.1,Ketenagalistrikan,411.0,0.085,508.0,0.105
Sumatera,18,Lampung,D,Pengadaan Listrik dan Gas,D.2,Pengadaan Gas dan Produksi Es,98.0,0.02,508.0,0.105
Sumatera,18,Lampung,E,"Pengadaan Air, Pengelolaan Sampah, Limbah dan Daur Ulang",E,"Pengadaan Air, Pengelolaan Sampah, Limbah dan Daur Ulang",465.0,0.096,465.0,0.096
Sumatera,18,Lampung,F,Konstruksi,F,Konstruksi,45804.0,9.463,45804.0,9.463
Sumatera,18,Lampung,G,Perdagangan Besar dan Eceran; Reparasi Mobil dan Sepeda Motor,G.1,"Perdagangan Mobil, Sepeda Motor dan Reparasinya",11243.0,2.323,68925.0,14.239
Sumatera,18,Lampung,G,Perdagangan Besar dan Eceran; Reparasi Mobil dan Sepeda Motor,G.2,"Perdagangan Besar dan Eceran, Bukan Mobil dan Sepeda Motor",57682.0,11.917,68925.0,14.239
Sumatera,18,Lampung,H,Transportasi dan Pergudangan,H.1,Angkutan Rel,644.0,0.133,35928.0,7.422
Sumatera,18,Lampung,H,Transportasi dan Pergudangan,H.2,Angkutan Darat,30042.0,6.206,35928.0,7.422
Sumatera,18,Lampung,H,Transportasi dan Pergudangan,H.3,Angkutan Laut,1581.0,0.327,35928.0,7.422
Sumatera,18,Lampung,H,Transportasi dan Pergudangan,H.4,Angkutan Sungai Danau dan Penyeberangan,1150.0,0.238,35928.0,7.422
Sumatera,18,Lampung,H,Transportasi dan Pergudangan,H.5,Angkutan Udara,339.0,0.07,35928.0,7.422
Sumatera,18,Lampung,H,Transportasi dan Pergudangan,H.6,Pergudangan dan Jasa Penunjang Angkutan; Pos dan Kurir,2172.0,0.449,35928.0,7.422
Sumatera,18,Lampung,I,Penyediaan Akomodasi dan Makan Minum,I.1,Penyediaan Akomodasi,216.0,0.045,7796.0,1.611
Sumatera,18,Lampung,I,Penyediaan Akomodasi dan Makan Minum,I.2,Penyediaan Makan Minum,7581.0,1.566,7796.0,1.611
Sumatera,18,Lampung,J,Informasi dan Komunikasi,J,Informasi dan Komunikasi,18860.0,3.896,18860.0,3.896
Sumatera,18,Lampung,K,Jasa Keuangan dan Asuransi,K.1,Jasa Perantara Keuangan,7558.0,1.561,9636.0,1.991
Sumatera,18,Lampung,K,Jasa Keuangan dan Asuransi,K.2,Asuransi dan Dana Pensiun,702.0,0.145,9636.0,1.991
Sumatera,18,Lampung,K,Jasa Keuangan dan Asuransi,K.3,Jasa Keuangan Lainnya,1370.0,0.283,9636.0,1.991
Sumatera,18,Lampung,K,Jasa Keuangan dan Asuransi,K.4,Jasa Penunjang Keuangan,6.0,0.001,9636.0,1.991
Sumatera,18,Lampung,L,Real Estat,L,Real Estat,12725.0,2.629,12725.0,2.629
Sumatera,18,Lampung,"M,N",Jasa Perusahaan,"M,N",Jasa Perusahaan,807.0,0.167,807.0,0.167
Sumatera,18,Lampung,O,"Administrasi Pemerintahan, Pertahanan dan Jaminan Sosial Wajib",O,"Administrasi Pemerintahan, Pertahanan dan Jaminan Sosial Wajib",14972.0,3.093,14972.0,3.093
Sumatera,18,Lampung,P,Jasa Pendidikan,P,Jasa Pendidikan,13677.0,2.826,13677.0,2.826
Sumatera,18,Lampung,Q,Jasa Kesehatan dan Kegiatan Sosial,Q,Jasa Kesehatan dan Kegiatan Sosial,4839.0,1.0,4839.0,1.0
Sumatera,18,Lampung,"R,S,T,U",Jasa lainnya,"R,S,T,U",Jasa lainnya,5608.0,1.159,5608.0,1.159
Sumatera,19,Kepulauan Bangka Belitung,A,"Pertanian, Kehutanan, dan Perikanan",A.1,"Pertanian, Peternakan, Perburuan dan Jasa Pertanian",13474.0,12.534,21786.0,20.265
Sumatera,19,Kepulauan Bangka Belitung,A,"Pertanian, Kehutanan, dan Perikanan",A.2,Kehutanan dan Penebangan Kayu,309.0,0.287,21786.0,20.265
Sumatera,19,Kepulauan Bangka Belitung,A,"Pertanian, Kehutanan, dan Perikanan",A.3,Perikanan,8004.0,7.445,21786.0,20.265
Sumatera,19,Kepulauan Bangka Belitung,B,Pertambangan dan Penggalian,B.1,"Pertambangan Minyak, Gas dan Panas Bumi",508.0,0.473,8110.0,7.544
Sumatera,19,Kepulauan Bangka Belitung,B,Pertambangan dan Penggalian,B.2,Pertambangan Batubara dan Lignit,0.0,0.0,8110.0,7.544
Sumatera,19,Kepulauan Bangka Belitung,B,Pertambangan dan Penggalian,B.3,Pertambangan Bijih Logam,4916.0,4.573,8110.0,7.544
Sumatera,19,Kepulauan Bangka Belitung,B,Pertambangan dan Penggalian,B.4,Pertambangan dan Penggalian Lainnya,2686.0,2.499,8110.0,7.544
Sumatera,19,Kepulauan Bangka Belitung,C,Industri Pengolahan,C.1,Industri Batubara dan Pengilangan Migas,0.0,0.0,22142.0,20.597
Sumatera,19,Kepulauan Bangka Belitung,C,Industri Pengolahan,C.2,Industri Makanan dan Minuman,10680.0,9.935,22142.0,20.597
Sumatera,19,Kepulauan Bangka Belitung,C,Industri Pengolahan,C.3,Industri Pengolahan Tembakau,0.0,0.0,22142.0,20.597
Sumatera,19,Kepulauan Bangka Belitung,C,Industri Pengolahan,C.4,Industri Tekstil dan Pakaian Jadi,69.0,0.064,22142.0,20.597
Sumatera,19,Kepulauan Bangka Belitung,C,Industri Pengolahan,C.5,"Industri Kulit, Barang dari Kulit dan Alas Kaki",0.0,0.0,22142.0,20.597
Sumatera,19,Kepulauan Bangka Belitung,C,Industri Pengolahan,C.6,"Industri Kayu, Barang dari Kayu dan Gabus dan Barang Anyaman dari Bambu, Rotan dan Sejenisnya",327.0,0.304,22142.0,20.597
Sumatera,19,Kepulauan Bangka Belitung,C,Industri Pengolahan,C.7,Industri Kertas dan Barang dari Kertas; Percetakan dan Reproduksi Media Rekaman,131.0,0.122,22142.0,20.597
Sumatera,19,Kepulauan Bangka Belitung,C,Industri Pengolahan,C.8,"Industri Kimia, Farmasi dan Obat Tradisional",47.0,0.044,22142.0,20.597
Sumatera,19,Kepulauan Bangka Belitung,C,Industri Pengolahan,C.9,"Industri Karet, Barang dari Karet dan Plastik",441.0,0.41,22142.0,20.597
Sumatera,19,Kepulauan Bangka Belitung,C,Industri Pengolahan,C.10,Industri Barang Galian bukan Logam,984.0,0.915,22142.0,20.597
Sumatera,19,Kepulauan Bangka Belitung,C,Industri Pengolahan,C.11,Industri Logam Dasar,9179.0,8.538,22142.0,20.597
Sumatera,19,Kepulauan Bangka Belitung,C,Industri Pengolahan,C.12,"Industri Barang Logam; Komputer, Barang Elektronik, Optik; dan Peralatan Listrik",176.0,0.164,22142.0,20.597
Sumatera,19,Kepulauan Bangka Belitung,C,Industri Pengolahan,C.13,Industri Mesin dan Perlengkapan,0.0,0.0,22142.0,20.597
Sumatera,19,Kepulauan Bangka Belitung,C,Industri Pengolahan,C.14,Industri Alat Angkutan,69.0,0.064,22142.0,20.597
Sumatera,19,Kepulauan Bangka Belitung,C,Industri Pengolahan,C.15,Industri Furnitur,13.0,0.012,22142.0,20.597
Sumatera,19,Kepulauan Bangka Belitung,C,Industri Pengolahan,C.16,Industri Pengolahan Lainnya; Jasa Reparasi dan Pemasangan Mesin dan Peralatan,26.0,0.024,22142.0,20.597
Sumatera,19,Kepulauan Bangka Belitung,D,Pengadaan Listrik dan Gas,D.1,Ketenagalistrikan,108.0,0.1,118.0,0.11
Sumatera,19,Kepulauan Bangka Belitung,D,Pengadaan Listrik dan Gas,D.2,Pengadaan Gas dan Produksi Es,9.0,0.008,118.0,0.11
Sumatera,19,Kepulauan Bangka Belitung,E,"Pengadaan Air, Pengelolaan Sampah, Limbah dan Daur Ulang",E,"Pengadaan Air, Pengelolaan Sampah, Limbah dan Daur Ulang",21.0,0.02,21.0,0.02
Sumatera,19,Kepulauan Bangka Belitung,F,Konstruksi,F,Konstruksi,9784.0,9.101,9784.0,9.101
Sumatera,19,Kepulauan Bangka Belitung,G,Perdagangan Besar dan Eceran; Reparasi Mobil dan Sepeda Motor,G.1,"Perdagangan Mobil, Sepeda Motor dan Reparasinya",1526.0,1.419,16515.0,15.362
Sumatera,19,Kepulauan Bangka Belitung,G,Perdagangan Besar dan Eceran; Reparasi Mobil dan Sepeda Motor,G.2,"Perdagangan Besar dan Eceran, Bukan Mobil dan Sepeda Motor",14990.0,13.944,16515.0,15.362
Sumatera,19,Kepulauan Bangka Belitung,H,Transportasi dan Pergudangan,H.1,Angkutan Rel,0.0,0.0,5219.0,4.855
Sumatera,19,Kepulauan Bangka Belitung,H,Transportasi dan Pergudangan,H.2,Angkutan Darat,1933.0,1.798,5219.0,4.855
Sumatera,19,Kepulauan Bangka Belitung,H,Transportasi dan Pergudangan,H.3,Angkutan Laut,692.0,0.644,5219.0,4.855
Sumatera,19,Kepulauan Bangka Belitung,H,Transportasi dan Pergudangan,H.4,Angkutan Sungai Danau dan Penyeberangan,75.0,0.07,5219.0,4.855
Sumatera,19,Kepulauan Bangka Belitung,H,Transportasi dan Pergudangan,H.5,Angkutan Udara,1838.0,1.71,5219.0,4.855
Sumatera,19,Kepulauan Bangka Belitung,H,Transportasi dan Pergudangan,H.6,Pergudangan dan Jasa Penunjang Angkutan; Pos dan Kurir,680.0,0.633,5219.0,4.855
Sumatera,19,Kepulauan Bangka Belitung,I,Penyediaan Akomodasi dan Makan Minum,I.1,Penyediaan Akomodasi,117.0,0.109,3491.0,3.247
Sumatera,19,Kepulauan Bangka Belitung,I,Penyediaan Akomodasi dan Makan Minum,I.2,Penyediaan Makan Minum,3374.0,3.139,3491.0,3.247
Sumatera,19,Kepulauan Bangka Belitung,J,Informasi dan Komunikasi,J,Informasi dan Komunikasi,2527.0,2.351,2527.0,2.351
Sumatera,19,Kepulauan Bangka Belitung,K,Jasa Keuangan dan Asuransi,K.1,Jasa Perantara Keuangan,1742.0,1.62,2111.0,1.964
Sumatera,19,Kepulauan Bangka Belitung,K,Jasa Keuangan dan Asuransi,K.2,Asuransi dan Dana Pensiun,72.0,0.067,2111.0,1.964
Sumatera,19,Kepulauan Bangka Belitung,K,Jasa Keuangan dan Asuransi,K.3,Jasa Keuangan Lainnya,295.0,0.274,2111.0,1.964
Sumatera,19,Kepulauan Bangka Belitung,K,Jasa Keuangan dan Asuransi,K.4,Jasa Penunjang Keuangan,3.0,0.003,2111.0,1.964
Sumatera,19,Kepulauan Bangka Belitung,L,Real Estat,L,Real Estat,3650.0,3.395,3650.0,3.395
Sumatera,19,Kepulauan Bangka Belitung,"M,N",Jasa Perusahaan,"M,N",Jasa Perusahaan,326.0,0.303,326.0,0.303
Sumatera,19,Kepulauan Bangka Belitung,O,"Administrasi Pemerintahan, Pertahanan dan Jaminan Sosial Wajib",O,"Administrasi Pemerintahan, Pertahanan dan Jaminan Sosial Wajib",5890.0,5.479,5890.0,5.479
Sumatera,19,Kepulauan Bangka Belitung,P,Jasa Pendidikan,P,Jasa Pendidikan,3361.0,3.126,3361.0,3.126
Sumatera,19,Kepulauan Bangka Belitung,Q,Jasa Kesehatan dan Kegiatan Sosial,Q,Jasa Kesehatan dan Kegiatan Sosial,1458.0,1.356,1458.0,1.356
Sumatera,19,Kepulauan Bangka Belitung,"R,S,T,U",Jasa lainnya,"R,S,T,U",Jasa lainnya,993.0,0.924,993.0,0.924
Sumatera,21,Kepulauan Riau,A,"Pertanian, Kehutanan, dan Perikanan",A.1,"Pertanian, Peternakan, Perburuan dan Jasa Pertanian",4276.0,1.213,10356.0,2.938
Sumatera,21,Kepulauan Riau,A,"Pertanian, Kehutanan, dan Perikanan",A.2,Kehutanan dan Penebangan Kayu,26.0,0.007,10356.0,2.938
Sumatera,21,Kepulauan Riau,A,"Pertanian, Kehutanan, dan Perikanan",A.3,Perikanan,6053.0,1.717,10356.0,2.938
Sumatera,21,Kepulauan Riau,B,Pertambangan dan Penggalian,B.1,"Pertambangan Minyak, Gas dan Panas Bumi",28550.0,8.101,34242.0,9.716
Sumatera,21,Kepulauan Riau,B,Pertambangan dan Penggalian,B.2,Pertambangan Batubara dan Lignit,0.0,0.0,34242.0,9.716
Sumatera,21,Kepulauan Riau,B,Pertambangan dan Penggalian,B.3,Pertambangan Bijih Logam,4375.0,1.241,34242.0,9.716
Sumatera,21,Kepulauan Riau,B,Pertambangan dan Penggalian,B.4,Pertambangan dan Penggalian Lainnya,1318.0,0.374,34242.0,9.716
Sumatera,21,Kepulauan Riau,C,Industri Pengolahan,C.1,Industri Batubara dan Pengilangan Migas,0.0,0.0,144629.0,41.037
Sumatera,21,Kepulauan Riau,C,Industri Pengolahan,C.2,Industri Makanan dan Minuman,2582.0,0.733,144629.0,41.037
Sumatera,21,Kepulauan Riau,C,Industri Pengolahan,C.3,Industri Pengolahan Tembakau,838.0,0.238,144629.0,41.037
Sumatera,21,Kepulauan Riau,C,Industri Pengolahan,C.4,Industri Tekstil dan Pakaian Jadi,1723.0,0.489,144629.0,41.037
Sumatera,21,Kepulauan Riau,C,Industri Pengolahan,C.5,"Industri Kulit, Barang dari Kulit dan Alas Kaki",107.0,0.03,144629.0,41.037
Sumatera,21,Kepulauan Riau,C,Industri Pengolahan,C.6,"Industri Kayu, Barang dari Kayu dan Gabus dan Barang Anyaman dari Bambu, Rotan dan Sejenisnya",822.0,0.233,144629.0,41.037
Sumatera,21,Kepulauan Riau,C,Industri Pengolahan,C.7,Industri Kertas dan Barang dari Kertas; Percetakan dan Reproduksi Media Rekaman,548.0,0.155,144629.0,41.037
Sumatera,21,Kepulauan Riau,C,Industri Pengolahan,C.8,"Industri Kimia, Farmasi dan Obat Tradisional",629.0,0.178,144629.0,41.037
Sumatera,21,Kepulauan Riau,C,Industri Pengolahan,C.9,"Industri Karet, Barang dari Karet dan Plastik",3375.0,0.958,144629.0,41.037
Sumatera,21,Kepulauan Riau,C,Industri Pengolahan,C.10,Industri Barang Galian bukan Logam,245.0,0.07,144629.0,41.037
Sumatera,21,Kepulauan Riau,C,Industri Pengolahan,C.11,Industri Logam Dasar,12198.0,3.461,144629.0,41.037
Sumatera,21,Kepulauan Riau,C,Industri Pengolahan,C.12,"Industri Barang Logam; Komputer, Barang Elektronik, Optik; dan Peralatan Listrik",94583.0,26.837,144629.0,41.037
Sumatera,21,Kepulauan Riau,C,Industri Pengolahan,C.13,Industri Mesin dan Perlengkapan,7945.0,2.254,144629.0,41.037
Sumatera,21,Kepulauan Riau,C,Industri Pengolahan,C.14,Industri Alat Angkutan,10083.0,2.861,144629.0,41.037
Sumatera,21,Kepulauan Riau,C,Industri Pengolahan,C.15,Industri Furnitur,2987.0,0.848,144629.0,41.037
Sumatera,21,Kepulauan Riau,C,Industri Pengolahan,C.16,Industri Pengolahan Lainnya; Jasa Reparasi dan Pemasangan Mesin dan Peralatan,5964.0,1.692,144629.0,41.037
Sumatera,21,Kepulauan Riau,D,Pengadaan Listrik dan Gas,D.1,Ketenagalistrikan,679.0,0.193,3865.0,1.097
Sumatera,21,Kepulauan Riau,D,Pengadaan Listrik dan Gas,D.2,Pengadaan Gas dan Produksi Es,3186.0,0.904,3865.0,1.097
Sumatera,21,Kepulauan Riau,E,"Pengadaan Air, Pengelolaan Sampah, Limbah dan Daur Ulang",E,"Pengadaan Air, Pengelolaan Sampah, Limbah dan Daur Ulang",343.0,0.097,343.0,0.097
Sumatera,21,Kepulauan Riau,F,Konstruksi,F,Konstruksi,71356.0,20.247,71356.0,20.247
Sumatera,21,Kepulauan Riau,G,Perdagangan Besar dan Eceran; Reparasi Mobil dan Sepeda Motor,G.1,"Perdagangan Mobil, Sepeda Motor dan Reparasinya",7062.0,2.004,32603.0,9.251
Sumatera,21,Kepulauan Riau,G,Perdagangan Besar dan Eceran; Reparasi Mobil dan Sepeda Motor,G.2,"Perdagangan Besar dan Eceran, Bukan Mobil dan Sepeda Motor",25540.0,7.247,32603.0,9.251
Sumatera,21,Kepulauan Riau,H,Transportasi dan Pergudangan,H.1,Angkutan Rel,0.0,0.0,7207.0,2.045
Sumatera,21,Kepulauan Riau,H,Transportasi dan Pergudangan,H.2,Angkutan Darat,1182.0,0.335,7207.0,2.045
Sumatera,21,Kepulauan Riau,H,Transportasi dan Pergudangan,H.3,Angkutan Laut,2672.0,0.758,7207.0,2.045
Sumatera,21,Kepulauan Riau,H,Transportasi dan Pergudangan,H.4,Angkutan Sungai Danau dan Penyeberangan,14.0,0.004,7207.0,2.045
Sumatera,21,Kepulauan Riau,H,Transportasi dan Pergudangan,H.5,Angkutan Udara,2846.0,0.808,7207.0,2.045
Sumatera,21,Kepulauan Riau,H,Transportasi dan Pergudangan,H.6,Pergudangan dan Jasa Penunjang Angkutan; Pos dan Kurir,494.0,0.14,7207.0,2.045
Sumatera,21,Kepulauan Riau,I,Penyediaan Akomodasi dan Makan Minum,I.1,Penyediaan Akomodasi,3692.0,1.048,6681.0,1.896
Sumatera,21,Kepulauan Riau,I,Penyediaan Akomodasi dan Makan Minum,I.2,Penyediaan Makan Minum,2990.0,0.848,6681.0,1.896
Sumatera,21,Kepulauan Riau,J,Informasi dan Komunikasi,J,Informasi dan Komunikasi,9389.0,2.664,9389.0,2.664
Sumatera,21,Kepulauan Riau,K,Jasa Keuangan dan Asuransi,K.1,Jasa Perantara Keuangan,6005.0,1.704,9644.0,2.736
Sumatera,21,Kepulauan Riau,K,Jasa Keuangan dan Asuransi,K.2,Asuransi dan Dana Pensiun,3551.0,1.008,9644.0,2.736
Sumatera,21,Kepulauan Riau,K,Jasa Keuangan dan Asuransi,K.3,Jasa Keuangan Lainnya,55.0,0.016,9644.0,2.736
Sumatera,21,Kepulauan Riau,K,Jasa Keuangan dan Asuransi,K.4,Jasa Penunjang Keuangan,34.0,0.01,9644.0,2.736
Sumatera,21,Kepulauan Riau,L,Real Estat,L,Real Estat,3883.0,1.102,3883.0,1.102
Sumatera,21,Kepulauan Riau,"M,N",Jasa Perusahaan,"M,N",Jasa Perusahaan,12.0,0.003,12.0,0.003
Sumatera,21,Kepulauan Riau,O,"Administrasi Pemerintahan, Pertahanan dan Jaminan Sosial Wajib",O,"Administrasi Pemerintahan, Pertahanan dan Jaminan Sosial Wajib",9223.0,2.617,9223.0,2.617
Sumatera,21,Kepulauan Riau,P,Jasa Pendidikan,P,Jasa Pendidikan,4703.0,1.334,4703.0,1.334
Sumatera,21,Kepulauan Riau,Q,Jasa Kesehatan dan Kegiatan Sosial,Q,Jasa Kesehatan dan Kegiatan Sosial,3124.0,0.886,3124.0,0.886
Sumatera,21,Kepulauan Riau,"R,S,T,U",Jasa lainnya,"R,S,T,U",Jasa lainnya,1176.0,0.334,1176.0,0.334
Jawa,31,DKI Jakarta,A,"Pertanian, Kehutanan, dan Perikanan",A.1,"Pertanian, Peternakan, Perburuan dan Jasa Pertanian",1447.0,0.039,2763.0,0.075
Jawa,31,DKI Jakarta,A,"Pertanian, Kehutanan, dan Perikanan",A.2,Kehutanan dan Penebangan Kayu,0.0,0.0,2763.0,0.075
Jawa,31,DKI Jakarta,A,"Pertanian, Kehutanan, dan Perikanan",A.3,Perikanan,1316.0,0.036,2763.0,0.075
Jawa,31,DKI Jakarta,B,Pertambangan dan Penggalian,B.1,"Pertambangan Minyak, Gas dan Panas Bumi",5168.0,0.14,5717.0,0.155
Jawa,31,DKI Jakarta,B,Pertambangan dan Penggalian,B.2,Pertambangan Batubara dan Lignit,0.0,0.0,5717.0,0.155
Jawa,31,DKI Jakarta,B,Pertambangan dan Penggalian,B.3,Pertambangan Bijih Logam,0.0,0.0,5717.0,0.155
Jawa,31,DKI Jakarta,B,Pertambangan dan Penggalian,B.4,Pertambangan dan Penggalian Lainnya,550.0,0.015,5717.0,0.155
Jawa,31,DKI Jakarta,C,Industri Pengolahan,C.1,Industri Batubara dan Pengilangan Migas,116.0,0.003,422940.0,11.494
Jawa,31,DKI Jakarta,C,Industri Pengolahan,C.2,Industri Makanan dan Minuman,33746.0,0.917,422940.0,11.494
Jawa,31,DKI Jakarta,C,Industri Pengolahan,C.3,Industri Pengolahan Tembakau,0.0,0.0,422940.0,11.494
Jawa,31,DKI Jakarta,C,Industri Pengolahan,C.4,Industri Tekstil dan Pakaian Jadi,23100.0,0.628,422940.0,11.494
Jawa,31,DKI Jakarta,C,Industri Pengolahan,C.5,"Industri Kulit, Barang dari Kulit dan Alas Kaki",410.0,0.011,422940.0,11.494
Jawa,31,DKI Jakarta,C,Industri Pengolahan,C.6,"Industri Kayu, Barang dari Kayu dan Gabus dan Barang Anyaman dari Bambu, Rotan dan Sejenisnya",964.0,0.026,422940.0,11.494
Jawa,31,DKI Jakarta,C,Industri Pengolahan,C.7,Industri Kertas dan Barang dari Kertas; Percetakan dan Reproduksi Media Rekaman,15151.0,0.412,422940.0,11.494
Jawa,31,DKI Jakarta,C,Industri Pengolahan,C.8,"Industri Kimia, Farmasi dan Obat Tradisional",58913.0,1.601,422940.0,11.494
Jawa,31,DKI Jakarta,C,Industri Pengolahan,C.9,"Industri Karet, Barang dari Karet dan Plastik",6111.0,0.166,422940.0,11.494
Jawa,31,DKI Jakarta,C,Industri Pengolahan,C.10,Industri Barang Galian bukan Logam,2176.0,0.059,422940.0,11.494
Jawa,31,DKI Jakarta,C,Industri Pengolahan,C.11,Industri Logam Dasar,12077.0,0.328,422940.0,11.494
Jawa,31,DKI Jakarta,C,Industri Pengolahan,C.12,"Industri Barang Logam; Komputer, Barang Elektronik, Optik; dan Peralatan Listrik",33303.0,0.905,422940.0,11.494
Jawa,31,DKI Jakarta,C,Industri Pengolahan,C.13,Industri Mesin dan Perlengkapan,705.0,0.019,422940.0,11.494
Jawa,31,DKI Jakarta,C,Industri Pengolahan,C.14,Industri Alat Angkutan,223830.0,6.083,422940.0,11.494
Jawa,31,DKI Jakarta,C,Industri Pengolahan,C.15,Industri Furnitur,5253.0,0.143,422940.0,11.494
Jawa,31,DKI Jakarta,C,Industri Pengolahan,C.16,Industri Pengolahan Lainnya; Jasa Reparasi dan Pemasangan Mesin dan Peralatan,7087.0,0.193,422940.0,11.494
Jawa,31,DKI Jakarta,D,Pengadaan Listrik dan Gas,D.1,Ketenagalistrikan,3265.0,0.089,5628.0,0.153
Jawa,31,DKI Jakarta,D,Pengadaan Listrik dan Gas,D.2,Pengadaan Gas dan Produksi Es,2364.0,0.064,5628.0,0.153
Jawa,31,DKI Jakarta,E,"Pengadaan Air, Pengelolaan Sampah, Limbah dan Daur Ulang",E,"Pengadaan Air, Pengelolaan Sampah, Limbah dan Daur Ulang",1121.0,0.03,1121.0,0.03
Jawa,31,DKI Jakarta,F,Konstruksi,F,Konstruksi,401306.0,10.906,401306.0,10.906
Jawa,31,DKI Jakarta,G,Perdagangan Besar dan Eceran; Reparasi Mobil dan Sepeda Motor,G.1,"Perdagangan Mobil, Sepeda Motor dan Reparasinya",81926.0,2.226,662471.0,18.003
Jawa,31,DKI Jakarta,G,Perdagangan Besar dan Eceran; Reparasi Mobil dan Sepeda Motor,G.2,"Perdagangan Besar dan Eceran, Bukan Mobil dan Sepeda Motor",580545.0,15.777,662471.0,18.003
Jawa,31,DKI Jakarta,H,Transportasi dan Pergudangan,H.1,Angkutan Rel,3433.0,0.093,166936.0,4.537
Jawa,31,DKI Jakarta,H,Transportasi dan Pergudangan,H.2,Angkutan Darat,82508.0,2.242,166936.0,4.537
Jawa,31,DKI Jakarta,H,Transportasi dan Pergudangan,H.3,Angkutan Laut,12903.0,0.351,166936.0,4.537
Jawa,31,DKI Jakarta,H,Transportasi dan Pergudangan,H.4,Angkutan Sungai Danau dan Penyeberangan,46.0,0.001,166936.0,4.537
Jawa,31,DKI Jakarta,H,Transportasi dan Pergudangan,H.5,Angkutan Udara,12370.0,0.336,166936.0,4.537
Jawa,31,DKI Jakarta,H,Transportasi dan Pergudangan,H.6,Pergudangan dan Jasa Penunjang Angkutan; Pos dan Kurir,55676.0,1.513,166936.0,4.537
Jawa,31,DKI Jakarta,I,Penyediaan Akomodasi dan Makan Minum,I.1,Penyediaan Akomodasi,18640.0,0.507,178511.0,4.851
Jawa,31,DKI Jakarta,I,Penyediaan Akomodasi dan Makan Minum,I.2,Penyediaan Makan Minum,159870.0,4.345,178511.0,4.851
Jawa,31,DKI Jakarta,J,Informasi dan Komunikasi,J,Informasi dan Komunikasi,342478.0,9.307,342478.0,9.307
Jawa,31,DKI Jakarta,K,Jasa Keuangan dan Asuransi,K.1,Jasa Perantara Keuangan,262510.0,7.134,408186.0,11.093
Jawa,31,DKI Jakarta,K,Jasa Keuangan dan Asuransi,K.2,Asuransi dan Dana Pensiun,102899.0,2.796,408186.0,11.093
Jawa,31,DKI Jakarta,K,Jasa Keuangan dan Asuransi,K.3,Jasa Keuangan Lainnya,28086.0,0.763,408186.0,11.093
Jawa,31,DKI Jakarta,K,Jasa Keuangan dan Asuransi,K.4,Jasa Penunjang Keuangan,14692.0,0.399,408186.0,11.093
Jawa,31,DKI Jakarta,L,Real Estat,L,Real Estat,200045.0,5.436,200045.0,5.436
Jawa,31,DKI Jakarta,"M,N",Jasa Perusahaan,"M,N",Jasa Perusahaan,323348.0,8.787,323348.0,8.787
Jawa,31,DKI Jakarta,O,"Administrasi Pemerintahan, Pertahanan dan Jaminan Sosial Wajib",O,"Administrasi Pemerintahan, Pertahanan dan Jaminan Sosial Wajib",157016.0,4.267,157016.0,4.267
Jawa,31,DKI Jakarta,P,Jasa Pendidikan,P,Jasa Pendidikan,159542.0,4.336,159542.0,4.336
Jawa,31,DKI Jakarta,Q,Jasa Kesehatan dan Kegiatan Sosial,Q,Jasa Kesehatan dan Kegiatan Sosial,82005.0,2.229,82005.0,2.229
Jawa,31,DKI Jakarta,"R,S,T,U",Jasa lainnya,"R,S,T,U",Jasa lainnya,159695.0,4.34,159695.0,4.34
Jawa,32,Jawa Barat,A,"Pertanian, Kehutanan, dan Perikanan",A.1,"Pertanian, Peternakan, Perburuan dan Jasa Pertanian",210828.0,7.467,237632.0,8.416
Jawa,32,Jawa Barat,A,"Pertanian, Kehutanan, dan Perikanan",A.2,Kehutanan dan Penebangan Kayu,1702.0,0.06,237632.0,8.416
Jawa,32,Jawa Barat,A,"Pertanian, Kehutanan, dan Perikanan",A.3,Perikanan,25102.0,0.889,237632.0,8.416
Jawa,32,Jawa Barat,B,Pertambangan dan Penggalian,B.1,"Pertambangan Minyak, Gas dan Panas Bumi",15241.0,0.54,27473.0,0.973
Jawa,32,Jawa Barat,B,Pertambangan dan Penggalian,B.2,Pertambangan Batubara dan Lignit,0.0,0.0,27473.0,0.973
Jawa,32,Jawa Barat,B,Pertambangan dan Penggalian,B.3,Pertambangan Bijih Logam,1704.0,0.06,27473.0,0.973
Jawa,32,Jawa Barat,B,Pertambangan dan Penggalian,B.4,Pertambangan dan Penggalian Lainnya,10529.0,0.373,27473.0,0.973
Jawa,32,Jawa Barat,C,Industri Pengolahan,C.1,Industri Batubara dan Pengilangan Migas,39557.0,1.401,1168548.0,41.387
Jawa,32,Jawa Barat,C,Industri Pengolahan,C.2,Industri Makanan dan Minuman,167037.0,5.916,1168548.0,41.387
Jawa,32,Jawa Barat,C,Industri Pengolahan,C.3,Industri Pengolahan Tembakau,3633.0,0.129,1168548.0,41.387
Jawa,32,Jawa Barat,C,Industri Pengolahan,C.4,Industri Tekstil dan Pakaian Jadi,181080.0,6.413,1168548.0,41.387
Jawa,32,Jawa Barat,C,Industri Pengolahan,C.5,"Industri Kulit, Barang dari Kulit dan Alas Kaki",17305.0,0.613,1168548.0,41.387
Jawa,32,Jawa Barat,C,Industri Pengolahan,C.6,"Industri Kayu, Barang dari Kayu dan Gabus dan Barang Anyaman dari Bambu, Rotan dan Sejenisnya",6645.0,0.235,1168548.0,41.387
Jawa,32,Jawa Barat,C,Industri Pengolahan,C.7,Industri Kertas dan Barang dari Kertas; Percetakan dan Reproduksi Media Rekaman,27420.0,0.971,1168548.0,41.387
Jawa,32,Jawa Barat,C,Industri Pengolahan,C.8,"Industri Kimia, Farmasi dan Obat Tradisional",90218.0,3.195,1168548.0,41.387
Jawa,32,Jawa Barat,C,Industri Pengolahan,C.9,"Industri Karet, Barang dari Karet dan Plastik",27439.0,0.972,1168548.0,41.387
Jawa,32,Jawa Barat,C,Industri Pengolahan,C.10,Industri Barang Galian bukan Logam,16444.0,0.582,1168548.0,41.387
Jawa,32,Jawa Barat,C,Industri Pengolahan,C.11,Industri Logam Dasar,36046.0,1.277,1168548.0,41.387
Jawa,32,Jawa Barat,C,Industri Pengolahan,C.12,"Industri Barang Logam; Komputer, Barang Elektronik, Optik; dan Peralatan Listrik",220106.0,7.796,1168548.0,41.387
Jawa,32,Jawa Barat,C,Industri Pengolahan,C.13,Industri Mesin dan Perlengkapan,101129.0,3.582,1168548.0,41.387
Jawa,32,Jawa Barat,C,Industri Pengolahan,C.14,Industri Alat Angkutan,220663.0,7.815,1168548.0,41.387
Jawa,32,Jawa Barat,C,Industri Pengolahan,C.15,Industri Furnitur,3631.0,0.129,1168548.0,41.387
Jawa,32,Jawa Barat,C,Industri Pengolahan,C.16,Industri Pengolahan Lainnya; Jasa Reparasi dan Pemasangan Mesin dan Peralatan,10195.0,0.361,1168548.0,41.387
Jawa,32,Jawa Barat,D,Pengadaan Listrik dan Gas,D.1,Ketenagalistrikan,4395.0,0.156,12059.0,0.427
Jawa,32,Jawa Barat,D,Pengadaan Listrik dan Gas,D.2,Pengadaan Gas dan Produksi Es,7664.0,0.271,12059.0,0.427
Jawa,32,Jawa Barat,E,"Pengadaan Air, Pengelolaan Sampah, Limbah dan Daur Ulang",E,"Pengadaan Air, Pengelolaan Sampah, Limbah dan Daur Ulang",2872.0,0.102,2872.0,0.102
Jawa,32,Jawa Barat,F,Konstruksi,F,Konstruksi,238501.0,8.447,238501.0,8.447
Jawa,32,Jawa Barat,G,Perdagangan Besar dan Eceran; Reparasi Mobil dan Sepeda Motor,G.1,"Perdagangan Mobil, Sepeda Motor dan Reparasinya",47166.0,1.671,408257.0,14.459
Jawa,32,Jawa Barat,G,Perdagangan Besar dan Eceran; Reparasi Mobil dan Sepeda Motor,G.2,"Perdagangan Besar dan Eceran, Bukan Mobil dan Sepeda Motor",361092.0,12.789,408257.0,14.459
Jawa,32,Jawa Barat,H,Transportasi dan Pergudangan,H.1,Angkutan Rel,2222.0,0.079,176286.0,6.244
Jawa,32,Jawa Barat,H,Transportasi dan Pergudangan,H.2,Angkutan Darat,164900.0,5.84,176286.0,6.244
Jawa,32,Jawa Barat,H,Transportasi dan Pergudangan,H.3,Angkutan Laut,413.0,0.015,176286.0,6.244
Jawa,32,Jawa Barat,H,Transportasi dan Pergudangan,H.4,Angkutan Sungai Danau dan Penyeberangan,2.0,0.0,176286.0,6.244
Jawa,32,Jawa Barat,H,Transportasi dan Pergudangan,H.5,Angkutan Udara,1808.0,0.064,176286.0,6.244
Jawa,32,Jawa Barat,H,Transportasi dan Pergudangan,H.6,Pergudangan dan Jasa Penunjang Angkutan; Pos dan Kurir,6941.0,0.246,176286.0,6.244
Jawa,32,Jawa Barat,I,Penyediaan Akomodasi dan Makan Minum,I.1,Penyediaan Akomodasi,9353.0,0.331,86660.0,3.069
Jawa,32,Jawa Barat,I,Penyediaan Akomodasi dan Makan Minum,I.2,Penyediaan Makan Minum,77307.0,2.738,86660.0,3.069
Jawa,32,Jawa Barat,J,Informasi dan Komunikasi,J,Informasi dan Komunikasi,108135.0,3.83,108135.0,3.83
Jawa,32,Jawa Barat,K,Jasa Keuangan dan Asuransi,K.1,Jasa Perantara Keuangan,59977.0,2.124,78558.0,2.782
Jawa,32,Jawa Barat,K,Jasa Keuangan dan Asuransi,K.2,Asuransi dan Dana Pensiun,7274.0,0.258,78558.0,2.782
Jawa,32,Jawa Barat,K,Jasa Keuangan dan Asuransi,K.3,Jasa Keuangan Lainnya,10169.0,0.36,78558.0,2.782
Jawa,32,Jawa Barat,K,Jasa Keuangan dan Asuransi,K.4,Jasa Penunjang Keuangan,1137.0,0.04,78558.0,2.782
Jawa,32,Jawa Barat,L,Real Estat,L,Real Estat,32865.0,1.164,32865.0,1.164
Jawa,32,Jawa Barat,"M,N",Jasa Perusahaan,"M,N",Jasa Perusahaan,13105.0,0.464,13105.0,0.464
Jawa,32,Jawa Barat,O,"Administrasi Pemerintahan, Pertahanan dan Jaminan Sosial Wajib",O,"Administrasi Pemerintahan, Pertahanan dan Jaminan Sosial Wajib",50520.0,1.789,50520.0,1.789
Jawa,32,Jawa Barat,P,Jasa Pendidikan,P,Jasa Pendidikan,92230.0,3.267,92230.0,3.267
Jawa,32,Jawa Barat,Q,Jasa Kesehatan dan Kegiatan Sosial,Q,Jasa Kesehatan dan Kegiatan Sosial,22909.0,0.811,22909.0,0.811
Jawa,32,Jawa Barat,"R,S,T,U",Jasa lainnya,"R,S,T,U",Jasa lainnya,66840.0,2.367,66840.0,2.367
Jawa,33,Jawa Tengah,A,"Pertanian, Kehutanan, dan Perikanan",A.1,"Pertanian, Peternakan, Perburuan dan Jasa Pertanian",211024.0,11.609,237349.0,13.058
Jawa,33,Jawa Tengah,A,"Pertanian, Kehutanan, dan Perikanan",A.2,Kehutanan dan Penebangan Kayu,7211.0,0.397,237349.0,13.058
Jawa,33,Jawa Tengah,A,"Pertanian, Kehutanan, dan Perikanan",A.3,Perikanan,19114.0,1.052,237349.0,13.058
Jawa,33,Jawa Tengah,B,Pertambangan dan Penggalian,B.1,"Pertambangan Minyak, Gas dan Panas Bumi",6664.0,0.367,39212.0,2.157
Jawa,33,Jawa Tengah,B,Pertambangan dan Penggalian,B.2,Pertambangan Batubara dan Lignit,0.0,0.0,39212.0,2.157
Jawa,33,Jawa Tengah,B,Pertambangan dan Penggalian,B.3,Pertambangan Bijih Logam,0.0,0.0,39212.0,2.157
Jawa,33,Jawa Tengah,B,Pertambangan dan Penggalian,B.4,Pertambangan dan Penggalian Lainnya,32548.0,1.791,39212.0,2.157
Jawa,33,Jawa Tengah,C,Industri Pengolahan,C.1,Industri Batubara dan Pengilangan Migas,44267.0,2.435,614659.0,33.815
Jawa,33,Jawa Tengah,C,Industri Pengolahan,C.2,Industri Makanan dan Minuman,291472.0,16.035,614659.0,33.815
Jawa,33,Jawa Tengah,C,Industri Pengolahan,C.3,Industri Pengolahan Tembakau,113367.0,6.237,614659.0,33.815
Jawa,33,Jawa Tengah,C,Industri Pengolahan,C.4,Industri Tekstil dan Pakaian Jadi,41928.0,2.307,614659.0,33.815
Jawa,33,Jawa Tengah,C,Industri Pengolahan,C.5,"Industri Kulit, Barang dari Kulit dan Alas Kaki",6420.0,0.353,614659.0,33.815
Jawa,33,Jawa Tengah,C,Industri Pengolahan,C.6,"Industri Kayu, Barang dari Kayu dan Gabus dan Barang Anyaman dari Bambu, Rotan dan Sejenisnya",28336.0,1.559,614659.0,33.815
Jawa,33,Jawa Tengah,C,Industri Pengolahan,C.7,Industri Kertas dan Barang dari Kertas; Percetakan dan Reproduksi Media Rekaman,5862.0,0.322,614659.0,33.815
Jawa,33,Jawa Tengah,C,Industri Pengolahan,C.8,"Industri Kimia, Farmasi dan Obat Tradisional",42722.0,2.35,614659.0,33.815
Jawa,33,Jawa Tengah,C,Industri Pengolahan,C.9,"Industri Karet, Barang dari Karet dan Plastik",5315.0,0.292,614659.0,33.815
Jawa,33,Jawa Tengah,C,Industri Pengolahan,C.10,Industri Barang Galian bukan Logam,10574.0,0.582,614659.0,33.815
Jawa,33,Jawa Tengah,C,Industri Pengolahan,C.11,Industri Logam Dasar,4149.0,0.228,614659.0,33.815
Jawa,33,Jawa Tengah,C,Industri Pengolahan,C.12,"Industri Barang Logam; Komputer, Barang Elektronik, Optik; dan Peralatan Listrik",6963.0,0.383,614659.0,33.815
Jawa,33,Jawa Tengah,C,Industri Pengolahan,C.13,Industri Mesin dan Perlengkapan,2016.0,0.111,614659.0,33.815
Jawa,33,Jawa Tengah,C,Industri Pengolahan,C.14,Industri Alat Angkutan,3301.0,0.182,614659.0,33.815
Jawa,33,Jawa Tengah,C,Industri Pengolahan,C.15,Industri Furnitur,6158.0,0.339,614659.0,33.815
Jawa,33,Jawa Tengah,C,Industri Pengolahan,C.16,Industri Pengolahan Lainnya; Jasa Reparasi dan Pemasangan Mesin dan Peralatan,1810.0,0.1,614659.0,33.815
Jawa,33,Jawa Tengah,D,Pengadaan Listrik dan Gas,D.1,Ketenagalistrikan,1585.0,0.087,1676.0,0.092
Jawa,33,Jawa Tengah,D,Pengadaan Listrik dan Gas,D.2,Pengadaan Gas dan Produksi Es,91.0,0.005,1676.0,0.092
Jawa,33,Jawa Tengah,E,"Pengadaan Air, Pengelolaan Sampah, Limbah dan Daur Ulang",E,"Pengadaan Air, Pengelolaan Sampah, Limbah dan Daur Ulang",1066.0,0.059,1066.0,0.059
Jawa,33,Jawa Tengah,F,Konstruksi,F,Konstruksi,207039.0,11.39,207039.0,11.39
Jawa,33,Jawa Tengah,G,Perdagangan Besar dan Eceran; Reparasi Mobil dan Sepeda Motor,G.1,"Perdagangan Mobil, Sepeda Motor dan Reparasinya",51847.0,2.852,245140.0,13.486
Jawa,33,Jawa Tengah,G,Perdagangan Besar dan Eceran; Reparasi Mobil dan Sepeda Motor,G.2,"Perdagangan Besar dan Eceran, Bukan Mobil dan Sepeda Motor",193294.0,10.634,245140.0,13.486
Jawa,33,Jawa Tengah,H,Transportasi dan Pergudangan,H.1,Angkutan Rel,1810.0,0.1,74444.0,4.095
Jawa,33,Jawa Tengah,H,Transportasi dan Pergudangan,H.2,Angkutan Darat,58835.0,3.237,74444.0,4.095
Jawa,33,Jawa Tengah,H,Transportasi dan Pergudangan,H.3,Angkutan Laut,6001.0,0.33,74444.0,4.095
Jawa,33,Jawa Tengah,H,Transportasi dan Pergudangan,H.4,Angkutan Sungai Danau dan Penyeberangan,167.0,0.009,74444.0,4.095
Jawa,33,Jawa Tengah,H,Transportasi dan Pergudangan,H.5,Angkutan Udara,4455.0,0.245,74444.0,4.095
Jawa,33,Jawa Tengah,H,Transportasi dan Pergudangan,H.6,Pergudangan dan Jasa Penunjang Angkutan; Pos dan Kurir,3176.0,0.175,74444.0,4.095
Jawa,33,Jawa Tengah,I,Penyediaan Akomodasi dan Makan Minum,I.1,Penyediaan Akomodasi,8168.0,0.449,64731.0,3.561
Jawa,33,Jawa Tengah,I,Penyediaan Akomodasi dan Makan Minum,I.2,Penyediaan Makan Minum,56563.0,3.112,64731.0,3.561
Jawa,33,Jawa Tengah,J,Informasi dan Komunikasi,J,Informasi dan Komunikasi,76438.0,4.205,76438.0,4.205
Jawa,33,Jawa Tengah,K,Jasa Keuangan dan Asuransi,K.1,Jasa Perantara Keuangan,38200.0,2.102,50560.0,2.782
Jawa,33,Jawa Tengah,K,Jasa Keuangan dan Asuransi,K.2,Asuransi dan Dana Pensiun,1352.0,0.074,50560.0,2.782
Jawa,33,Jawa Tengah,K,Jasa Keuangan dan Asuransi,K.3,Jasa Keuangan Lainnya,11005.0,0.605,50560.0,2.782
Jawa,33,Jawa Tengah,K,Jasa Keuangan dan Asuransi,K.4,Jasa Penunjang Keuangan,3.0,0.0,50560.0,2.782
Jawa,33,Jawa Tengah,L,Real Estat,L,Real Estat,29154.0,1.604,29154.0,1.604
Jawa,33,Jawa Tengah,"M,N",Jasa Perusahaan,"M,N",Jasa Perusahaan,7784.0,0.428,7784.0,0.428
Jawa,33,Jawa Tengah,O,"Administrasi Pemerintahan, Pertahanan dan Jaminan Sosial Wajib",O,"Administrasi Pemerintahan, Pertahanan dan Jaminan Sosial Wajib",43960.0,2.418,43960.0,2.418
Jawa,33,Jawa Tengah,P,Jasa Pendidikan,P,Jasa Pendidikan,77979.0,4.29,77979.0,4.29
Jawa,33,Jawa Tengah,Q,Jasa Kesehatan dan Kegiatan Sosial,Q,Jasa Kesehatan dan Kegiatan Sosial,16933.0,0.932,16933.0,0.932
Jawa,33,Jawa Tengah,"R,S,T,U",Jasa lainnya,"R,S,T,U",Jasa lainnya,29587.0,1.628,29587.0,1.628
Jawa,34,DI Yogyakarta,A,"Pertanian, Kehutanan, dan Perikanan",A.1,"Pertanian, Peternakan, Perburuan dan Jasa Pertanian",17648.0,9.117,19267.0,9.954
Jawa,34,DI Yogyakarta,A,"Pertanian, Kehutanan, dan Perikanan",A.2,Kehutanan dan Penebangan Kayu,921.0,0.476,19267.0,9.954
Jawa,34,DI Yogyakarta,A,"Pertanian, Kehutanan, dan Perikanan",A.3,Perikanan,697.0,0.36,19267.0,9.954
Jawa,34,DI Yogyakarta,B,Pertambangan dan Penggalian,B.1,"Pertambangan Minyak, Gas dan Panas Bumi",0.0,0.0,871.0,0.45
Jawa,34,DI Yogyakarta,B,Pertambangan dan Penggalian,B.2,Pertambangan Batubara dan Lignit,0.0,0.0,871.0,0.45
Jawa,34,DI Yogyakarta,B,Pertambangan dan Penggalian,B.3,Pertambangan Bijih Logam,0.0,0.0,871.0,0.45
Jawa,34,DI Yogyakarta,B,Pertambangan dan Penggalian,B.4,Pertambangan dan Penggalian Lainnya,871.0,0.45,871.0,0.45
Jawa,34,DI Yogyakarta,C,Industri Pengolahan,C.1,Industri Batubara dan Pengilangan Migas,0.0,0.0,22928.0,11.845
Jawa,34,DI Yogyakarta,C,Industri Pengolahan,C.2,Industri Makanan dan Minuman,12750.0,6.587,22928.0,11.845
Jawa,34,DI Yogyakarta,C,Industri Pengolahan,C.3,Industri Pengolahan Tembakau,1600.0,0.827,22928.0,11.845
Jawa,34,DI Yogyakarta,C,Industri Pengolahan,C.4,Industri Tekstil dan Pakaian Jadi,2808.0,1.451,22928.0,11.845
Jawa,34,DI Yogyakarta,C,Industri Pengolahan,C.5,"Industri Kulit, Barang dari Kulit dan Alas Kaki",450.0,0.232,22928.0,11.845
Jawa,34,DI Yogyakarta,C,Industri Pengolahan,C.6,"Industri Kayu, Barang dari Kayu dan Gabus dan Barang Anyaman dari Bambu, Rotan dan Sejenisnya",280.0,0.145,22928.0,11.845
Jawa,34,DI Yogyakarta,C,Industri Pengolahan,C.7,Industri Kertas dan Barang dari Kertas; Percetakan dan Reproduksi Media Rekaman,518.0,0.268,22928.0,11.845
Jawa,34,DI Yogyakarta,C,Industri Pengolahan,C.8,"Industri Kimia, Farmasi dan Obat Tradisional",203.0,0.105,22928.0,11.845
Jawa,34,DI Yogyakarta,C,Industri Pengolahan,C.9,"Industri Karet, Barang dari Karet dan Plastik",339.0,0.175,22928.0,11.845
Jawa,34,DI Yogyakarta,C,Industri Pengolahan,C.10,Industri Barang Galian bukan Logam,604.0,0.312,22928.0,11.845
Jawa,34,DI Yogyakarta,C,Industri Pengolahan,C.11,Industri Logam Dasar,0.0,0.0,22928.0,11.845
Jawa,34,DI Yogyakarta,C,Industri Pengolahan,C.12,"Industri Barang Logam; Komputer, Barang Elektronik, Optik; dan Peralatan Listrik",1297.0,0.67,22928.0,11.845
Jawa,34,DI Yogyakarta,C,Industri Pengolahan,C.13,Industri Mesin dan Perlengkapan,635.0,0.328,22928.0,11.845
Jawa,34,DI Yogyakarta,C,Industri Pengolahan,C.14,Industri Alat Angkutan,4.0,0.002,22928.0,11.845
Jawa,34,DI Yogyakarta,C,Industri Pengolahan,C.15,Industri Furnitur,931.0,0.481,22928.0,11.845
Jawa,34,DI Yogyakarta,C,Industri Pengolahan,C.16,Industri Pengolahan Lainnya; Jasa Reparasi dan Pemasangan Mesin dan Peralatan,508.0,0.262,22928.0,11.845
Jawa,34,DI Yogyakarta,D,Pengadaan Listrik dan Gas,D.1,Ketenagalistrikan,274.0,0.142,278.0,0.144
Jawa,34,DI Yogyakarta,D,Pengadaan Listrik dan Gas,D.2,Pengadaan Gas dan Produksi Es,4.0,0.002,278.0,0.144
Jawa,34,DI Yogyakarta,E,"Pengadaan Air, Pengelolaan Sampah, Limbah dan Daur Ulang",E,"Pengadaan Air, Pengelolaan Sampah, Limbah dan Daur Ulang",174.0,0.09,174.0,0.09
Jawa,34,DI Yogyakarta,F,Konstruksi,F,Konstruksi,18628.0,9.624,18628.0,9.624
Jawa,34,DI Yogyakarta,G,Perdagangan Besar dan Eceran; Reparasi Mobil dan Sepeda Motor,G.1,"Perdagangan Mobil, Sepeda Motor dan Reparasinya",2502.0,1.293,15623.0,8.071
Jawa,34,DI Yogyakarta,G,Perdagangan Besar dan Eceran; Reparasi Mobil dan Sepeda Motor,G.2,"Perdagangan Besar dan Eceran, Bukan Mobil dan Sepeda Motor",13122.0,6.779,15623.0,8.071
Jawa,34,DI Yogyakarta,H,Transportasi dan Pergudangan,H.1,Angkutan Rel,412.0,0.213,11283.0,5.829
Jawa,34,DI Yogyakarta,H,Transportasi dan Pergudangan,H.2,Angkutan Darat,7193.0,3.716,11283.0,5.829
Jawa,34,DI Yogyakarta,H,Transportasi dan Pergudangan,H.3,Angkutan Laut,0.0,0.0,11283.0,5.829
Jawa,34,DI Yogyakarta,H,Transportasi dan Pergudangan,H.4,Angkutan Sungai Danau dan Penyeberangan,0.0,0.0,11283.0,5.829
Jawa,34,DI Yogyakarta,H,Transportasi dan Pergudangan,H.5,Angkutan Udara,1174.0,0.607,11283.0,5.829
Jawa,34,DI Yogyakarta,H,Transportasi dan Pergudangan,H.6,Pergudangan dan Jasa Penunjang Angkutan; Pos dan Kurir,2504.0,1.294,11283.0,5.829
Jawa,34,DI Yogyakarta,I,Penyediaan Akomodasi dan Makan Minum,I.1,Penyediaan Akomodasi,3636.0,1.878,20535.0,10.609
Jawa,34,DI Yogyakarta,I,Penyediaan Akomodasi dan Makan Minum,I.2,Penyediaan Makan Minum,16899.0,8.731,20535.0,10.609
Jawa,34,DI Yogyakarta,J,Informasi dan Komunikasi,J,Informasi dan Komunikasi,18931.0,9.78,18931.0,9.78
Jawa,34,DI Yogyakarta,K,Jasa Keuangan dan Asuransi,K.1,Jasa Perantara Keuangan,6427.0,3.32,8250.0,4.262
Jawa,34,DI Yogyakarta,K,Jasa Keuangan dan Asuransi,K.2,Asuransi dan Dana Pensiun,490.0,0.253,8250.0,4.262
Jawa,34,DI Yogyakarta,K,Jasa Keuangan dan Asuransi,K.3,Jasa Keuangan Lainnya,1328.0,0.686,8250.0,4.262
Jawa,34,DI Yogyakarta,K,Jasa Keuangan dan Asuransi,K.4,Jasa Penunjang Keuangan,5.0,0.003,8250.0,4.262
Jawa,34,DI Yogyakarta,L,Real Estat,L,Real Estat,12541.0,6.479,12541.0,6.479
Jawa,34,DI Yogyakarta,"M,N",Jasa Perusahaan,"M,N",Jasa Perusahaan,1873.0,0.968,1873.0,0.968
Jawa,34,DI Yogyakarta,O,"Administrasi Pemerintahan, Pertahanan dan Jaminan Sosial Wajib",O,"Administrasi Pemerintahan, Pertahanan dan Jaminan Sosial Wajib",14552.0,7.518,14552.0,7.518
Jawa,34,DI Yogyakarta,P,Jasa Pendidikan,P,Jasa Pendidikan,16027.0,8.28,16027.0,8.28
Jawa,34,DI Yogyakarta,Q,Jasa Kesehatan dan Kegiatan Sosial,Q,Jasa Kesehatan dan Kegiatan Sosial,6254.0,3.231,6254.0,3.231
Jawa,34,DI Yogyakarta,"R,S,T,U",Jasa lainnya,"R,S,T,U",Jasa lainnya,5549.0,2.867,5549.0,2.867
Jawa,35,Jawa Timur,A,"Pertanian, Kehutanan, dan Perikanan",A.1,"Pertanian, Peternakan, Perburuan dan Jasa Pertanian",256314.0,8.09,337698.0,10.659
Jawa,35,Jawa Timur,A,"Pertanian, Kehutanan, dan Perikanan",A.2,Kehutanan dan Penebangan Kayu,13627.0,0.43,337698.0,10.659
Jawa,35,Jawa Timur,A,"Pertanian, Kehutanan, dan Perikanan",A.3,Perikanan,67756.0,2.139,337698.0,10.659
Jawa,35,Jawa Timur,B,Pertambangan dan Penggalian,B.1,"Pertambangan Minyak, Gas dan Panas Bumi",69933.0,2.207,113344.0,3.577
Jawa,35,Jawa Timur,B,Pertambangan dan Penggalian,B.2,Pertambangan Batubara dan Lignit,0.0,0.0,113344.0,3.577
Jawa,35,Jawa Timur,B,Pertambangan dan Penggalian,B.3,Pertambangan Bijih Logam,945.0,0.03,113344.0,3.577
Jawa,35,Jawa Timur,B,Pertambangan dan Penggalian,B.4,Pertambangan dan Penggalian Lainnya,42467.0,1.34,113344.0,3.577
Jawa,35,Jawa Timur,C,Industri Pengolahan,C.1,Industri Batubara dan Pengilangan Migas,1315.0,0.042,977508.0,30.853
Jawa,35,Jawa Timur,C,Industri Pengolahan,C.2,Industri Makanan dan Minuman,403838.0,12.746,977508.0,30.853
Jawa,35,Jawa Timur,C,Industri Pengolahan,C.3,Industri Pengolahan Tembakau,219303.0,6.922,977508.0,30.853
Jawa,35,Jawa Timur,C,Industri Pengolahan,C.4,Industri Tekstil dan Pakaian Jadi,14005.0,0.442,977508.0,30.853
Jawa,35,Jawa Timur,C,Industri Pengolahan,C.5,"Industri Kulit, Barang dari Kulit dan Alas Kaki",11207.0,0.354,977508.0,30.853
Jawa,35,Jawa Timur,C,Industri Pengolahan,C.6,"Industri Kayu, Barang dari Kayu dan Gabus dan Barang Anyaman dari Bambu, Rotan dan Sejenisnya",27370.0,0.864,977508.0,30.853
Jawa,35,Jawa Timur,C,Industri Pengolahan,C.7,Industri Kertas dan Barang dari Kertas; Percetakan dan Reproduksi Media Rekaman,50310.0,1.588,977508.0,30.853
Jawa,35,Jawa Timur,C,Industri Pengolahan,C.8,"Industri Kimia, Farmasi dan Obat Tradisional",95102.0,3.002,977508.0,30.853
Jawa,35,Jawa Timur,C,Industri Pengolahan,C.9,"Industri Karet, Barang dari Karet dan Plastik",24003.0,0.758,977508.0,30.853
Jawa,35,Jawa Timur,C,Industri Pengolahan,C.10,Industri Barang Galian bukan Logam,34957.0,1.103,977508.0,30.853
Jawa,35,Jawa Timur,C,Industri Pengolahan,C.11,Industri Logam Dasar,33501.0,1.057,977508.0,30.853
Jawa,35,Jawa Timur,C,Industri Pengolahan,C.12,"Industri Barang Logam; Komputer, Barang Elektronik, Optik; dan Peralatan Listrik",27970.0,0.883,977508.0,30.853
Jawa,35,Jawa Timur,C,Industri Pengolahan,C.13,Industri Mesin dan Perlengkapan,1617.0,0.051,977508.0,30.853
Jawa,35,Jawa Timur,C,Industri Pengolahan,C.14,Industri Alat Angkutan,5410.0,0.171,977508.0,30.853
Jawa,35,Jawa Timur,C,Industri Pengolahan,C.15,Industri Furnitur,21827.0,0.689,977508.0,30.853
Jawa,35,Jawa Timur,C,Industri Pengolahan,C.16,Industri Pengolahan Lainnya; Jasa Reparasi dan Pemasangan Mesin dan Peralatan,5775.0,0.182,977508.0,30.853
Jawa,35,Jawa Timur,D,Pengadaan Listrik dan Gas,D.1,Ketenagalistrikan,2768.0,0.087,11182.0,0.353
Jawa,35,Jawa Timur,D,Pengadaan Listrik dan Gas,D.2,Pengadaan Gas dan Produksi Es,8414.0,0.266,11182.0,0.353
Jawa,35,Jawa Timur,E,"Pengadaan Air, Pengelolaan Sampah, Limbah dan Daur Ulang",E,"Pengadaan Air, Pengelolaan Sampah, Limbah dan Daur Ulang",2627.0,0.083,2627.0,0.083
Jawa,35,Jawa Timur,F,Konstruksi,F,Konstruksi,284121.0,8.968,284121.0,8.968
Jawa,35,Jawa Timur,G,Perdagangan Besar dan Eceran; Reparasi Mobil dan Sepeda Motor,G.1,"Perdagangan Mobil, Sepeda Motor dan Reparasinya",149666.0,4.724,596084.0,18.814
Jawa,35,Jawa Timur,G,Perdagangan Besar dan Eceran; Reparasi Mobil dan Sepeda Motor,G.2,"Perdagangan Besar dan Eceran, Bukan Mobil dan Sepeda Motor",446417.0,14.09,596084.0,18.814
Jawa,35,Jawa Timur,H,Transportasi dan Pergudangan,H.1,Angkutan Rel,1762.0,0.056,132253.0,4.174
Jawa,35,Jawa Timur,H,Transportasi dan Pergudangan,H.2,Angkutan Darat,44457.0,1.403,132253.0,4.174
Jawa,35,Jawa Timur,H,Transportasi dan Pergudangan,H.3,Angkutan Laut,9259.0,0.292,132253.0,4.174
Jawa,35,Jawa Timur,H,Transportasi dan Pergudangan,H.4,Angkutan Sungai Danau dan Penyeberangan,734.0,0.023,132253.0,4.174
Jawa,35,Jawa Timur,H,Transportasi dan Pergudangan,H.5,Angkutan Udara,37055.0,1.17,132253.0,4.174
Jawa,35,Jawa Timur,H,Transportasi dan Pergudangan,H.6,Pergudangan dan Jasa Penunjang Angkutan; Pos dan Kurir,38985.0,1.23,132253.0,4.174
Jawa,35,Jawa Timur,I,Penyediaan Akomodasi dan Makan Minum,I.1,Penyediaan Akomodasi,17673.0,0.558,189717.0,5.988
Jawa,35,Jawa Timur,I,Penyediaan Akomodasi dan Makan Minum,I.2,Penyediaan Makan Minum,172044.0,5.43,189717.0,5.988
Jawa,35,Jawa Timur,J,Informasi dan Komunikasi,J,Informasi dan Komunikasi,156394.0,4.936,156394.0,4.936
Jawa,35,Jawa Timur,K,Jasa Keuangan dan Asuransi,K.1,Jasa Perantara Keuangan,53849.0,1.7,80978.0,2.556
Jawa,35,Jawa Timur,K,Jasa Keuangan dan Asuransi,K.2,Asuransi dan Dana Pensiun,11436.0,0.361,80978.0,2.556
Jawa,35,Jawa Timur,K,Jasa Keuangan dan Asuransi,K.3,Jasa Keuangan Lainnya,15494.0,0.489,80978.0,2.556
Jawa,35,Jawa Timur,K,Jasa Keuangan dan Asuransi,K.4,Jasa Penunjang Keuangan,199.0,0.006,80978.0,2.556
Jawa,35,Jawa Timur,L,Real Estat,L,Real Estat,48278.0,1.524,48278.0,1.524
Jawa,35,Jawa Timur,"M,N",Jasa Perusahaan,"M,N",Jasa Perusahaan,26187.0,0.827,26187.0,0.827
Jawa,35,Jawa Timur,O,"Administrasi Pemerintahan, Pertahanan dan Jaminan Sosial Wajib",O,"Administrasi Pemerintahan, Pertahanan dan Jaminan Sosial Wajib",68204.0,2.153,68204.0,2.153
Jawa,35,Jawa Timur,P,Jasa Pendidikan,P,Jasa Pendidikan,77116.0,2.434,77116.0,2.434
Jawa,35,Jawa Timur,Q,Jasa Kesehatan dan Kegiatan Sosial,Q,Jasa Kesehatan dan Kegiatan Sosial,21473.0,0.678,21473.0,0.678
Jawa,35,Jawa Timur,"R,S,T,U",Jasa lainnya,"R,S,T,U",Jasa lainnya,45132.0,1.424,45132.0,1.424
Jawa,36,Banten,A,"Pertanian, Kehutanan, dan Perikanan",A.1,"Pertanian, Peternakan, Perburuan dan Jasa Pertanian",44818.0,5.13,49368.0,5.651
Jawa,36,Banten,A,"Pertanian, Kehutanan, dan Perikanan",A.2,Kehutanan dan Penebangan Kayu,200.0,0.023,49368.0,5.651
Jawa,36,Banten,A,"Pertanian, Kehutanan, dan Perikanan",A.3,Perikanan,4350.0,0.498,49368.0,5.651
Jawa,36,Banten,B,Pertambangan dan Penggalian,B.1,"Pertambangan Minyak, Gas dan Panas Bumi",1275.0,0.146,3322.0,0.38
Jawa,36,Banten,B,Pertambangan dan Penggalian,B.2,Pertambangan Batubara dan Lignit,174.0,0.02,3322.0,0.38
Jawa,36,Banten,B,Pertambangan dan Penggalian,B.3,Pertambangan Bijih Logam,1422.0,0.163,3322.0,0.38
Jawa,36,Banten,B,Pertambangan dan Penggalian,B.4,Pertambangan dan Penggalian Lainnya,451.0,0.052,3322.0,0.38
Jawa,36,Banten,C,Industri Pengolahan,C.1,Industri Batubara dan Pengilangan Migas,773.0,0.088,265141.0,30.349
Jawa,36,Banten,C,Industri Pengolahan,C.2,Industri Makanan dan Minuman,36861.0,4.219,265141.0,30.349
Jawa,36,Banten,C,Industri Pengolahan,C.3,Industri Pengolahan Tembakau,0.0,0.0,265141.0,30.349
Jawa,36,Banten,C,Industri Pengolahan,C.4,Industri Tekstil dan Pakaian Jadi,27957.0,3.2,265141.0,30.349
Jawa,36,Banten,C,Industri Pengolahan,C.5,"Industri Kulit, Barang dari Kulit dan Alas Kaki",14153.0,1.62,265141.0,30.349
Jawa,36,Banten,C,Industri Pengolahan,C.6,"Industri Kayu, Barang dari Kayu dan Gabus dan Barang Anyaman dari Bambu, Rotan dan Sejenisnya",830.0,0.095,265141.0,30.349
Jawa,36,Banten,C,Industri Pengolahan,C.7,Industri Kertas dan Barang dari Kertas; Percetakan dan Reproduksi Media Rekaman,27451.0,3.142,265141.0,30.349
Jawa,36,Banten,C,Industri Pengolahan,C.8,"Industri Kimia, Farmasi dan Obat Tradisional",64441.0,7.376,265141.0,30.349
Jawa,36,Banten,C,Industri Pengolahan,C.9,"Industri Karet, Barang dari Karet dan Plastik",5644.0,0.646,265141.0,30.349
Jawa,36,Banten,C,Industri Pengolahan,C.10,Industri Barang Galian bukan Logam,9791.0,1.121,265141.0,30.349
Jawa,36,Banten,C,Industri Pengolahan,C.11,Industri Logam Dasar,26404.0,3.022,265141.0,30.349
Jawa,36,Banten,C,Industri Pengolahan,C.12,"Industri Barang Logam; Komputer, Barang Elektronik, Optik; dan Peralatan Listrik",35825.0,4.101,265141.0,30.349
Jawa,36,Banten,C,Industri Pengolahan,C.13,Industri Mesin dan Perlengkapan,2677.0,0.306,265141.0,30.349
Jawa,36,Banten,C,Industri Pengolahan,C.14,Industri Alat Angkutan,8393.0,0.961,265141.0,30.349
Jawa,36,Banten,C,Industri Pengolahan,C.15,Industri Furnitur,1079.0,0.124,265141.0,30.349
Jawa,36,Banten,C,Industri Pengolahan,C.16,Industri Pengolahan Lainnya; Jasa Reparasi dan Pemasangan Mesin dan Peralatan,2862.0,0.328,265141.0,30.349
Jawa,36,Banten,D,Pengadaan Listrik dan Gas,D.1,Ketenagalistrikan,2745.0,0.314,10832.0,1.24
Jawa,36,Banten,D,Pengadaan Listrik dan Gas,D.2,Pengadaan Gas dan Produksi Es,8086.0,0.926,10832.0,1.24
Jawa,36,Banten,E,"Pengadaan Air, Pengelolaan Sampah, Limbah dan Daur Ulang",E,"Pengadaan Air, Pengelolaan Sampah, Limbah dan Daur Ulang",718.0,0.082,718.0,0.082
Jawa,36,Banten,F,Konstruksi,F,Konstruksi,102168.0,11.695,102168.0,11.695
Jawa,36,Banten,G,Perdagangan Besar dan Eceran; Reparasi Mobil dan Sepeda Motor,G.1,"Perdagangan Mobil, Sepeda Motor dan Reparasinya",11051.0,1.265,108161.0,12.381
Jawa,36,Banten,G,Perdagangan Besar dan Eceran; Reparasi Mobil dan Sepeda Motor,G.2,"Perdagangan Besar dan Eceran, Bukan Mobil dan Sepeda Motor",97109.0,11.116,108161.0,12.381
Jawa,36,Banten,H,Transportasi dan Pergudangan,H.1,Angkutan Rel,557.0,0.064,100201.0,11.47
Jawa,36,Banten,H,Transportasi dan Pergudangan,H.2,Angkutan Darat,25301.0,2.896,100201.0,11.47
Jawa,36,Banten,H,Transportasi dan Pergudangan,H.3,Angkutan Laut,127.0,0.015,100201.0,11.47
Jawa,36,Banten,H,Transportasi dan Pergudangan,H.4,Angkutan Sungai Danau dan Penyeberangan,1170.0,0.134,100201.0,11.47
Jawa,36,Banten,H,Transportasi dan Pergudangan,H.5,Angkutan Udara,62038.0,7.101,100201.0,11.47
Jawa,36,Banten,H,Transportasi dan Pergudangan,H.6,Pergudangan dan Jasa Penunjang Angkutan; Pos dan Kurir,11009.0,1.26,100201.0,11.47
Jawa,36,Banten,I,Penyediaan Akomodasi dan Makan Minum,I.1,Penyediaan Akomodasi,630.0,0.072,21072.0,2.412
Jawa,36,Banten,I,Penyediaan Akomodasi dan Makan Minum,I.2,Penyediaan Makan Minum,20442.0,2.34,21072.0,2.412
Jawa,36,Banten,J,Informasi dan Komunikasi,J,Informasi dan Komunikasi,32734.0,3.747,32734.0,3.747
Jawa,36,Banten,K,Jasa Keuangan dan Asuransi,K.1,Jasa Perantara Keuangan,16708.0,1.912,26055.0,2.982
Jawa,36,Banten,K,Jasa Keuangan dan Asuransi,K.2,Asuransi dan Dana Pensiun,8636.0,0.989,26055.0,2.982
Jawa,36,Banten,K,Jasa Keuangan dan Asuransi,K.3,Jasa Keuangan Lainnya,709.0,0.081,26055.0,2.982
Jawa,36,Banten,K,Jasa Keuangan dan Asuransi,K.4,Jasa Penunjang Keuangan,1.0,0.0,26055.0,2.982
Jawa,36,Banten,L,Real Estat,L,Real Estat,67427.0,7.718,67427.0,7.718
Jawa,36,Banten,"M,N",Jasa Perusahaan,"M,N",Jasa Perusahaan,9660.0,1.106,9660.0,1.106
Jawa,36,Banten,O,"Administrasi Pemerintahan, Pertahanan dan Jaminan Sosial Wajib",O,"Administrasi Pemerintahan, Pertahanan dan Jaminan Sosial Wajib",19203.0,2.198,19203.0,2.198
Jawa,36,Banten,P,Jasa Pendidikan,P,Jasa Pendidikan,29453.0,3.371,29453.0,3.371
Jawa,36,Banten,Q,Jasa Kesehatan dan Kegiatan Sosial,Q,Jasa Kesehatan dan Kegiatan Sosial,13208.0,1.512,13208.0,1.512
Jawa,36,Banten,"R,S,T,U",Jasa lainnya,"R,S,T,U",Jasa lainnya,14904.0,1.706,14904.0,1.706
Bali-Nusa Tenggara,51,Bali,A,"Pertanian, Kehutanan, dan Perikanan",A.1,"Pertanian, Peternakan, Perburuan dan Jasa Pertanian",27324.0,9.156,40070.0,13.426
Bali-Nusa Tenggara,51,Bali,A,"Pertanian, Kehutanan, dan Perikanan",A.2,Kehutanan dan Penebangan Kayu,9.0,0.003,40070.0,13.426
Bali-Nusa Tenggara,51,Bali,A,"Pertanian, Kehutanan, dan Perikanan",A.3,Perikanan,12736.0,4.268,40070.0,13.426
Bali-Nusa Tenggara,51,Bali,B,Pertambangan dan Penggalian,B.1,"Pertambangan Minyak, Gas dan Panas Bumi",0.0,0.0,2550.0,0.854
Bali-Nusa Tenggara,51,Bali,B,Pertambangan dan Penggalian,B.2,Pertambangan Batubara dan Lignit,0.0,0.0,2550.0,0.854
Bali-Nusa Tenggara,51,Bali,B,Pertambangan dan Penggalian,B.3,Pertambangan Bijih Logam,0.0,0.0,2550.0,0.854
Bali-Nusa Tenggara,51,Bali,B,Pertambangan dan Penggalian,B.4,Pertambangan dan Penggalian Lainnya,2550.0,0.854,2550.0,0.854
Bali-Nusa Tenggara,51,Bali,C,Industri Pengolahan,C.1,Industri Batubara dan Pengilangan Migas,0.0,0.0,18665.0,6.254
Bali-Nusa Tenggara,51,Bali,C,Industri Pengolahan,C.2,Industri Makanan dan Minuman,9709.0,3.253,18665.0,6.254
Bali-Nusa Tenggara,51,Bali,C,Industri Pengolahan,C.3,Industri Pengolahan Tembakau,67.0,0.022,18665.0,6.254
Bali-Nusa Tenggara,51,Bali,C,Industri Pengolahan,C.4,Industri Tekstil dan Pakaian Jadi,1016.0,0.34,18665.0,6.254
Bali-Nusa Tenggara,51,Bali,C,Industri Pengolahan,C.5,"Industri Kulit, Barang dari Kulit dan Alas Kaki",395.0,0.132,18665.0,6.254
Bali-Nusa Tenggara,51,Bali,C,Industri Pengolahan,C.6,"Industri Kayu, Barang dari Kayu dan Gabus dan Barang Anyaman dari Bambu, Rotan dan Sejenisnya",4442.0,1.488,18665.0,6.254
Bali-Nusa Tenggara,51,Bali,C,Industri Pengolahan,C.7,Industri Kertas dan Barang dari Kertas; Percetakan dan Reproduksi Media Rekaman,73.0,0.024,18665.0,6.254
Bali-Nusa Tenggara,51,Bali,C,Industri Pengolahan,C.8,"Industri Kimia, Farmasi dan Obat Tradisional",176.0,0.059,18665.0,6.254
Bali-Nusa Tenggara,51,Bali,C,Industri Pengolahan,C.9,"Industri Karet, Barang dari Karet dan Plastik",273.0,0.091,18665.0,6.254
Bali-Nusa Tenggara,51,Bali,C,Industri Pengolahan,C.10,Industri Barang Galian bukan Logam,925.0,0.31,18665.0,6.254
Bali-Nusa Tenggara,51,Bali,C,Industri Pengolahan,C.11,Industri Logam Dasar,0.0,0.0,18665.0,6.254
Bali-Nusa Tenggara,51,Bali,C,Industri Pengolahan,C.12,"Industri Barang Logam; Komputer, Barang Elektronik, Optik; dan Peralatan Listrik",172.0,0.058,18665.0,6.254
Bali-Nusa Tenggara,51,Bali,C,Industri Pengolahan,C.13,Industri Mesin dan Perlengkapan,8.0,0.003,18665.0,6.254
Bali-Nusa Tenggara,51,Bali,C,Industri Pengolahan,C.14,Industri Alat Angkutan,5.0,0.002,18665.0,6.254
Bali-Nusa Tenggara,51,Bali,C,Industri Pengolahan,C.15,Industri Furnitur,992.0,0.332,18665.0,6.254
Bali-Nusa Tenggara,51,Bali,C,Industri Pengolahan,C.16,Industri Pengolahan Lainnya; Jasa Reparasi dan Pemasangan Mesin dan Peralatan,412.0,0.138,18665.0,6.254
Bali-Nusa Tenggara,51,Bali,D,Pengadaan Listrik dan Gas,D.1,Ketenagalistrikan,710.0,0.238,717.0,0.24
Bali-Nusa Tenggara,51,Bali,D,Pengadaan Listrik dan Gas,D.2,Pengadaan Gas dan Produksi Es,7.0,0.002,717.0,0.24
Bali-Nusa Tenggara,51,Bali,E,"Pengadaan Air, Pengelolaan Sampah, Limbah dan Daur Ulang",E,"Pengadaan Air, Pengelolaan Sampah, Limbah dan Daur Ulang",459.0,0.154,459.0,0.154
Bali-Nusa Tenggara,51,Bali,F,Konstruksi,F,Konstruksi,27563.0,9.236,27563.0,9.236
Bali-Nusa Tenggara,51,Bali,G,Perdagangan Besar dan Eceran; Reparasi Mobil dan Sepeda Motor,G.1,"Perdagangan Mobil, Sepeda Motor dan Reparasinya",4996.0,1.674,25893.0,8.676
Bali-Nusa Tenggara,51,Bali,G,Perdagangan Besar dan Eceran; Reparasi Mobil dan Sepeda Motor,G.2,"Perdagangan Besar dan Eceran, Bukan Mobil dan Sepeda Motor",20898.0,7.002,25893.0,8.676
Bali-Nusa Tenggara,51,Bali,H,Transportasi dan Pergudangan,H.1,Angkutan Rel,0.0,0.0,30623.0,10.261
Bali-Nusa Tenggara,51,Bali,H,Transportasi dan Pergudangan,H.2,Angkutan Darat,2920.0,0.978,30623.0,10.261
Bali-Nusa Tenggara,51,Bali,H,Transportasi dan Pergudangan,H.3,Angkutan Laut,242.0,0.081,30623.0,10.261
Bali-Nusa Tenggara,51,Bali,H,Transportasi dan Pergudangan,H.4,Angkutan Sungai Danau dan Penyeberangan,5131.0,1.719,30623.0,10.261
Bali-Nusa Tenggara,51,Bali,H,Transportasi dan Pergudangan,H.5,Angkutan Udara,19745.0,6.616,30623.0,10.261
Bali-Nusa Tenggara,51,Bali,H,Transportasi dan Pergudangan,H.6,Pergudangan dan Jasa Penunjang Angkutan; Pos dan Kurir,2584.0,0.866,30623.0,10.261
Bali-Nusa Tenggara,51,Bali,I,Penyediaan Akomodasi dan Makan Minum,I.1,Penyediaan Akomodasi,36245.0,12.145,63866.0,21.4
Bali-Nusa Tenggara,51,Bali,I,Penyediaan Akomodasi dan Makan Minum,I.2,Penyediaan Makan Minum,27622.0,9.255,63866.0,21.4
Bali-Nusa Tenggara,51,Bali,J,Informasi dan Komunikasi,J,Informasi dan Komunikasi,16101.0,5.395,16101.0,5.395
Bali-Nusa Tenggara,51,Bali,K,Jasa Keuangan dan Asuransi,K.1,Jasa Perantara Keuangan,13500.0,4.524,15455.0,5.179
Bali-Nusa Tenggara,51,Bali,K,Jasa Keuangan dan Asuransi,K.2,Asuransi dan Dana Pensiun,767.0,0.257,15455.0,5.179
Bali-Nusa Tenggara,51,Bali,K,Jasa Keuangan dan Asuransi,K.3,Jasa Keuangan Lainnya,1182.0,0.396,15455.0,5.179
Bali-Nusa Tenggara,51,Bali,K,Jasa Keuangan dan Asuransi,K.4,Jasa Penunjang Keuangan,5.0,0.002,15455.0,5.179
Bali-Nusa Tenggara,51,Bali,L,Real Estat,L,Real Estat,11449.0,3.836,11449.0,3.836
Bali-Nusa Tenggara,51,Bali,"M,N",Jasa Perusahaan,"M,N",Jasa Perusahaan,3445.0,1.154,3445.0,1.154
Bali-Nusa Tenggara,51,Bali,O,"Administrasi Pemerintahan, Pertahanan dan Jaminan Sosial Wajib",O,"Administrasi Pemerintahan, Pertahanan dan Jaminan Sosial Wajib",14956.0,5.011,14956.0,5.011
Bali-Nusa Tenggara,51,Bali,P,Jasa Pendidikan,P,Jasa Pendidikan,14244.0,4.773,14244.0,4.773
Bali-Nusa Tenggara,51,Bali,Q,Jasa Kesehatan dan Kegiatan Sosial,Q,Jasa Kesehatan dan Kegiatan Sosial,7086.0,2.374,7086.0,2.374
Bali-Nusa Tenggara,51,Bali,"R,S,T,U",Jasa lainnya,"R,S,T,U",Jasa lainnya,5297.0,1.775,5297.0,1.775
Bali-Nusa Tenggara,52,Nusa Tenggara Barat,A,"Pertanian, Kehutanan, dan Perikanan",A.1,"Pertanian, Peternakan, Perburuan dan Jasa Pertanian",31130.0,17.079,39097.0,21.451
Bali-Nusa Tenggara,52,Nusa Tenggara Barat,A,"Pertanian, Kehutanan, dan Perikanan",A.2,Kehutanan dan Penebangan Kayu,131.0,0.072,39097.0,21.451
Bali-Nusa Tenggara,52,Nusa Tenggara Barat,A,"Pertanian, Kehutanan, dan Perikanan",A.3,Perikanan,7836.0,4.299,39097.0,21.451
Bali-Nusa Tenggara,52,Nusa Tenggara Barat,B,Pertambangan dan Penggalian,B.1,"Pertambangan Minyak, Gas dan Panas Bumi",0.0,0.0,36663.0,20.115
Bali-Nusa Tenggara,52,Nusa Tenggara Barat,B,Pertambangan dan Penggalian,B.2,Pertambangan Batubara dan Lignit,0.0,0.0,36663.0,20.115
Bali-Nusa Tenggara,52,Nusa Tenggara Barat,B,Pertambangan dan Penggalian,B.3,Pertambangan Bijih Logam,31469.0,17.265,36663.0,20.115
Bali-Nusa Tenggara,52,Nusa Tenggara Barat,B,Pertambangan dan Penggalian,B.4,Pertambangan dan Penggalian Lainnya,5194.0,2.85,36663.0,20.115
Bali-Nusa Tenggara,52,Nusa Tenggara Barat,C,Industri Pengolahan,C.1,Industri Batubara dan Pengilangan Migas,0.0,0.0,7056.0,3.871
Bali-Nusa Tenggara,52,Nusa Tenggara Barat,C,Industri Pengolahan,C.2,Industri Makanan dan Minuman,3848.0,2.111,7056.0,3.871
Bali-Nusa Tenggara,52,Nusa Tenggara Barat,C,Industri Pengolahan,C.3,Industri Pengolahan Tembakau,1649.0,0.905,7056.0,3.871
Bali-Nusa Tenggara,52,Nusa Tenggara Barat,C,Industri Pengolahan,C.4,Industri Tekstil dan Pakaian Jadi,274.0,0.15,7056.0,3.871
Bali-Nusa Tenggara,52,Nusa Tenggara Barat,C,Industri Pengolahan,C.5,"Industri Kulit, Barang dari Kulit dan Alas Kaki",0.0,0.0,7056.0,3.871
Bali-Nusa Tenggara,52,Nusa Tenggara Barat,C,Industri Pengolahan,C.6,"Industri Kayu, Barang dari Kayu dan Gabus dan Barang Anyaman dari Bambu, Rotan dan Sejenisnya",412.0,0.226,7056.0,3.871
Bali-Nusa Tenggara,52,Nusa Tenggara Barat,C,Industri Pengolahan,C.7,Industri Kertas dan Barang dari Kertas; Percetakan dan Reproduksi Media Rekaman,104.0,0.057,7056.0,3.871
Bali-Nusa Tenggara,52,Nusa Tenggara Barat,C,Industri Pengolahan,C.8,"Industri Kimia, Farmasi dan Obat Tradisional",21.0,0.012,7056.0,3.871
Bali-Nusa Tenggara,52,Nusa Tenggara Barat,C,Industri Pengolahan,C.9,"Industri Karet, Barang dari Karet dan Plastik",6.0,0.003,7056.0,3.871
Bali-Nusa Tenggara,52,Nusa Tenggara Barat,C,Industri Pengolahan,C.10,Industri Barang Galian bukan Logam,334.0,0.183,7056.0,3.871
Bali-Nusa Tenggara,52,Nusa Tenggara Barat,C,Industri Pengolahan,C.11,Industri Logam Dasar,13.0,0.007,7056.0,3.871
Bali-Nusa Tenggara,52,Nusa Tenggara Barat,C,Industri Pengolahan,C.12,"Industri Barang Logam; Komputer, Barang Elektronik, Optik; dan Peralatan Listrik",84.0,0.046,7056.0,3.871
Bali-Nusa Tenggara,52,Nusa Tenggara Barat,C,Industri Pengolahan,C.13,Industri Mesin dan Perlengkapan,0.0,0.0,7056.0,3.871
Bali-Nusa Tenggara,52,Nusa Tenggara Barat,C,Industri Pengolahan,C.14,Industri Alat Angkutan,108.0,0.059,7056.0,3.871
Bali-Nusa Tenggara,52,Nusa Tenggara Barat,C,Industri Pengolahan,C.15,Industri Furnitur,143.0,0.078,7056.0,3.871
Bali-Nusa Tenggara,52,Nusa Tenggara Barat,C,Industri Pengolahan,C.16,Industri Pengolahan Lainnya; Jasa Reparasi dan Pemasangan Mesin dan Peralatan,60.0,0.033,7056.0,3.871
Bali-Nusa Tenggara,52,Nusa Tenggara Barat,D,Pengadaan Listrik dan Gas,D.1,Ketenagalistrikan,153.0,0.084,154.0,0.084
Bali-Nusa Tenggara,52,Nusa Tenggara Barat,D,Pengadaan Listrik dan Gas,D.2,Pengadaan Gas dan Produksi Es,0.0,0.0,154.0,0.084
Bali-Nusa Tenggara,52,Nusa Tenggara Barat,E,"Pengadaan Air, Pengelolaan Sampah, Limbah dan Daur Ulang",E,"Pengadaan Air, Pengelolaan Sampah, Limbah dan Daur Ulang",132.0,0.072,132.0,0.072
Bali-Nusa Tenggara,52,Nusa Tenggara Barat,F,Konstruksi,F,Konstruksi,16604.0,9.11,16604.0,9.11
Bali-Nusa Tenggara,52,Nusa Tenggara Barat,G,Perdagangan Besar dan Eceran; Reparasi Mobil dan Sepeda Motor,G.1,"Perdagangan Mobil, Sepeda Motor dan Reparasinya",3779.0,2.073,25884.0,14.201
Bali-Nusa Tenggara,52,Nusa Tenggara Barat,G,Perdagangan Besar dan Eceran; Reparasi Mobil dan Sepeda Motor,G.2,"Perdagangan Besar dan Eceran, Bukan Mobil dan Sepeda Motor",22105.0,12.128,25884.0,14.201
Bali-Nusa Tenggara,52,Nusa Tenggara Barat,H,Transportasi dan Pergudangan,H.1,Angkutan Rel,0.0,0.0,10627.0,5.83
Bali-Nusa Tenggara,52,Nusa Tenggara Barat,H,Transportasi dan Pergudangan,H.2,Angkutan Darat,4818.0,2.643,10627.0,5.83
Bali-Nusa Tenggara,52,Nusa Tenggara Barat,H,Transportasi dan Pergudangan,H.3,Angkutan Laut,325.0,0.178,10627.0,5.83
Bali-Nusa Tenggara,52,Nusa Tenggara Barat,H,Transportasi dan Pergudangan,H.4,Angkutan Sungai Danau dan Penyeberangan,2479.0,1.36,10627.0,5.83
Bali-Nusa Tenggara,52,Nusa Tenggara Barat,H,Transportasi dan Pergudangan,H.5,Angkutan Udara,2527.0,1.386,10627.0,5.83
Bali-Nusa Tenggara,52,Nusa Tenggara Barat,H,Transportasi dan Pergudangan,H.6,Pergudangan dan Jasa Penunjang Angkutan; Pos dan Kurir,477.0,0.262,10627.0,5.83
Bali-Nusa Tenggara,52,Nusa Tenggara Barat,I,Penyediaan Akomodasi dan Makan Minum,I.1,Penyediaan Akomodasi,1603.0,0.879,3196.0,1.753
Bali-Nusa Tenggara,52,Nusa Tenggara Barat,I,Penyediaan Akomodasi dan Makan Minum,I.2,Penyediaan Makan Minum,1594.0,0.875,3196.0,1.753
Bali-Nusa Tenggara,52,Nusa Tenggara Barat,J,Informasi dan Komunikasi,J,Informasi dan Komunikasi,3643.0,1.999,3643.0,1.999
Bali-Nusa Tenggara,52,Nusa Tenggara Barat,K,Jasa Keuangan dan Asuransi,K.1,Jasa Perantara Keuangan,5669.0,3.11,6973.0,3.826
Bali-Nusa Tenggara,52,Nusa Tenggara Barat,K,Jasa Keuangan dan Asuransi,K.2,Asuransi dan Dana Pensiun,255.0,0.14,6973.0,3.826
Bali-Nusa Tenggara,52,Nusa Tenggara Barat,K,Jasa Keuangan dan Asuransi,K.3,Jasa Keuangan Lainnya,1048.0,0.575,6973.0,3.826
Bali-Nusa Tenggara,52,Nusa Tenggara Barat,K,Jasa Keuangan dan Asuransi,K.4,Jasa Penunjang Keuangan,2.0,0.001,6973.0,3.826
Bali-Nusa Tenggara,52,Nusa Tenggara Barat,L,Real Estat,L,Real Estat,5270.0,2.891,5270.0,2.891
Bali-Nusa Tenggara,52,Nusa Tenggara Barat,"M,N",Jasa Perusahaan,"M,N",Jasa Perusahaan,324.0,0.178,324.0,0.178
Bali-Nusa Tenggara,52,Nusa Tenggara Barat,O,"Administrasi Pemerintahan, Pertahanan dan Jaminan Sosial Wajib",O,"Administrasi Pemerintahan, Pertahanan dan Jaminan Sosial Wajib",10602.0,5.817,10602.0,5.817
Bali-Nusa Tenggara,52,Nusa Tenggara Barat,P,Jasa Pendidikan,P,Jasa Pendidikan,8694.0,4.77,8694.0,4.77
Bali-Nusa Tenggara,52,Nusa Tenggara Barat,Q,Jasa Kesehatan dan Kegiatan Sosial,Q,Jasa Kesehatan dan Kegiatan Sosial,3521.0,1.932,3521.0,1.932
Bali-Nusa Tenggara,52,Nusa Tenggara Barat,"R,S,T,U",Jasa lainnya,"R,S,T,U",Jasa lainnya,3826.0,2.099,3826.0,2.099
Bali-Nusa Tenggara,53,Nusa Tenggara Timur,A,"Pertanian, Kehutanan, dan Perikanan",A.1,"Pertanian, Peternakan, Perburuan dan Jasa Pertanian",31387.0,22.834,39641.0,28.839
Bali-Nusa Tenggara,53,Nusa Tenggara Timur,A,"Pertanian, Kehutanan, dan Perikanan",A.2,Kehutanan dan Penebangan Kayu,233.0,0.17,39641.0,28.839
Bali-Nusa Tenggara,53,Nusa Tenggara Timur,A,"Pertanian, Kehutanan, dan Perikanan",A.3,Perikanan,8022.0,5.836,39641.0,28.839
Bali-Nusa Tenggara,53,Nusa Tenggara Timur,B,Pertambangan dan Penggalian,B.1,"Pertambangan Minyak, Gas dan Panas Bumi",0.0,0.0,1406.0,1.023
Bali-Nusa Tenggara,53,Nusa Tenggara Timur,B,Pertambangan dan Penggalian,B.2,Pertambangan Batubara dan Lignit,0.0,0.0,1406.0,1.023
Bali-Nusa Tenggara,53,Nusa Tenggara Timur,B,Pertambangan dan Penggalian,B.3,Pertambangan Bijih Logam,1.0,0.001,1406.0,1.023
Bali-Nusa Tenggara,53,Nusa Tenggara Timur,B,Pertambangan dan Penggalian,B.4,Pertambangan dan Penggalian Lainnya,1405.0,1.022,1406.0,1.023
Bali-Nusa Tenggara,53,Nusa Tenggara Timur,C,Industri Pengolahan,C.1,Industri Batubara dan Pengilangan Migas,0.0,0.0,1923.0,1.399
Bali-Nusa Tenggara,53,Nusa Tenggara Timur,C,Industri Pengolahan,C.2,Industri Makanan dan Minuman,923.0,0.671,1923.0,1.399
Bali-Nusa Tenggara,53,Nusa Tenggara Timur,C,Industri Pengolahan,C.3,Industri Pengolahan Tembakau,0.0,0.0,1923.0,1.399
Bali-Nusa Tenggara,53,Nusa Tenggara Timur,C,Industri Pengolahan,C.4,Industri Tekstil dan Pakaian Jadi,388.0,0.282,1923.0,1.399
Bali-Nusa Tenggara,53,Nusa Tenggara Timur,C,Industri Pengolahan,C.5,"Industri Kulit, Barang dari Kulit dan Alas Kaki",0.0,0.0,1923.0,1.399
Bali-Nusa Tenggara,53,Nusa Tenggara Timur,C,Industri Pengolahan,C.6,"Industri Kayu, Barang dari Kayu dan Gabus dan Barang Anyaman dari Bambu, Rotan dan Sejenisnya",119.0,0.087,1923.0,1.399
Bali-Nusa Tenggara,53,Nusa Tenggara Timur,C,Industri Pengolahan,C.7,Industri Kertas dan Barang dari Kertas; Percetakan dan Reproduksi Media Rekaman,63.0,0.046,1923.0,1.399
Bali-Nusa Tenggara,53,Nusa Tenggara Timur,C,Industri Pengolahan,C.8,"Industri Kimia, Farmasi dan Obat Tradisional",53.0,0.039,1923.0,1.399
Bali-Nusa Tenggara,53,Nusa Tenggara Timur,C,Industri Pengolahan,C.9,"Industri Karet, Barang dari Karet dan Plastik",0.0,0.0,1923.0,1.399
Bali-Nusa Tenggara,53,Nusa Tenggara Timur,C,Industri Pengolahan,C.10,Industri Barang Galian bukan Logam,152.0,0.111,1923.0,1.399
Bali-Nusa Tenggara,53,Nusa Tenggara Timur,C,Industri Pengolahan,C.11,Industri Logam Dasar,0.0,0.0,1923.0,1.399
Bali-Nusa Tenggara,53,Nusa Tenggara Timur,C,Industri Pengolahan,C.12,"Industri Barang Logam; Komputer, Barang Elektronik, Optik; dan Peralatan Listrik",74.0,0.054,1923.0,1.399
Bali-Nusa Tenggara,53,Nusa Tenggara Timur,C,Industri Pengolahan,C.13,Industri Mesin dan Perlengkapan,0.0,0.0,1923.0,1.399
Bali-Nusa Tenggara,53,Nusa Tenggara Timur,C,Industri Pengolahan,C.14,Industri Alat Angkutan,0.0,0.0,1923.0,1.399
Bali-Nusa Tenggara,53,Nusa Tenggara Timur,C,Industri Pengolahan,C.15,Industri Furnitur,95.0,0.069,1923.0,1.399
Bali-Nusa Tenggara,53,Nusa Tenggara Timur,C,Industri Pengolahan,C.16,Industri Pengolahan Lainnya; Jasa Reparasi dan Pemasangan Mesin dan Peralatan,56.0,0.041,1923.0,1.399
Bali-Nusa Tenggara,53,Nusa Tenggara Timur,D,Pengadaan Listrik dan Gas,D.1,Ketenagalistrikan,126.0,0.092,126.0,0.092
Bali-Nusa Tenggara,53,Nusa Tenggara Timur,D,Pengadaan Listrik dan Gas,D.2,Pengadaan Gas dan Produksi Es,0.0,0.0,126.0,0.092
Bali-Nusa Tenggara,53,Nusa Tenggara Timur,E,"Pengadaan Air, Pengelolaan Sampah, Limbah dan Daur Ulang",E,"Pengadaan Air, Pengelolaan Sampah, Limbah dan Daur Ulang",76.0,0.055,76.0,0.055
Bali-Nusa Tenggara,53,Nusa Tenggara Timur,F,Konstruksi,F,Konstruksi,14047.0,10.219,14047.0,10.219
Bali-Nusa Tenggara,53,Nusa Tenggara Timur,G,Perdagangan Besar dan Eceran; Reparasi Mobil dan Sepeda Motor,G.1,"Perdagangan Mobil, Sepeda Motor dan Reparasinya",3868.0,2.814,17622.0,12.82
Bali-Nusa Tenggara,53,Nusa Tenggara Timur,G,Perdagangan Besar dan Eceran; Reparasi Mobil dan Sepeda Motor,G.2,"Perdagangan Besar dan Eceran, Bukan Mobil dan Sepeda Motor",13754.0,10.006,17622.0,12.82
Bali-Nusa Tenggara,53,Nusa Tenggara Timur,H,Transportasi dan Pergudangan,H.1,Angkutan Rel,0.0,0.0,7143.0,5.196
Bali-Nusa Tenggara,53,Nusa Tenggara Timur,H,Transportasi dan Pergudangan,H.2,Angkutan Darat,4436.0,3.227,7143.0,5.196
Bali-Nusa Tenggara,53,Nusa Tenggara Timur,H,Transportasi dan Pergudangan,H.3,Angkutan Laut,358.0,0.26,7143.0,5.196
Bali-Nusa Tenggara,53,Nusa Tenggara Timur,H,Transportasi dan Pergudangan,H.4,Angkutan Sungai Danau dan Penyeberangan,462.0,0.336,7143.0,5.196
Bali-Nusa Tenggara,53,Nusa Tenggara Timur,H,Transportasi dan Pergudangan,H.5,Angkutan Udara,1269.0,0.923,7143.0,5.196
Bali-Nusa Tenggara,53,Nusa Tenggara Timur,H,Transportasi dan Pergudangan,H.6,Pergudangan dan Jasa Penunjang Angkutan; Pos dan Kurir,617.0,0.449,7143.0,5.196
Bali-Nusa Tenggara,53,Nusa Tenggara Timur,I,Penyediaan Akomodasi dan Makan Minum,I.1,Penyediaan Akomodasi,571.0,0.415,973.0,0.708
Bali-Nusa Tenggara,53,Nusa Tenggara Timur,I,Penyediaan Akomodasi dan Makan Minum,I.2,Penyediaan Makan Minum,402.0,0.292,973.0,0.708
Bali-Nusa Tenggara,53,Nusa Tenggara Timur,J,Informasi dan Komunikasi,J,Informasi dan Komunikasi,9433.0,6.862,9433.0,6.862
Bali-Nusa Tenggara,53,Nusa Tenggara Timur,K,Jasa Keuangan dan Asuransi,K.1,Jasa Perantara Keuangan,4162.0,3.028,5893.0,4.287
Bali-Nusa Tenggara,53,Nusa Tenggara Timur,K,Jasa Keuangan dan Asuransi,K.2,Asuransi dan Dana Pensiun,267.0,0.194,5893.0,4.287
Bali-Nusa Tenggara,53,Nusa Tenggara Timur,K,Jasa Keuangan dan Asuransi,K.3,Jasa Keuangan Lainnya,1461.0,1.063,5893.0,4.287
Bali-Nusa Tenggara,53,Nusa Tenggara Timur,K,Jasa Keuangan dan Asuransi,K.4,Jasa Penunjang Keuangan,3.0,0.002,5893.0,4.287
Bali-Nusa Tenggara,53,Nusa Tenggara Timur,L,Real Estat,L,Real Estat,3413.0,2.483,3413.0,2.483
Bali-Nusa Tenggara,53,Nusa Tenggara Timur,"M,N",Jasa Perusahaan,"M,N",Jasa Perusahaan,205.0,0.149,205.0,0.149
Bali-Nusa Tenggara,53,Nusa Tenggara Timur,O,"Administrasi Pemerintahan, Pertahanan dan Jaminan Sosial Wajib",O,"Administrasi Pemerintahan, Pertahanan dan Jaminan Sosial Wajib",17485.0,12.72,17485.0,12.72
Bali-Nusa Tenggara,53,Nusa Tenggara Timur,P,Jasa Pendidikan,P,Jasa Pendidikan,12195.0,8.872,12195.0,8.872
Bali-Nusa Tenggara,53,Nusa Tenggara Timur,Q,Jasa Kesehatan dan Kegiatan Sosial,Q,Jasa Kesehatan dan Kegiatan Sosial,3679.0,2.676,3679.0,2.676
Bali-Nusa Tenggara,53,Nusa Tenggara Timur,"R,S,T,U",Jasa lainnya,"R,S,T,U",Jasa lainnya,2198.0,1.599,2198.0,1.599
Kalimantan,61,Kalimantan Barat,A,"Pertanian, Kehutanan, dan Perikanan",A.1,"Pertanian, Peternakan, Perburuan dan Jasa Pertanian",58230.0,19.399,65236.0,21.733
Kalimantan,61,Kalimantan Barat,A,"Pertanian, Kehutanan, dan Perikanan",A.2,Kehutanan dan Penebangan Kayu,3017.0,1.005,65236.0,21.733
Kalimantan,61,Kalimantan Barat,A,"Pertanian, Kehutanan, dan Perikanan",A.3,Perikanan,3989.0,1.329,65236.0,21.733
Kalimantan,61,Kalimantan Barat,B,Pertambangan dan Penggalian,B.1,"Pertambangan Minyak, Gas dan Panas Bumi",0.0,0.0,15329.0,5.107
Kalimantan,61,Kalimantan Barat,B,Pertambangan dan Penggalian,B.2,Pertambangan Batubara dan Lignit,2.0,0.001,15329.0,5.107
Kalimantan,61,Kalimantan Barat,B,Pertambangan dan Penggalian,B.3,Pertambangan Bijih Logam,7508.0,2.501,15329.0,5.107
Kalimantan,61,Kalimantan Barat,B,Pertambangan dan Penggalian,B.4,Pertambangan dan Penggalian Lainnya,7818.0,2.605,15329.0,5.107
Kalimantan,61,Kalimantan Barat,C,Industri Pengolahan,C.1,Industri Batubara dan Pengilangan Migas,0.0,0.0,46847.0,15.607
Kalimantan,61,Kalimantan Barat,C,Industri Pengolahan,C.2,Industri Makanan dan Minuman,38928.0,12.969,46847.0,15.607
Kalimantan,61,Kalimantan Barat,C,Industri Pengolahan,C.3,Industri Pengolahan Tembakau,0.0,0.0,46847.0,15.607
Kalimantan,61,Kalimantan Barat,C,Industri Pengolahan,C.4,Industri Tekstil dan Pakaian Jadi,216.0,0.072,46847.0,15.607
Kalimantan,61,Kalimantan Barat,C,Industri Pengolahan,C.5,"Industri Kulit, Barang dari Kulit dan Alas Kaki",10.0,0.003,46847.0,15.607
Kalimantan,61,Kalimantan Barat,C,Industri Pengolahan,C.6,"Industri Kayu, Barang dari Kayu dan Gabus dan Barang Anyaman dari Bambu, Rotan dan Sejenisnya",1750.0,0.583,46847.0,15.607
Kalimantan,61,Kalimantan Barat,C,Industri Pengolahan,C.7,Industri Kertas dan Barang dari Kertas; Percetakan dan Reproduksi Media Rekaman,111.0,0.037,46847.0,15.607
Kalimantan,61,Kalimantan Barat,C,Industri Pengolahan,C.8,"Industri Kimia, Farmasi dan Obat Tradisional",44.0,0.015,46847.0,15.607
Kalimantan,61,Kalimantan Barat,C,Industri Pengolahan,C.9,"Industri Karet, Barang dari Karet dan Plastik",1499.0,0.499,46847.0,15.607
Kalimantan,61,Kalimantan Barat,C,Industri Pengolahan,C.10,Industri Barang Galian bukan Logam,203.0,0.068,46847.0,15.607
Kalimantan,61,Kalimantan Barat,C,Industri Pengolahan,C.11,Industri Logam Dasar,1679.0,0.559,46847.0,15.607
Kalimantan,61,Kalimantan Barat,C,Industri Pengolahan,C.12,"Industri Barang Logam; Komputer, Barang Elektronik, Optik; dan Peralatan Listrik",1050.0,0.35,46847.0,15.607
Kalimantan,61,Kalimantan Barat,C,Industri Pengolahan,C.13,Industri Mesin dan Perlengkapan,50.0,0.017,46847.0,15.607
Kalimantan,61,Kalimantan Barat,C,Industri Pengolahan,C.14,Industri Alat Angkutan,244.0,0.081,46847.0,15.607
Kalimantan,61,Kalimantan Barat,C,Industri Pengolahan,C.15,Industri Furnitur,557.0,0.186,46847.0,15.607
Kalimantan,61,Kalimantan Barat,C,Industri Pengolahan,C.16,Industri Pengolahan Lainnya; Jasa Reparasi dan Pemasangan Mesin dan Peralatan,505.0,0.168,46847.0,15.607
Kalimantan,61,Kalimantan Barat,D,Pengadaan Listrik dan Gas,D.1,Ketenagalistrikan,382.0,0.127,392.0,0.131
Kalimantan,61,Kalimantan Barat,D,Pengadaan Listrik dan Gas,D.2,Pengadaan Gas dan Produksi Es,10.0,0.003,392.0,0.131
Kalimantan,61,Kalimantan Barat,E,"Pengadaan Air, Pengelolaan Sampah, Limbah dan Daur Ulang",E,"Pengadaan Air, Pengelolaan Sampah, Limbah dan Daur Ulang",343.0,0.114,343.0,0.114
Kalimantan,61,Kalimantan Barat,F,Konstruksi,F,Konstruksi,36831.0,12.27,36831.0,12.27
Kalimantan,61,Kalimantan Barat,G,Perdagangan Besar dan Eceran; Reparasi Mobil dan Sepeda Motor,G.1,"Perdagangan Mobil, Sepeda Motor dan Reparasinya",12838.0,4.277,43188.0,14.388
Kalimantan,61,Kalimantan Barat,G,Perdagangan Besar dan Eceran; Reparasi Mobil dan Sepeda Motor,G.2,"Perdagangan Besar dan Eceran, Bukan Mobil dan Sepeda Motor",30350.0,10.111,43188.0,14.388
Kalimantan,61,Kalimantan Barat,H,Transportasi dan Pergudangan,H.1,Angkutan Rel,0.0,0.0,13842.0,4.611
Kalimantan,61,Kalimantan Barat,H,Transportasi dan Pergudangan,H.2,Angkutan Darat,5672.0,1.89,13842.0,4.611
Kalimantan,61,Kalimantan Barat,H,Transportasi dan Pergudangan,H.3,Angkutan Laut,1065.0,0.355,13842.0,4.611
Kalimantan,61,Kalimantan Barat,H,Transportasi dan Pergudangan,H.4,Angkutan Sungai Danau dan Penyeberangan,1292.0,0.43,13842.0,4.611
Kalimantan,61,Kalimantan Barat,H,Transportasi dan Pergudangan,H.5,Angkutan Udara,3514.0,1.171,13842.0,4.611
Kalimantan,61,Kalimantan Barat,H,Transportasi dan Pergudangan,H.6,Pergudangan dan Jasa Penunjang Angkutan; Pos dan Kurir,2299.0,0.766,13842.0,4.611
Kalimantan,61,Kalimantan Barat,I,Penyediaan Akomodasi dan Makan Minum,I.1,Penyediaan Akomodasi,1460.0,0.486,6431.0,2.142
Kalimantan,61,Kalimantan Barat,I,Penyediaan Akomodasi dan Makan Minum,I.2,Penyediaan Makan Minum,4971.0,1.656,6431.0,2.142
Kalimantan,61,Kalimantan Barat,J,Informasi dan Komunikasi,J,Informasi dan Komunikasi,12179.0,4.057,12179.0,4.057
Kalimantan,61,Kalimantan Barat,K,Jasa Keuangan dan Asuransi,K.1,Jasa Perantara Keuangan,6833.0,2.276,9620.0,3.205
Kalimantan,61,Kalimantan Barat,K,Jasa Keuangan dan Asuransi,K.2,Asuransi dan Dana Pensiun,1029.0,0.343,9620.0,3.205
Kalimantan,61,Kalimantan Barat,K,Jasa Keuangan dan Asuransi,K.3,Jasa Keuangan Lainnya,1255.0,0.418,9620.0,3.205
Kalimantan,61,Kalimantan Barat,K,Jasa Keuangan dan Asuransi,K.4,Jasa Penunjang Keuangan,504.0,0.168,9620.0,3.205
Kalimantan,61,Kalimantan Barat,L,Real Estat,L,Real Estat,8122.0,2.706,8122.0,2.706
Kalimantan,61,Kalimantan Barat,"M,N",Jasa Perusahaan,"M,N",Jasa Perusahaan,1299.0,0.433,1299.0,0.433
Kalimantan,61,Kalimantan Barat,O,"Administrasi Pemerintahan, Pertahanan dan Jaminan Sosial Wajib",O,"Administrasi Pemerintahan, Pertahanan dan Jaminan Sosial Wajib",19690.0,6.56,19690.0,6.56
Kalimantan,61,Kalimantan Barat,P,Jasa Pendidikan,P,Jasa Pendidikan,10481.0,3.492,10481.0,3.492
Kalimantan,61,Kalimantan Barat,Q,Jasa Kesehatan dan Kegiatan Sosial,Q,Jasa Kesehatan dan Kegiatan Sosial,7890.0,2.629,7890.0,2.629
Kalimantan,61,Kalimantan Barat,"R,S,T,U",Jasa lainnya,"R,S,T,U",Jasa lainnya,2447.0,0.815,2447.0,0.815
Kalimantan,62,Kalimantan Tengah,A,"Pertanian, Kehutanan, dan Perikanan",A.1,"Pertanian, Peternakan, Perburuan dan Jasa Pertanian",43170.0,19.37,49787.0,22.34
Kalimantan,62,Kalimantan Tengah,A,"Pertanian, Kehutanan, dan Perikanan",A.2,Kehutanan dan Penebangan Kayu,2072.0,0.93,49787.0,22.34
Kalimantan,62,Kalimantan Tengah,A,"Pertanian, Kehutanan, dan Perikanan",A.3,Perikanan,4544.0,2.039,49787.0,22.34
Kalimantan,62,Kalimantan Tengah,B,Pertambangan dan Penggalian,B.1,"Pertambangan Minyak, Gas dan Panas Bumi",905.0,0.406,23718.0,10.642
Kalimantan,62,Kalimantan Tengah,B,Pertambangan dan Penggalian,B.2,Pertambangan Batubara dan Lignit,17851.0,8.01,23718.0,10.642
Kalimantan,62,Kalimantan Tengah,B,Pertambangan dan Penggalian,B.3,Pertambangan Bijih Logam,3293.0,1.478,23718.0,10.642
Kalimantan,62,Kalimantan Tengah,B,Pertambangan dan Penggalian,B.4,Pertambangan dan Penggalian Lainnya,1669.0,0.749,23718.0,10.642
Kalimantan,62,Kalimantan Tengah,C,Industri Pengolahan,C.1,Industri Batubara dan Pengilangan Migas,0.0,0.0,35036.0,15.721
Kalimantan,62,Kalimantan Tengah,C,Industri Pengolahan,C.2,Industri Makanan dan Minuman,30089.0,13.501,35036.0,15.721
Kalimantan,62,Kalimantan Tengah,C,Industri Pengolahan,C.3,Industri Pengolahan Tembakau,0.0,0.0,35036.0,15.721
Kalimantan,62,Kalimantan Tengah,C,Industri Pengolahan,C.4,Industri Tekstil dan Pakaian Jadi,33.0,0.015,35036.0,15.721
Kalimantan,62,Kalimantan Tengah,C,Industri Pengolahan,C.5,"Industri Kulit, Barang dari Kulit dan Alas Kaki",0.0,0.0,35036.0,15.721
Kalimantan,62,Kalimantan Tengah,C,Industri Pengolahan,C.6,"Industri Kayu, Barang dari Kayu dan Gabus dan Barang Anyaman dari Bambu, Rotan dan Sejenisnya",1241.0,0.557,35036.0,15.721
Kalimantan,62,Kalimantan Tengah,C,Industri Pengolahan,C.7,Industri Kertas dan Barang dari Kertas; Percetakan dan Reproduksi Media Rekaman,171.0,0.077,35036.0,15.721
Kalimantan,62,Kalimantan Tengah,C,Industri Pengolahan,C.8,"Industri Kimia, Farmasi dan Obat Tradisional",2002.0,0.898,35036.0,15.721
Kalimantan,62,Kalimantan Tengah,C,Industri Pengolahan,C.9,"Industri Karet, Barang dari Karet dan Plastik",300.0,0.135,35036.0,15.721
Kalimantan,62,Kalimantan Tengah,C,Industri Pengolahan,C.10,Industri Barang Galian bukan Logam,412.0,0.185,35036.0,15.721
Kalimantan,62,Kalimantan Tengah,C,Industri Pengolahan,C.11,Industri Logam Dasar,0.0,0.0,35036.0,15.721
Kalimantan,62,Kalimantan Tengah,C,Industri Pengolahan,C.12,"Industri Barang Logam; Komputer, Barang Elektronik, Optik; dan Peralatan Listrik",68.0,0.031,35036.0,15.721
Kalimantan,62,Kalimantan Tengah,C,Industri Pengolahan,C.13,Industri Mesin dan Perlengkapan,19.0,0.009,35036.0,15.721
Kalimantan,62,Kalimantan Tengah,C,Industri Pengolahan,C.14,Industri Alat Angkutan,170.0,0.076,35036.0,15.721
Kalimantan,62,Kalimantan Tengah,C,Industri Pengolahan,C.15,Industri Furnitur,480.0,0.215,35036.0,15.721
Kalimantan,62,Kalimantan Tengah,C,Industri Pengolahan,C.16,Industri Pengolahan Lainnya; Jasa Reparasi dan Pemasangan Mesin dan Peralatan,52.0,0.023,35036.0,15.721
Kalimantan,62,Kalimantan Tengah,D,Pengadaan Listrik dan Gas,D.1,Ketenagalistrikan,207.0,0.093,213.0,0.096
Kalimantan,62,Kalimantan Tengah,D,Pengadaan Listrik dan Gas,D.2,Pengadaan Gas dan Produksi Es,6.0,0.003,213.0,0.096
Kalimantan,62,Kalimantan Tengah,E,"Pengadaan Air, Pengelolaan Sampah, Limbah dan Daur Ulang",E,"Pengadaan Air, Pengelolaan Sampah, Limbah dan Daur Ulang",216.0,0.097,216.0,0.097
Kalimantan,62,Kalimantan Tengah,F,Konstruksi,F,Konstruksi,19694.0,8.837,19694.0,8.837
Kalimantan,62,Kalimantan Tengah,G,Perdagangan Besar dan Eceran; Reparasi Mobil dan Sepeda Motor,G.1,"Perdagangan Mobil, Sepeda Motor dan Reparasinya",802.0,0.36,27966.0,12.548
Kalimantan,62,Kalimantan Tengah,G,Perdagangan Besar dan Eceran; Reparasi Mobil dan Sepeda Motor,G.2,"Perdagangan Besar dan Eceran, Bukan Mobil dan Sepeda Motor",27165.0,12.189,27966.0,12.548
Kalimantan,62,Kalimantan Tengah,H,Transportasi dan Pergudangan,H.1,Angkutan Rel,0.0,0.0,16136.0,7.24
Kalimantan,62,Kalimantan Tengah,H,Transportasi dan Pergudangan,H.2,Angkutan Darat,7363.0,3.304,16136.0,7.24
Kalimantan,62,Kalimantan Tengah,H,Transportasi dan Pergudangan,H.3,Angkutan Laut,3616.0,1.623,16136.0,7.24
Kalimantan,62,Kalimantan Tengah,H,Transportasi dan Pergudangan,H.4,Angkutan Sungai Danau dan Penyeberangan,3400.0,1.526,16136.0,7.24
Kalimantan,62,Kalimantan Tengah,H,Transportasi dan Pergudangan,H.5,Angkutan Udara,600.0,0.269,16136.0,7.24
Kalimantan,62,Kalimantan Tengah,H,Transportasi dan Pergudangan,H.6,Pergudangan dan Jasa Penunjang Angkutan; Pos dan Kurir,1158.0,0.52,16136.0,7.24
Kalimantan,62,Kalimantan Tengah,I,Penyediaan Akomodasi dan Makan Minum,I.1,Penyediaan Akomodasi,452.0,0.203,4162.0,1.867
Kalimantan,62,Kalimantan Tengah,I,Penyediaan Akomodasi dan Makan Minum,I.2,Penyediaan Makan Minum,3710.0,1.665,4162.0,1.867
Kalimantan,62,Kalimantan Tengah,J,Informasi dan Komunikasi,J,Informasi dan Komunikasi,2302.0,1.033,2302.0,1.033
Kalimantan,62,Kalimantan Tengah,K,Jasa Keuangan dan Asuransi,K.1,Jasa Perantara Keuangan,4495.0,2.017,7338.0,3.293
Kalimantan,62,Kalimantan Tengah,K,Jasa Keuangan dan Asuransi,K.2,Asuransi dan Dana Pensiun,1693.0,0.76,7338.0,3.293
Kalimantan,62,Kalimantan Tengah,K,Jasa Keuangan dan Asuransi,K.3,Jasa Keuangan Lainnya,1138.0,0.511,7338.0,3.293
Kalimantan,62,Kalimantan Tengah,K,Jasa Keuangan dan Asuransi,K.4,Jasa Penunjang Keuangan,13.0,0.006,7338.0,3.293
Kalimantan,62,Kalimantan Tengah,L,Real Estat,L,Real Estat,4447.0,1.995,4447.0,1.995
Kalimantan,62,Kalimantan Tengah,"M,N",Jasa Perusahaan,"M,N",Jasa Perusahaan,83.0,0.037,83.0,0.037
Kalimantan,62,Kalimantan Tengah,O,"Administrasi Pemerintahan, Pertahanan dan Jaminan Sosial Wajib",O,"Administrasi Pemerintahan, Pertahanan dan Jaminan Sosial Wajib",13112.0,5.883,13112.0,5.883
Kalimantan,62,Kalimantan Tengah,P,Jasa Pendidikan,P,Jasa Pendidikan,11036.0,4.952,11036.0,4.952
Kalimantan,62,Kalimantan Tengah,Q,Jasa Kesehatan dan Kegiatan Sosial,Q,Jasa Kesehatan dan Kegiatan Sosial,5546.0,2.489,5546.0,2.489
Kalimantan,62,Kalimantan Tengah,"R,S,T,U",Jasa lainnya,"R,S,T,U",Jasa lainnya,2071.0,0.929,2071.0,0.929
Kalimantan,63,Kalimantan Selatan,A,"Pertanian, Kehutanan, dan Perikanan",A.1,"Pertanian, Peternakan, Perburuan dan Jasa Pertanian",23168.0,8.077,33119.0,11.546
Kalimantan,63,Kalimantan Selatan,A,"Pertanian, Kehutanan, dan Perikanan",A.2,Kehutanan dan Penebangan Kayu,795.0,0.277,33119.0,11.546
Kalimantan,63,Kalimantan Selatan,A,"Pertanian, Kehutanan, dan Perikanan",A.3,Perikanan,9156.0,3.192,33119.0,11.546
Kalimantan,63,Kalimantan Selatan,B,Pertambangan dan Penggalian,B.1,"Pertambangan Minyak, Gas dan Panas Bumi",851.0,0.297,84512.0,29.463
Kalimantan,63,Kalimantan Selatan,B,Pertambangan dan Penggalian,B.2,Pertambangan Batubara dan Lignit,80955.0,28.223,84512.0,29.463
Kalimantan,63,Kalimantan Selatan,B,Pertambangan dan Penggalian,B.3,Pertambangan Bijih Logam,809.0,0.282,84512.0,29.463
Kalimantan,63,Kalimantan Selatan,B,Pertambangan dan Penggalian,B.4,Pertambangan dan Penggalian Lainnya,1897.0,0.661,84512.0,29.463
Kalimantan,63,Kalimantan Selatan,C,Industri Pengolahan,C.1,Industri Batubara dan Pengilangan Migas,0.0,0.0,31414.0,10.952
Kalimantan,63,Kalimantan Selatan,C,Industri Pengolahan,C.2,Industri Makanan dan Minuman,21423.0,7.469,31414.0,10.952
Kalimantan,63,Kalimantan Selatan,C,Industri Pengolahan,C.3,Industri Pengolahan Tembakau,0.0,0.0,31414.0,10.952
Kalimantan,63,Kalimantan Selatan,C,Industri Pengolahan,C.4,Industri Tekstil dan Pakaian Jadi,313.0,0.109,31414.0,10.952
Kalimantan,63,Kalimantan Selatan,C,Industri Pengolahan,C.5,"Industri Kulit, Barang dari Kulit dan Alas Kaki",0.0,0.0,31414.0,10.952
Kalimantan,63,Kalimantan Selatan,C,Industri Pengolahan,C.6,"Industri Kayu, Barang dari Kayu dan Gabus dan Barang Anyaman dari Bambu, Rotan dan Sejenisnya",2078.0,0.724,31414.0,10.952
Kalimantan,63,Kalimantan Selatan,C,Industri Pengolahan,C.7,Industri Kertas dan Barang dari Kertas; Percetakan dan Reproduksi Media Rekaman,248.0,0.086,31414.0,10.952
Kalimantan,63,Kalimantan Selatan,C,Industri Pengolahan,C.8,"Industri Kimia, Farmasi dan Obat Tradisional",1413.0,0.493,31414.0,10.952
Kalimantan,63,Kalimantan Selatan,C,Industri Pengolahan,C.9,"Industri Karet, Barang dari Karet dan Plastik",2621.0,0.914,31414.0,10.952
Kalimantan,63,Kalimantan Selatan,C,Industri Pengolahan,C.10,Industri Barang Galian bukan Logam,2662.0,0.928,31414.0,10.952
Kalimantan,63,Kalimantan Selatan,C,Industri Pengolahan,C.11,Industri Logam Dasar,0.0,0.0,31414.0,10.952
Kalimantan,63,Kalimantan Selatan,C,Industri Pengolahan,C.12,"Industri Barang Logam; Komputer, Barang Elektronik, Optik; dan Peralatan Listrik",135.0,0.047,31414.0,10.952
Kalimantan,63,Kalimantan Selatan,C,Industri Pengolahan,C.13,Industri Mesin dan Perlengkapan,9.0,0.003,31414.0,10.952
Kalimantan,63,Kalimantan Selatan,C,Industri Pengolahan,C.14,Industri Alat Angkutan,257.0,0.09,31414.0,10.952
Kalimantan,63,Kalimantan Selatan,C,Industri Pengolahan,C.15,Industri Furnitur,121.0,0.042,31414.0,10.952
Kalimantan,63,Kalimantan Selatan,C,Industri Pengolahan,C.16,Industri Pengolahan Lainnya; Jasa Reparasi dan Pemasangan Mesin dan Peralatan,132.0,0.046,31414.0,10.952
Kalimantan,63,Kalimantan Selatan,D,Pengadaan Listrik dan Gas,D.1,Ketenagalistrikan,364.0,0.127,379.0,0.132
Kalimantan,63,Kalimantan Selatan,D,Pengadaan Listrik dan Gas,D.2,Pengadaan Gas dan Produksi Es,15.0,0.005,379.0,0.132
Kalimantan,63,Kalimantan Selatan,E,"Pengadaan Air, Pengelolaan Sampah, Limbah dan Daur Ulang",E,"Pengadaan Air, Pengelolaan Sampah, Limbah dan Daur Ulang",1061.0,0.37,1061.0,0.37
Kalimantan,63,Kalimantan Selatan,F,Konstruksi,F,Konstruksi,20333.0,7.089,20333.0,7.089
Kalimantan,63,Kalimantan Selatan,G,Perdagangan Besar dan Eceran; Reparasi Mobil dan Sepeda Motor,G.1,"Perdagangan Mobil, Sepeda Motor dan Reparasinya",3258.0,1.136,28179.0,9.824
Kalimantan,63,Kalimantan Selatan,G,Perdagangan Besar dan Eceran; Reparasi Mobil dan Sepeda Motor,G.2,"Perdagangan Besar dan Eceran, Bukan Mobil dan Sepeda Motor",24922.0,8.688,28179.0,9.824
Kalimantan,63,Kalimantan Selatan,H,Transportasi dan Pergudangan,H.1,Angkutan Rel,0.0,0.0,20816.0,7.257
Kalimantan,63,Kalimantan Selatan,H,Transportasi dan Pergudangan,H.2,Angkutan Darat,7401.0,2.58,20816.0,7.257
Kalimantan,63,Kalimantan Selatan,H,Transportasi dan Pergudangan,H.3,Angkutan Laut,6414.0,2.236,20816.0,7.257
Kalimantan,63,Kalimantan Selatan,H,Transportasi dan Pergudangan,H.4,Angkutan Sungai Danau dan Penyeberangan,935.0,0.326,20816.0,7.257
Kalimantan,63,Kalimantan Selatan,H,Transportasi dan Pergudangan,H.5,Angkutan Udara,4373.0,1.525,20816.0,7.257
Kalimantan,63,Kalimantan Selatan,H,Transportasi dan Pergudangan,H.6,Pergudangan dan Jasa Penunjang Angkutan; Pos dan Kurir,1693.0,0.59,20816.0,7.257
Kalimantan,63,Kalimantan Selatan,I,Penyediaan Akomodasi dan Makan Minum,I.1,Penyediaan Akomodasi,865.0,0.302,5534.0,1.929
Kalimantan,63,Kalimantan Selatan,I,Penyediaan Akomodasi dan Makan Minum,I.2,Penyediaan Makan Minum,4670.0,1.628,5534.0,1.929
Kalimantan,63,Kalimantan Selatan,J,Informasi dan Komunikasi,J,Informasi dan Komunikasi,9657.0,3.367,9657.0,3.367
Kalimantan,63,Kalimantan Selatan,K,Jasa Keuangan dan Asuransi,K.1,Jasa Perantara Keuangan,6237.0,2.174,8925.0,3.111
Kalimantan,63,Kalimantan Selatan,K,Jasa Keuangan dan Asuransi,K.2,Asuransi dan Dana Pensiun,1500.0,0.523,8925.0,3.111
Kalimantan,63,Kalimantan Selatan,K,Jasa Keuangan dan Asuransi,K.3,Jasa Keuangan Lainnya,1183.0,0.412,8925.0,3.111
Kalimantan,63,Kalimantan Selatan,K,Jasa Keuangan dan Asuransi,K.4,Jasa Penunjang Keuangan,5.0,0.002,8925.0,3.111
Kalimantan,63,Kalimantan Selatan,L,Real Estat,L,Real Estat,5998.0,2.091,5998.0,2.091
Kalimantan,63,Kalimantan Selatan,"M,N",Jasa Perusahaan,"M,N",Jasa Perusahaan,1924.0,0.671,1924.0,0.671
Kalimantan,63,Kalimantan Selatan,O,"Administrasi Pemerintahan, Pertahanan dan Jaminan Sosial Wajib",O,"Administrasi Pemerintahan, Pertahanan dan Jaminan Sosial Wajib",14276.0,4.977,14276.0,4.977
Kalimantan,63,Kalimantan Selatan,P,Jasa Pendidikan,P,Jasa Pendidikan,11513.0,4.014,11513.0,4.014
Kalimantan,63,Kalimantan Selatan,Q,Jasa Kesehatan dan Kegiatan Sosial,Q,Jasa Kesehatan dan Kegiatan Sosial,5756.0,2.007,5756.0,2.007
Kalimantan,63,Kalimantan Selatan,"R,S,T,U",Jasa lainnya,"R,S,T,U",Jasa lainnya,3442.0,1.2,3442.0,1.2
Kalimantan,64,Kalimantan Timur,A,"Pertanian, Kehutanan, dan Perikanan",A.1,"Pertanian, Peternakan, Perburuan dan Jasa Pertanian",52856.0,6.159,74357.0,8.664
Kalimantan,64,Kalimantan Timur,A,"Pertanian, Kehutanan, dan Perikanan",A.2,Kehutanan dan Penebangan Kayu,8528.0,0.994,74357.0,8.664
Kalimantan,64,Kalimantan Timur,A,"Pertanian, Kehutanan, dan Perikanan",A.3,Perikanan,12972.0,1.512,74357.0,8.664
Kalimantan,64,Kalimantan Timur,B,Pertambangan dan Penggalian,B.1,"Pertambangan Minyak, Gas dan Panas Bumi",44743.0,5.214,329116.0,38.35
Kalimantan,64,Kalimantan Timur,B,Pertambangan dan Penggalian,B.2,Pertambangan Batubara dan Lignit,249562.0,29.08,329116.0,38.35
Kalimantan,64,Kalimantan Timur,B,Pertambangan dan Penggalian,B.3,Pertambangan Bijih Logam,245.0,0.029,329116.0,38.35
Kalimantan,64,Kalimantan Timur,B,Pertambangan dan Penggalian,B.4,Pertambangan dan Penggalian Lainnya,34566.0,4.028,329116.0,38.35
Kalimantan,64,Kalimantan Timur,C,Industri Pengolahan,C.1,Industri Batubara dan Pengilangan Migas,80155.0,9.34,156814.0,18.273
Kalimantan,64,Kalimantan Timur,C,Industri Pengolahan,C.2,Industri Makanan dan Minuman,26463.0,3.084,156814.0,18.273
Kalimantan,64,Kalimantan Timur,C,Industri Pengolahan,C.3,Industri Pengolahan Tembakau,0.0,0.0,156814.0,18.273
Kalimantan,64,Kalimantan Timur,C,Industri Pengolahan,C.4,Industri Tekstil dan Pakaian Jadi,151.0,0.018,156814.0,18.273
Kalimantan,64,Kalimantan Timur,C,Industri Pengolahan,C.5,"Industri Kulit, Barang dari Kulit dan Alas Kaki",27.0,0.003,156814.0,18.273
Kalimantan,64,Kalimantan Timur,C,Industri Pengolahan,C.6,"Industri Kayu, Barang dari Kayu dan Gabus dan Barang Anyaman dari Bambu, Rotan dan Sejenisnya",3225.0,0.376,156814.0,18.273
Kalimantan,64,Kalimantan Timur,C,Industri Pengolahan,C.7,Industri Kertas dan Barang dari Kertas; Percetakan dan Reproduksi Media Rekaman,5909.0,0.689,156814.0,18.273
Kalimantan,64,Kalimantan Timur,C,Industri Pengolahan,C.8,"Industri Kimia, Farmasi dan Obat Tradisional",33665.0,3.923,156814.0,18.273
Kalimantan,64,Kalimantan Timur,C,Industri Pengolahan,C.9,"Industri Karet, Barang dari Karet dan Plastik",202.0,0.024,156814.0,18.273
Kalimantan,64,Kalimantan Timur,C,Industri Pengolahan,C.10,Industri Barang Galian bukan Logam,2090.0,0.244,156814.0,18.273
Kalimantan,64,Kalimantan Timur,C,Industri Pengolahan,C.11,Industri Logam Dasar,894.0,0.104,156814.0,18.273
Kalimantan,64,Kalimantan Timur,C,Industri Pengolahan,C.12,"Industri Barang Logam; Komputer, Barang Elektronik, Optik; dan Peralatan Listrik",1285.0,0.15,156814.0,18.273
Kalimantan,64,Kalimantan Timur,C,Industri Pengolahan,C.13,Industri Mesin dan Perlengkapan,242.0,0.028,156814.0,18.273
Kalimantan,64,Kalimantan Timur,C,Industri Pengolahan,C.14,Industri Alat Angkutan,1426.0,0.166,156814.0,18.273
Kalimantan,64,Kalimantan Timur,C,Industri Pengolahan,C.15,Industri Furnitur,696.0,0.081,156814.0,18.273
Kalimantan,64,Kalimantan Timur,C,Industri Pengolahan,C.16,Industri Pengolahan Lainnya; Jasa Reparasi dan Pemasangan Mesin dan Peralatan,386.0,0.045,156814.0,18.273
Kalimantan,64,Kalimantan Timur,D,Pengadaan Listrik dan Gas,D.1,Ketenagalistrikan,568.0,0.066,589.0,0.069
Kalimantan,64,Kalimantan Timur,D,Pengadaan Listrik dan Gas,D.2,Pengadaan Gas dan Produksi Es,21.0,0.002,589.0,0.069
Kalimantan,64,Kalimantan Timur,E,"Pengadaan Air, Pengelolaan Sampah, Limbah dan Daur Ulang",E,"Pengadaan Air, Pengelolaan Sampah, Limbah dan Daur Ulang",472.0,0.055,472.0,0.055
Kalimantan,64,Kalimantan Timur,F,Konstruksi,F,Konstruksi,101974.0,11.882,101974.0,11.882
Kalimantan,64,Kalimantan Timur,G,Perdagangan Besar dan Eceran; Reparasi Mobil dan Sepeda Motor,G.1,"Perdagangan Mobil, Sepeda Motor dan Reparasinya",4846.0,0.565,59296.0,6.909
Kalimantan,64,Kalimantan Timur,G,Perdagangan Besar dan Eceran; Reparasi Mobil dan Sepeda Motor,G.2,"Perdagangan Besar dan Eceran, Bukan Mobil dan Sepeda Motor",54450.0,6.345,59296.0,6.909
Kalimantan,64,Kalimantan Timur,H,Transportasi dan Pergudangan,H.1,Angkutan Rel,0.0,0.0,38630.0,4.501
Kalimantan,64,Kalimantan Timur,H,Transportasi dan Pergudangan,H.2,Angkutan Darat,4822.0,0.562,38630.0,4.501
Kalimantan,64,Kalimantan Timur,H,Transportasi dan Pergudangan,H.3,Angkutan Laut,4956.0,0.577,38630.0,4.501
Kalimantan,64,Kalimantan Timur,H,Transportasi dan Pergudangan,H.4,Angkutan Sungai Danau dan Penyeberangan,2728.0,0.318,38630.0,4.501
Kalimantan,64,Kalimantan Timur,H,Transportasi dan Pergudangan,H.5,Angkutan Udara,12733.0,1.484,38630.0,4.501
Kalimantan,64,Kalimantan Timur,H,Transportasi dan Pergudangan,H.6,Pergudangan dan Jasa Penunjang Angkutan; Pos dan Kurir,13391.0,1.56,38630.0,4.501
Kalimantan,64,Kalimantan Timur,I,Penyediaan Akomodasi dan Makan Minum,I.1,Penyediaan Akomodasi,1297.0,0.151,9628.0,1.122
Kalimantan,64,Kalimantan Timur,I,Penyediaan Akomodasi dan Makan Minum,I.2,Penyediaan Makan Minum,8331.0,0.971,9628.0,1.122
Kalimantan,64,Kalimantan Timur,J,Informasi dan Komunikasi,J,Informasi dan Komunikasi,12941.0,1.508,12941.0,1.508
Kalimantan,64,Kalimantan Timur,K,Jasa Keuangan dan Asuransi,K.1,Jasa Perantara Keuangan,11904.0,1.387,16613.0,1.936
Kalimantan,64,Kalimantan Timur,K,Jasa Keuangan dan Asuransi,K.2,Asuransi dan Dana Pensiun,2034.0,0.237,16613.0,1.936
Kalimantan,64,Kalimantan Timur,K,Jasa Keuangan dan Asuransi,K.3,Jasa Keuangan Lainnya,2675.0,0.312,16613.0,1.936
Kalimantan,64,Kalimantan Timur,K,Jasa Keuangan dan Asuransi,K.4,Jasa Penunjang Keuangan,0.0,0.0,16613.0,1.936
Kalimantan,64,Kalimantan Timur,L,Real Estat,L,Real Estat,6978.0,0.813,6978.0,0.813
Kalimantan,64,Kalimantan Timur,"M,N",Jasa Perusahaan,"M,N",Jasa Perusahaan,1889.0,0.22,1889.0,0.22
Kalimantan,64,Kalimantan Timur,O,"Administrasi Pemerintahan, Pertahanan dan Jaminan Sosial Wajib",O,"Administrasi Pemerintahan, Pertahanan dan Jaminan Sosial Wajib",18878.0,2.2,18878.0,2.2
Kalimantan,64,Kalimantan Timur,P,Jasa Pendidikan,P,Jasa Pendidikan,15538.0,1.811,15538.0,1.811
Kalimantan,64,Kalimantan Timur,Q,Jasa Kesehatan dan Kegiatan Sosial,Q,Jasa Kesehatan dan Kegiatan Sosial,7866.0,0.917,7866.0,0.917
Kalimantan,64,Kalimantan Timur,"R,S,T,U",Jasa lainnya,"R,S,T,U",Jasa lainnya,6615.0,0.771,6615.0,0.771
Kalimantan,65,Kalimantan Utara,A,"Pertanian, Kehutanan, dan Perikanan",A.1,"Pertanian, Peternakan, Perburuan dan Jasa Pertanian",7778.0,5.292,21699.0,14.764
Kalimantan,65,Kalimantan Utara,A,"Pertanian, Kehutanan, dan Perikanan",A.2,Kehutanan dan Penebangan Kayu,4910.0,3.341,21699.0,14.764
Kalimantan,65,Kalimantan Utara,A,"Pertanian, Kehutanan, dan Perikanan",A.3,Perikanan,9011.0,6.131,21699.0,14.764
Kalimantan,65,Kalimantan Utara,B,Pertambangan dan Penggalian,B.1,"Pertambangan Minyak, Gas dan Panas Bumi",3481.0,2.368,42164.0,28.687
Kalimantan,65,Kalimantan Utara,B,Pertambangan dan Penggalian,B.2,Pertambangan Batubara dan Lignit,30662.0,20.862,42164.0,28.687
Kalimantan,65,Kalimantan Utara,B,Pertambangan dan Penggalian,B.3,Pertambangan Bijih Logam,2140.0,1.456,42164.0,28.687
Kalimantan,65,Kalimantan Utara,B,Pertambangan dan Penggalian,B.4,Pertambangan dan Penggalian Lainnya,5882.0,4.002,42164.0,28.687
Kalimantan,65,Kalimantan Utara,C,Industri Pengolahan,C.1,Industri Batubara dan Pengilangan Migas,183.0,0.125,12153.0,8.269
Kalimantan,65,Kalimantan Utara,C,Industri Pengolahan,C.2,Industri Makanan dan Minuman,6881.0,4.682,12153.0,8.269
Kalimantan,65,Kalimantan Utara,C,Industri Pengolahan,C.3,Industri Pengolahan Tembakau,0.0,0.0,12153.0,8.269
Kalimantan,65,Kalimantan Utara,C,Industri Pengolahan,C.4,Industri Tekstil dan Pakaian Jadi,75.0,0.051,12153.0,8.269
Kalimantan,65,Kalimantan Utara,C,Industri Pengolahan,C.5,"Industri Kulit, Barang dari Kulit dan Alas Kaki",6.0,0.004,12153.0,8.269
Kalimantan,65,Kalimantan Utara,C,Industri Pengolahan,C.6,"Industri Kayu, Barang dari Kayu dan Gabus dan Barang Anyaman dari Bambu, Rotan dan Sejenisnya",2942.0,2.002,12153.0,8.269
Kalimantan,65,Kalimantan Utara,C,Industri Pengolahan,C.7,Industri Kertas dan Barang dari Kertas; Percetakan dan Reproduksi Media Rekaman,1458.0,0.992,12153.0,8.269
Kalimantan,65,Kalimantan Utara,C,Industri Pengolahan,C.8,"Industri Kimia, Farmasi dan Obat Tradisional",28.0,0.019,12153.0,8.269
Kalimantan,65,Kalimantan Utara,C,Industri Pengolahan,C.9,"Industri Karet, Barang dari Karet dan Plastik",17.0,0.012,12153.0,8.269
Kalimantan,65,Kalimantan Utara,C,Industri Pengolahan,C.10,Industri Barang Galian bukan Logam,88.0,0.06,12153.0,8.269
Kalimantan,65,Kalimantan Utara,C,Industri Pengolahan,C.11,Industri Logam Dasar,0.0,0.0,12153.0,8.269
Kalimantan,65,Kalimantan Utara,C,Industri Pengolahan,C.12,"Industri Barang Logam; Komputer, Barang Elektronik, Optik; dan Peralatan Listrik",227.0,0.154,12153.0,8.269
Kalimantan,65,Kalimantan Utara,C,Industri Pengolahan,C.13,Industri Mesin dan Perlengkapan,36.0,0.024,12153.0,8.269
Kalimantan,65,Kalimantan Utara,C,Industri Pengolahan,C.14,Industri Alat Angkutan,16.0,0.011,12153.0,8.269
Kalimantan,65,Kalimantan Utara,C,Industri Pengolahan,C.15,Industri Furnitur,113.0,0.077,12153.0,8.269
Kalimantan,65,Kalimantan Utara,C,Industri Pengolahan,C.16,Industri Pengolahan Lainnya; Jasa Reparasi dan Pemasangan Mesin dan Peralatan,84.0,0.057,12153.0,8.269
Kalimantan,65,Kalimantan Utara,D,Pengadaan Listrik dan Gas,D.1,Ketenagalistrikan,81.0,0.055,87.0,0.059
Kalimantan,65,Kalimantan Utara,D,Pengadaan Listrik dan Gas,D.2,Pengadaan Gas dan Produksi Es,6.0,0.004,87.0,0.059
Kalimantan,65,Kalimantan Utara,E,"Pengadaan Air, Pengelolaan Sampah, Limbah dan Daur Ulang",E,"Pengadaan Air, Pengelolaan Sampah, Limbah dan Daur Ulang",86.0,0.059,86.0,0.059
Kalimantan,65,Kalimantan Utara,F,Konstruksi,F,Konstruksi,18994.0,12.923,18994.0,12.923
Kalimantan,65,Kalimantan Utara,G,Perdagangan Besar dan Eceran; Reparasi Mobil dan Sepeda Motor,G.1,"Perdagangan Mobil, Sepeda Motor dan Reparasinya",1404.0,0.955,19075.0,12.978
Kalimantan,65,Kalimantan Utara,G,Perdagangan Besar dan Eceran; Reparasi Mobil dan Sepeda Motor,G.2,"Perdagangan Besar dan Eceran, Bukan Mobil dan Sepeda Motor",17671.0,12.023,19075.0,12.978
Kalimantan,65,Kalimantan Utara,H,Transportasi dan Pergudangan,H.1,Angkutan Rel,0.0,0.0,11066.0,7.529
Kalimantan,65,Kalimantan Utara,H,Transportasi dan Pergudangan,H.2,Angkutan Darat,848.0,0.577,11066.0,7.529
Kalimantan,65,Kalimantan Utara,H,Transportasi dan Pergudangan,H.3,Angkutan Laut,1355.0,0.922,11066.0,7.529
Kalimantan,65,Kalimantan Utara,H,Transportasi dan Pergudangan,H.4,Angkutan Sungai Danau dan Penyeberangan,861.0,0.586,11066.0,7.529
Kalimantan,65,Kalimantan Utara,H,Transportasi dan Pergudangan,H.5,Angkutan Udara,5003.0,3.404,11066.0,7.529
Kalimantan,65,Kalimantan Utara,H,Transportasi dan Pergudangan,H.6,Pergudangan dan Jasa Penunjang Angkutan; Pos dan Kurir,3000.0,2.041,11066.0,7.529
Kalimantan,65,Kalimantan Utara,I,Penyediaan Akomodasi dan Makan Minum,I.1,Penyediaan Akomodasi,517.0,0.352,2432.0,1.655
Kalimantan,65,Kalimantan Utara,I,Penyediaan Akomodasi dan Makan Minum,I.2,Penyediaan Makan Minum,1915.0,1.303,2432.0,1.655
Kalimantan,65,Kalimantan Utara,J,Informasi dan Komunikasi,J,Informasi dan Komunikasi,3857.0,2.624,3857.0,2.624
Kalimantan,65,Kalimantan Utara,K,Jasa Keuangan dan Asuransi,K.1,Jasa Perantara Keuangan,819.0,0.557,1731.0,1.178
Kalimantan,65,Kalimantan Utara,K,Jasa Keuangan dan Asuransi,K.2,Asuransi dan Dana Pensiun,420.0,0.286,1731.0,1.178
Kalimantan,65,Kalimantan Utara,K,Jasa Keuangan dan Asuransi,K.3,Jasa Keuangan Lainnya,492.0,0.335,1731.0,1.178
Kalimantan,65,Kalimantan Utara,K,Jasa Keuangan dan Asuransi,K.4,Jasa Penunjang Keuangan,0.0,0.0,1731.0,1.178
Kalimantan,65,Kalimantan Utara,L,Real Estat,L,Real Estat,959.0,0.652,959.0,0.652
Kalimantan,65,Kalimantan Utara,"M,N",Jasa Perusahaan,"M,N",Jasa Perusahaan,296.0,0.201,296.0,0.201
Kalimantan,65,Kalimantan Utara,O,"Administrasi Pemerintahan, Pertahanan dan Jaminan Sosial Wajib",O,"Administrasi Pemerintahan, Pertahanan dan Jaminan Sosial Wajib",6239.0,4.245,6239.0,4.245
Kalimantan,65,Kalimantan Utara,P,Jasa Pendidikan,P,Jasa Pendidikan,3626.0,2.467,3626.0,2.467
Kalimantan,65,Kalimantan Utara,Q,Jasa Kesehatan dan Kegiatan Sosial,Q,Jasa Kesehatan dan Kegiatan Sosial,1443.0,0.982,1443.0,0.982
Kalimantan,65,Kalimantan Utara,"R,S,T,U",Jasa lainnya,"R,S,T,U",Jasa lainnya,1070.0,0.728,1070.0,0.728
Sulawesi,71,Sulawesi Utara,A,"Pertanian, Kehutanan, dan Perikanan",A.1,"Pertanian, Peternakan, Perburuan dan Jasa Pertanian",23523.0,12.554,38583.0,20.591
Sulawesi,71,Sulawesi Utara,A,"Pertanian, Kehutanan, dan Perikanan",A.2,Kehutanan dan Penebangan Kayu,663.0,0.354,38583.0,20.591
Sulawesi,71,Sulawesi Utara,A,"Pertanian, Kehutanan, dan Perikanan",A.3,Perikanan,14398.0,7.684,38583.0,20.591
Sulawesi,71,Sulawesi Utara,B,Pertambangan dan Penggalian,B.1,"Pertambangan Minyak, Gas dan Panas Bumi",485.0,0.259,9178.0,4.898
Sulawesi,71,Sulawesi Utara,B,Pertambangan dan Penggalian,B.2,Pertambangan Batubara dan Lignit,0.0,0.0,9178.0,4.898
Sulawesi,71,Sulawesi Utara,B,Pertambangan dan Penggalian,B.3,Pertambangan Bijih Logam,3348.0,1.787,9178.0,4.898
Sulawesi,71,Sulawesi Utara,B,Pertambangan dan Penggalian,B.4,Pertambangan dan Penggalian Lainnya,5344.0,2.852,9178.0,4.898
Sulawesi,71,Sulawesi Utara,C,Industri Pengolahan,C.1,Industri Batubara dan Pengilangan Migas,0.0,0.0,19890.0,10.615
Sulawesi,71,Sulawesi Utara,C,Industri Pengolahan,C.2,Industri Makanan dan Minuman,16949.0,9.046,19890.0,10.615
Sulawesi,71,Sulawesi Utara,C,Industri Pengolahan,C.3,Industri Pengolahan Tembakau,0.0,0.0,19890.0,10.615
Sulawesi,71,Sulawesi Utara,C,Industri Pengolahan,C.4,Industri Tekstil dan Pakaian Jadi,38.0,0.02,19890.0,10.615
Sulawesi,71,Sulawesi Utara,C,Industri Pengolahan,C.5,"Industri Kulit, Barang dari Kulit dan Alas Kaki",2.0,0.001,19890.0,10.615
Sulawesi,71,Sulawesi Utara,C,Industri Pengolahan,C.6,"Industri Kayu, Barang dari Kayu dan Gabus dan Barang Anyaman dari Bambu, Rotan dan Sejenisnya",125.0,0.067,19890.0,10.615
Sulawesi,71,Sulawesi Utara,C,Industri Pengolahan,C.7,Industri Kertas dan Barang dari Kertas; Percetakan dan Reproduksi Media Rekaman,581.0,0.31,19890.0,10.615
Sulawesi,71,Sulawesi Utara,C,Industri Pengolahan,C.8,"Industri Kimia, Farmasi dan Obat Tradisional",242.0,0.129,19890.0,10.615
Sulawesi,71,Sulawesi Utara,C,Industri Pengolahan,C.9,"Industri Karet, Barang dari Karet dan Plastik",3.0,0.002,19890.0,10.615
Sulawesi,71,Sulawesi Utara,C,Industri Pengolahan,C.10,Industri Barang Galian bukan Logam,1135.0,0.606,19890.0,10.615
Sulawesi,71,Sulawesi Utara,C,Industri Pengolahan,C.11,Industri Logam Dasar,155.0,0.083,19890.0,10.615
Sulawesi,71,Sulawesi Utara,C,Industri Pengolahan,C.12,"Industri Barang Logam; Komputer, Barang Elektronik, Optik; dan Peralatan Listrik",504.0,0.269,19890.0,10.615
Sulawesi,71,Sulawesi Utara,C,Industri Pengolahan,C.13,Industri Mesin dan Perlengkapan,0.0,0.0,19890.0,10.615
Sulawesi,71,Sulawesi Utara,C,Industri Pengolahan,C.14,Industri Alat Angkutan,47.0,0.025,19890.0,10.615
Sulawesi,71,Sulawesi Utara,C,Industri Pengolahan,C.15,Industri Furnitur,77.0,0.041,19890.0,10.615
Sulawesi,71,Sulawesi Utara,C,Industri Pengolahan,C.16,Industri Pengolahan Lainnya; Jasa Reparasi dan Pemasangan Mesin dan Peralatan,32.0,0.017,19890.0,10.615
Sulawesi,71,Sulawesi Utara,D,Pengadaan Listrik dan Gas,D.1,Ketenagalistrikan,180.0,0.096,187.0,0.1
Sulawesi,71,Sulawesi Utara,D,Pengadaan Listrik dan Gas,D.2,Pengadaan Gas dan Produksi Es,7.0,0.004,187.0,0.1
Sulawesi,71,Sulawesi Utara,E,"Pengadaan Air, Pengelolaan Sampah, Limbah dan Daur Ulang",E,"Pengadaan Air, Pengelolaan Sampah, Limbah dan Daur Ulang",180.0,0.096,180.0,0.096
Sulawesi,71,Sulawesi Utara,F,Konstruksi,F,Konstruksi,20052.0,10.702,20052.0,10.702
Sulawesi,71,Sulawesi Utara,G,Perdagangan Besar dan Eceran; Reparasi Mobil dan Sepeda Motor,G.1,"Perdagangan Mobil, Sepeda Motor dan Reparasinya",9496.0,5.068,25553.0,13.637
Sulawesi,71,Sulawesi Utara,G,Perdagangan Besar dan Eceran; Reparasi Mobil dan Sepeda Motor,G.2,"Perdagangan Besar dan Eceran, Bukan Mobil dan Sepeda Motor",16057.0,8.569,25553.0,13.637
Sulawesi,71,Sulawesi Utara,H,Transportasi dan Pergudangan,H.1,Angkutan Rel,0.0,0.0,21767.0,11.617
Sulawesi,71,Sulawesi Utara,H,Transportasi dan Pergudangan,H.2,Angkutan Darat,12124.0,6.47,21767.0,11.617
Sulawesi,71,Sulawesi Utara,H,Transportasi dan Pergudangan,H.3,Angkutan Laut,3165.0,1.689,21767.0,11.617
Sulawesi,71,Sulawesi Utara,H,Transportasi dan Pergudangan,H.4,Angkutan Sungai Danau dan Penyeberangan,41.0,0.022,21767.0,11.617
Sulawesi,71,Sulawesi Utara,H,Transportasi dan Pergudangan,H.5,Angkutan Udara,5827.0,3.11,21767.0,11.617
Sulawesi,71,Sulawesi Utara,H,Transportasi dan Pergudangan,H.6,Pergudangan dan Jasa Penunjang Angkutan; Pos dan Kurir,610.0,0.326,21767.0,11.617
Sulawesi,71,Sulawesi Utara,I,Penyediaan Akomodasi dan Makan Minum,I.1,Penyediaan Akomodasi,1747.0,0.932,3152.0,1.682
Sulawesi,71,Sulawesi Utara,I,Penyediaan Akomodasi dan Makan Minum,I.2,Penyediaan Makan Minum,1404.0,0.749,3152.0,1.682
Sulawesi,71,Sulawesi Utara,J,Informasi dan Komunikasi,J,Informasi dan Komunikasi,7491.0,3.998,7491.0,3.998
Sulawesi,71,Sulawesi Utara,K,Jasa Keuangan dan Asuransi,K.1,Jasa Perantara Keuangan,4099.0,2.188,6363.0,3.396
Sulawesi,71,Sulawesi Utara,K,Jasa Keuangan dan Asuransi,K.2,Asuransi dan Dana Pensiun,251.0,0.134,6363.0,3.396
Sulawesi,71,Sulawesi Utara,K,Jasa Keuangan dan Asuransi,K.3,Jasa Keuangan Lainnya,2010.0,1.073,6363.0,3.396
Sulawesi,71,Sulawesi Utara,K,Jasa Keuangan dan Asuransi,K.4,Jasa Penunjang Keuangan,3.0,0.002,6363.0,3.396
Sulawesi,71,Sulawesi Utara,L,Real Estat,L,Real Estat,5589.0,2.983,5589.0,2.983
Sulawesi,71,Sulawesi Utara,"M,N",Jasa Perusahaan,"M,N",Jasa Perusahaan,173.0,0.092,173.0,0.092
Sulawesi,71,Sulawesi Utara,O,"Administrasi Pemerintahan, Pertahanan dan Jaminan Sosial Wajib",O,"Administrasi Pemerintahan, Pertahanan dan Jaminan Sosial Wajib",12719.0,6.788,12719.0,6.788
Sulawesi,71,Sulawesi Utara,P,Jasa Pendidikan,P,Jasa Pendidikan,5658.0,3.02,5658.0,3.02
Sulawesi,71,Sulawesi Utara,Q,Jasa Kesehatan dan Kegiatan Sosial,Q,Jasa Kesehatan dan Kegiatan Sosial,7451.0,3.977,7451.0,3.977
Sulawesi,71,Sulawesi Utara,"R,S,T,U",Jasa lainnya,"R,S,T,U",Jasa lainnya,3390.0,1.809,3390.0,1.809
Sulawesi,72,Sulawesi Tengah,A,"Pertanian, Kehutanan, dan Perikanan",A.1,"Pertanian, Peternakan, Perburuan dan Jasa Pertanian",46018.0,12.208,59568.0,15.803
Sulawesi,72,Sulawesi Tengah,A,"Pertanian, Kehutanan, dan Perikanan",A.2,Kehutanan dan Penebangan Kayu,2765.0,0.734,59568.0,15.803
Sulawesi,72,Sulawesi Tengah,A,"Pertanian, Kehutanan, dan Perikanan",A.3,Perikanan,10785.0,2.861,59568.0,15.803
Sulawesi,72,Sulawesi Tengah,B,Pertambangan dan Penggalian,B.1,"Pertambangan Minyak, Gas dan Panas Bumi",4506.0,1.195,55198.0,14.643
Sulawesi,72,Sulawesi Tengah,B,Pertambangan dan Penggalian,B.2,Pertambangan Batubara dan Lignit,0.0,0.0,55198.0,14.643
Sulawesi,72,Sulawesi Tengah,B,Pertambangan dan Penggalian,B.3,Pertambangan Bijih Logam,40463.0,10.734,55198.0,14.643
Sulawesi,72,Sulawesi Tengah,B,Pertambangan dan Penggalian,B.4,Pertambangan dan Penggalian Lainnya,10229.0,2.714,55198.0,14.643
Sulawesi,72,Sulawesi Tengah,C,Industri Pengolahan,C.1,Industri Batubara dan Pengilangan Migas,15472.0,4.105,155242.0,41.184
Sulawesi,72,Sulawesi Tengah,C,Industri Pengolahan,C.2,Industri Makanan dan Minuman,6271.0,1.664,155242.0,41.184
Sulawesi,72,Sulawesi Tengah,C,Industri Pengolahan,C.3,Industri Pengolahan Tembakau,31.0,0.008,155242.0,41.184
Sulawesi,72,Sulawesi Tengah,C,Industri Pengolahan,C.4,Industri Tekstil dan Pakaian Jadi,37.0,0.01,155242.0,41.184
Sulawesi,72,Sulawesi Tengah,C,Industri Pengolahan,C.5,"Industri Kulit, Barang dari Kulit dan Alas Kaki",22.0,0.006,155242.0,41.184
Sulawesi,72,Sulawesi Tengah,C,Industri Pengolahan,C.6,"Industri Kayu, Barang dari Kayu dan Gabus dan Barang Anyaman dari Bambu, Rotan dan Sejenisnya",1780.0,0.472,155242.0,41.184
Sulawesi,72,Sulawesi Tengah,C,Industri Pengolahan,C.7,Industri Kertas dan Barang dari Kertas; Percetakan dan Reproduksi Media Rekaman,128.0,0.034,155242.0,41.184
Sulawesi,72,Sulawesi Tengah,C,Industri Pengolahan,C.8,"Industri Kimia, Farmasi dan Obat Tradisional",1883.0,0.5,155242.0,41.184
Sulawesi,72,Sulawesi Tengah,C,Industri Pengolahan,C.9,"Industri Karet, Barang dari Karet dan Plastik",80.0,0.021,155242.0,41.184
Sulawesi,72,Sulawesi Tengah,C,Industri Pengolahan,C.10,Industri Barang Galian bukan Logam,356.0,0.094,155242.0,41.184
Sulawesi,72,Sulawesi Tengah,C,Industri Pengolahan,C.11,Industri Logam Dasar,128783.0,34.164,155242.0,41.184
Sulawesi,72,Sulawesi Tengah,C,Industri Pengolahan,C.12,"Industri Barang Logam; Komputer, Barang Elektronik, Optik; dan Peralatan Listrik",63.0,0.017,155242.0,41.184
Sulawesi,72,Sulawesi Tengah,C,Industri Pengolahan,C.13,Industri Mesin dan Perlengkapan,0.0,0.0,155242.0,41.184
Sulawesi,72,Sulawesi Tengah,C,Industri Pengolahan,C.14,Industri Alat Angkutan,82.0,0.022,155242.0,41.184
Sulawesi,72,Sulawesi Tengah,C,Industri Pengolahan,C.15,Industri Furnitur,239.0,0.063,155242.0,41.184
Sulawesi,72,Sulawesi Tengah,C,Industri Pengolahan,C.16,Industri Pengolahan Lainnya; Jasa Reparasi dan Pemasangan Mesin dan Peralatan,16.0,0.004,155242.0,41.184
Sulawesi,72,Sulawesi Tengah,D,Pengadaan Listrik dan Gas,D.1,Ketenagalistrikan,71.0,0.019,74.0,0.02
Sulawesi,72,Sulawesi Tengah,D,Pengadaan Listrik dan Gas,D.2,Pengadaan Gas dan Produksi Es,2.0,0.001,74.0,0.02
Sulawesi,72,Sulawesi Tengah,E,"Pengadaan Air, Pengelolaan Sampah, Limbah dan Daur Ulang",E,"Pengadaan Air, Pengelolaan Sampah, Limbah dan Daur Ulang",254.0,0.067,254.0,0.067
Sulawesi,72,Sulawesi Tengah,F,Konstruksi,F,Konstruksi,31346.0,8.316,31346.0,8.316
Sulawesi,72,Sulawesi Tengah,G,Perdagangan Besar dan Eceran; Reparasi Mobil dan Sepeda Motor,G.1,"Perdagangan Mobil, Sepeda Motor dan Reparasinya",3402.0,0.903,21766.0,5.774
Sulawesi,72,Sulawesi Tengah,G,Perdagangan Besar dan Eceran; Reparasi Mobil dan Sepeda Motor,G.2,"Perdagangan Besar dan Eceran, Bukan Mobil dan Sepeda Motor",18364.0,4.872,21766.0,5.774
Sulawesi,72,Sulawesi Tengah,H,Transportasi dan Pergudangan,H.1,Angkutan Rel,0.0,0.0,8028.0,2.13
Sulawesi,72,Sulawesi Tengah,H,Transportasi dan Pergudangan,H.2,Angkutan Darat,5444.0,1.444,8028.0,2.13
Sulawesi,72,Sulawesi Tengah,H,Transportasi dan Pergudangan,H.3,Angkutan Laut,301.0,0.08,8028.0,2.13
Sulawesi,72,Sulawesi Tengah,H,Transportasi dan Pergudangan,H.4,Angkutan Sungai Danau dan Penyeberangan,44.0,0.012,8028.0,2.13
Sulawesi,72,Sulawesi Tengah,H,Transportasi dan Pergudangan,H.5,Angkutan Udara,1865.0,0.495,8028.0,2.13
Sulawesi,72,Sulawesi Tengah,H,Transportasi dan Pergudangan,H.6,Pergudangan dan Jasa Penunjang Angkutan; Pos dan Kurir,375.0,0.099,8028.0,2.13
Sulawesi,72,Sulawesi Tengah,I,Penyediaan Akomodasi dan Makan Minum,I.1,Penyediaan Akomodasi,331.0,0.088,1202.0,0.319
Sulawesi,72,Sulawesi Tengah,I,Penyediaan Akomodasi dan Makan Minum,I.2,Penyediaan Makan Minum,872.0,0.231,1202.0,0.319
Sulawesi,72,Sulawesi Tengah,J,Informasi dan Komunikasi,J,Informasi dan Komunikasi,7803.0,2.07,7803.0,2.07
Sulawesi,72,Sulawesi Tengah,K,Jasa Keuangan dan Asuransi,K.1,Jasa Perantara Keuangan,4463.0,1.184,5339.0,1.416
Sulawesi,72,Sulawesi Tengah,K,Jasa Keuangan dan Asuransi,K.2,Asuransi dan Dana Pensiun,109.0,0.029,5339.0,1.416
Sulawesi,72,Sulawesi Tengah,K,Jasa Keuangan dan Asuransi,K.3,Jasa Keuangan Lainnya,751.0,0.199,5339.0,1.416
Sulawesi,72,Sulawesi Tengah,K,Jasa Keuangan dan Asuransi,K.4,Jasa Penunjang Keuangan,16.0,0.004,5339.0,1.416
Sulawesi,72,Sulawesi Tengah,L,Real Estat,L,Real Estat,4246.0,1.126,4246.0,1.126
Sulawesi,72,Sulawesi Tengah,"M,N",Jasa Perusahaan,"M,N",Jasa Perusahaan,539.0,0.143,539.0,0.143
Sulawesi,72,Sulawesi Tengah,O,"Administrasi Pemerintahan, Pertahanan dan Jaminan Sosial Wajib",O,"Administrasi Pemerintahan, Pertahanan dan Jaminan Sosial Wajib",13756.0,3.649,13756.0,3.649
Sulawesi,72,Sulawesi Tengah,P,Jasa Pendidikan,P,Jasa Pendidikan,7309.0,1.939,7309.0,1.939
Sulawesi,72,Sulawesi Tengah,Q,Jasa Kesehatan dan Kegiatan Sosial,Q,Jasa Kesehatan dan Kegiatan Sosial,3518.0,0.933,3518.0,0.933
Sulawesi,72,Sulawesi Tengah,"R,S,T,U",Jasa lainnya,"R,S,T,U",Jasa lainnya,1762.0,0.467,1762.0,0.467
Sulawesi,73,Sulawesi Selatan,A,"Pertanian, Kehutanan, dan Perikanan",A.1,"Pertanian, Peternakan, Perburuan dan Jasa Pertanian",97783.0,14.044,152048.0,21.838
Sulawesi,73,Sulawesi Selatan,A,"Pertanian, Kehutanan, dan Perikanan",A.2,Kehutanan dan Penebangan Kayu,328.0,0.047,152048.0,21.838
Sulawesi,73,Sulawesi Selatan,A,"Pertanian, Kehutanan, dan Perikanan",A.3,Perikanan,53936.0,7.747,152048.0,21.838
Sulawesi,73,Sulawesi Selatan,B,Pertambangan dan Penggalian,B.1,"Pertambangan Minyak, Gas dan Panas Bumi",2671.0,0.384,31688.0,4.551
Sulawesi,73,Sulawesi Selatan,B,Pertambangan dan Penggalian,B.2,Pertambangan Batubara dan Lignit,3.0,0.0,31688.0,4.551
Sulawesi,73,Sulawesi Selatan,B,Pertambangan dan Penggalian,B.3,Pertambangan Bijih Logam,13608.0,1.954,31688.0,4.551
Sulawesi,73,Sulawesi Selatan,B,Pertambangan dan Penggalian,B.4,Pertambangan dan Penggalian Lainnya,15406.0,2.213,31688.0,4.551
Sulawesi,73,Sulawesi Selatan,C,Industri Pengolahan,C.1,Industri Batubara dan Pengilangan Migas,0.0,0.0,90665.0,13.022
Sulawesi,73,Sulawesi Selatan,C,Industri Pengolahan,C.2,Industri Makanan dan Minuman,52850.0,7.591,90665.0,13.022
Sulawesi,73,Sulawesi Selatan,C,Industri Pengolahan,C.3,Industri Pengolahan Tembakau,188.0,0.027,90665.0,13.022
Sulawesi,73,Sulawesi Selatan,C,Industri Pengolahan,C.4,Industri Tekstil dan Pakaian Jadi,83.0,0.012,90665.0,13.022
Sulawesi,73,Sulawesi Selatan,C,Industri Pengolahan,C.5,"Industri Kulit, Barang dari Kulit dan Alas Kaki",376.0,0.054,90665.0,13.022
Sulawesi,73,Sulawesi Selatan,C,Industri Pengolahan,C.6,"Industri Kayu, Barang dari Kayu dan Gabus dan Barang Anyaman dari Bambu, Rotan dan Sejenisnya",714.0,0.103,90665.0,13.022
Sulawesi,73,Sulawesi Selatan,C,Industri Pengolahan,C.7,Industri Kertas dan Barang dari Kertas; Percetakan dan Reproduksi Media Rekaman,1047.0,0.15,90665.0,13.022
Sulawesi,73,Sulawesi Selatan,C,Industri Pengolahan,C.8,"Industri Kimia, Farmasi dan Obat Tradisional",91.0,0.013,90665.0,13.022
Sulawesi,73,Sulawesi Selatan,C,Industri Pengolahan,C.9,"Industri Karet, Barang dari Karet dan Plastik",157.0,0.023,90665.0,13.022
Sulawesi,73,Sulawesi Selatan,C,Industri Pengolahan,C.10,Industri Barang Galian bukan Logam,30229.0,4.342,90665.0,13.022
Sulawesi,73,Sulawesi Selatan,C,Industri Pengolahan,C.11,Industri Logam Dasar,2197.0,0.316,90665.0,13.022
Sulawesi,73,Sulawesi Selatan,C,Industri Pengolahan,C.12,"Industri Barang Logam; Komputer, Barang Elektronik, Optik; dan Peralatan Listrik",2457.0,0.353,90665.0,13.022
Sulawesi,73,Sulawesi Selatan,C,Industri Pengolahan,C.13,Industri Mesin dan Perlengkapan,0.0,0.0,90665.0,13.022
Sulawesi,73,Sulawesi Selatan,C,Industri Pengolahan,C.14,Industri Alat Angkutan,70.0,0.01,90665.0,13.022
Sulawesi,73,Sulawesi Selatan,C,Industri Pengolahan,C.15,Industri Furnitur,108.0,0.016,90665.0,13.022
Sulawesi,73,Sulawesi Selatan,C,Industri Pengolahan,C.16,Industri Pengolahan Lainnya; Jasa Reparasi dan Pemasangan Mesin dan Peralatan,99.0,0.014,90665.0,13.022
Sulawesi,73,Sulawesi Selatan,D,Pengadaan Listrik dan Gas,D.1,Ketenagalistrikan,484.0,0.07,499.0,0.072
Sulawesi,73,Sulawesi Selatan,D,Pengadaan Listrik dan Gas,D.2,Pengadaan Gas dan Produksi Es,16.0,0.002,499.0,0.072
Sulawesi,73,Sulawesi Selatan,E,"Pengadaan Air, Pengelolaan Sampah, Limbah dan Daur Ulang",E,"Pengadaan Air, Pengelolaan Sampah, Limbah dan Daur Ulang",646.0,0.093,646.0,0.093
Sulawesi,73,Sulawesi Selatan,F,Konstruksi,F,Konstruksi,94073.0,13.511,94073.0,13.511
Sulawesi,73,Sulawesi Selatan,G,Perdagangan Besar dan Eceran; Reparasi Mobil dan Sepeda Motor,G.1,"Perdagangan Mobil, Sepeda Motor dan Reparasinya",18876.0,2.711,103079.0,14.805
Sulawesi,73,Sulawesi Selatan,G,Perdagangan Besar dan Eceran; Reparasi Mobil dan Sepeda Motor,G.2,"Perdagangan Besar dan Eceran, Bukan Mobil dan Sepeda Motor",84202.0,12.094,103079.0,14.805
Sulawesi,73,Sulawesi Selatan,H,Transportasi dan Pergudangan,H.1,Angkutan Rel,0.0,0.0,32220.0,4.628
Sulawesi,73,Sulawesi Selatan,H,Transportasi dan Pergudangan,H.2,Angkutan Darat,13944.0,2.003,32220.0,4.628
Sulawesi,73,Sulawesi Selatan,H,Transportasi dan Pergudangan,H.3,Angkutan Laut,1911.0,0.274,32220.0,4.628
Sulawesi,73,Sulawesi Selatan,H,Transportasi dan Pergudangan,H.4,Angkutan Sungai Danau dan Penyeberangan,644.0,0.092,32220.0,4.628
Sulawesi,73,Sulawesi Selatan,H,Transportasi dan Pergudangan,H.5,Angkutan Udara,11238.0,1.614,32220.0,4.628
Sulawesi,73,Sulawesi Selatan,H,Transportasi dan Pergudangan,H.6,Pergudangan dan Jasa Penunjang Angkutan; Pos dan Kurir,4482.0,0.644,32220.0,4.628
Sulawesi,73,Sulawesi Selatan,I,Penyediaan Akomodasi dan Makan Minum,I.1,Penyediaan Akomodasi,1551.0,0.223,9497.0,1.364
Sulawesi,73,Sulawesi Selatan,I,Penyediaan Akomodasi dan Makan Minum,I.2,Penyediaan Makan Minum,7946.0,1.141,9497.0,1.364
Sulawesi,73,Sulawesi Selatan,J,Informasi dan Komunikasi,J,Informasi dan Komunikasi,37619.0,5.403,37619.0,5.403
Sulawesi,73,Sulawesi Selatan,K,Jasa Keuangan dan Asuransi,K.1,Jasa Perantara Keuangan,12758.0,1.832,24964.0,3.585
Sulawesi,73,Sulawesi Selatan,K,Jasa Keuangan dan Asuransi,K.2,Asuransi dan Dana Pensiun,859.0,0.123,24964.0,3.585
Sulawesi,73,Sulawesi Selatan,K,Jasa Keuangan dan Asuransi,K.3,Jasa Keuangan Lainnya,11255.0,1.617,24964.0,3.585
Sulawesi,73,Sulawesi Selatan,K,Jasa Keuangan dan Asuransi,K.4,Jasa Penunjang Keuangan,92.0,0.013,24964.0,3.585
Sulawesi,73,Sulawesi Selatan,L,Real Estat,L,Real Estat,24348.0,3.497,24348.0,3.497
Sulawesi,73,Sulawesi Selatan,"M,N",Jasa Perusahaan,"M,N",Jasa Perusahaan,3462.0,0.497,3462.0,0.497
Sulawesi,73,Sulawesi Selatan,O,"Administrasi Pemerintahan, Pertahanan dan Jaminan Sosial Wajib",O,"Administrasi Pemerintahan, Pertahanan dan Jaminan Sosial Wajib",27943.0,4.013,27943.0,4.013
Sulawesi,73,Sulawesi Selatan,P,Jasa Pendidikan,P,Jasa Pendidikan,35046.0,5.034,35046.0,5.034
Sulawesi,73,Sulawesi Selatan,Q,Jasa Kesehatan dan Kegiatan Sosial,Q,Jasa Kesehatan dan Kegiatan Sosial,17811.0,2.558,17811.0,2.558
Sulawesi,73,Sulawesi Selatan,"R,S,T,U",Jasa lainnya,"R,S,T,U",Jasa lainnya,10646.0,1.529,10646.0,1.529
Sulawesi,74,Sulawesi Tenggara,A,"Pertanian, Kehutanan, dan Perikanan",A.1,"Pertanian, Peternakan, Perburuan dan Jasa Pertanian",23302.0,12.298,44495.0,23.482
Sulawesi,74,Sulawesi Tenggara,A,"Pertanian, Kehutanan, dan Perikanan",A.2,Kehutanan dan Penebangan Kayu,607.0,0.32,44495.0,23.482
Sulawesi,74,Sulawesi Tenggara,A,"Pertanian, Kehutanan, dan Perikanan",A.3,Perikanan,20586.0,10.864,44495.0,23.482
Sulawesi,74,Sulawesi Tenggara,B,Pertambangan dan Penggalian,B.1,"Pertambangan Minyak, Gas dan Panas Bumi",0.0,0.0,40028.0,21.125
Sulawesi,74,Sulawesi Tenggara,B,Pertambangan dan Penggalian,B.2,Pertambangan Batubara dan Lignit,0.0,0.0,40028.0,21.125
Sulawesi,74,Sulawesi Tenggara,B,Pertambangan dan Penggalian,B.3,Pertambangan Bijih Logam,23034.0,12.156,40028.0,21.125
Sulawesi,74,Sulawesi Tenggara,B,Pertambangan dan Penggalian,B.4,Pertambangan dan Penggalian Lainnya,16994.0,8.969,40028.0,21.125
Sulawesi,74,Sulawesi Tenggara,C,Industri Pengolahan,C.1,Industri Batubara dan Pengilangan Migas,0.0,0.0,17805.0,9.397
Sulawesi,74,Sulawesi Tenggara,C,Industri Pengolahan,C.2,Industri Makanan dan Minuman,3981.0,2.101,17805.0,9.397
Sulawesi,74,Sulawesi Tenggara,C,Industri Pengolahan,C.3,Industri Pengolahan Tembakau,1.0,0.001,17805.0,9.397
Sulawesi,74,Sulawesi Tenggara,C,Industri Pengolahan,C.4,Industri Tekstil dan Pakaian Jadi,66.0,0.035,17805.0,9.397
Sulawesi,74,Sulawesi Tenggara,C,Industri Pengolahan,C.5,"Industri Kulit, Barang dari Kulit dan Alas Kaki",0.0,0.0,17805.0,9.397
Sulawesi,74,Sulawesi Tenggara,C,Industri Pengolahan,C.6,"Industri Kayu, Barang dari Kayu dan Gabus dan Barang Anyaman dari Bambu, Rotan dan Sejenisnya",13.0,0.007,17805.0,9.397
Sulawesi,74,Sulawesi Tenggara,C,Industri Pengolahan,C.7,Industri Kertas dan Barang dari Kertas; Percetakan dan Reproduksi Media Rekaman,20.0,0.011,17805.0,9.397
Sulawesi,74,Sulawesi Tenggara,C,Industri Pengolahan,C.8,"Industri Kimia, Farmasi dan Obat Tradisional",1.0,0.001,17805.0,9.397
Sulawesi,74,Sulawesi Tenggara,C,Industri Pengolahan,C.9,"Industri Karet, Barang dari Karet dan Plastik",5.0,0.003,17805.0,9.397
Sulawesi,74,Sulawesi Tenggara,C,Industri Pengolahan,C.10,Industri Barang Galian bukan Logam,114.0,0.06,17805.0,9.397
Sulawesi,74,Sulawesi Tenggara,C,Industri Pengolahan,C.11,Industri Logam Dasar,12507.0,6.601,17805.0,9.397
Sulawesi,74,Sulawesi Tenggara,C,Industri Pengolahan,C.12,"Industri Barang Logam; Komputer, Barang Elektronik, Optik; dan Peralatan Listrik",614.0,0.324,17805.0,9.397
Sulawesi,74,Sulawesi Tenggara,C,Industri Pengolahan,C.13,Industri Mesin dan Perlengkapan,0.0,0.0,17805.0,9.397
Sulawesi,74,Sulawesi Tenggara,C,Industri Pengolahan,C.14,Industri Alat Angkutan,173.0,0.091,17805.0,9.397
Sulawesi,74,Sulawesi Tenggara,C,Industri Pengolahan,C.15,Industri Furnitur,276.0,0.146,17805.0,9.397
Sulawesi,74,Sulawesi Tenggara,C,Industri Pengolahan,C.16,Industri Pengolahan Lainnya; Jasa Reparasi dan Pemasangan Mesin dan Peralatan,34.0,0.018,17805.0,9.397
Sulawesi,74,Sulawesi Tenggara,D,Pengadaan Listrik dan Gas,D.1,Ketenagalistrikan,70.0,0.037,71.0,0.037
Sulawesi,74,Sulawesi Tenggara,D,Pengadaan Listrik dan Gas,D.2,Pengadaan Gas dan Produksi Es,1.0,0.001,71.0,0.037
Sulawesi,74,Sulawesi Tenggara,E,"Pengadaan Air, Pengelolaan Sampah, Limbah dan Daur Ulang",E,"Pengadaan Air, Pengelolaan Sampah, Limbah dan Daur Ulang",257.0,0.136,257.0,0.136
Sulawesi,74,Sulawesi Tenggara,F,Konstruksi,F,Konstruksi,23018.0,12.148,23018.0,12.148
Sulawesi,74,Sulawesi Tenggara,G,Perdagangan Besar dan Eceran; Reparasi Mobil dan Sepeda Motor,G.1,"Perdagangan Mobil, Sepeda Motor dan Reparasinya",2640.0,1.393,23733.0,12.525
Sulawesi,74,Sulawesi Tenggara,G,Perdagangan Besar dan Eceran; Reparasi Mobil dan Sepeda Motor,G.2,"Perdagangan Besar dan Eceran, Bukan Mobil dan Sepeda Motor",21094.0,11.132,23733.0,12.525
Sulawesi,74,Sulawesi Tenggara,H,Transportasi dan Pergudangan,H.1,Angkutan Rel,0.0,0.0,8597.0,4.537
Sulawesi,74,Sulawesi Tenggara,H,Transportasi dan Pergudangan,H.2,Angkutan Darat,4077.0,2.152,8597.0,4.537
Sulawesi,74,Sulawesi Tenggara,H,Transportasi dan Pergudangan,H.3,Angkutan Laut,245.0,0.129,8597.0,4.537
Sulawesi,74,Sulawesi Tenggara,H,Transportasi dan Pergudangan,H.4,Angkutan Sungai Danau dan Penyeberangan,426.0,0.225,8597.0,4.537
Sulawesi,74,Sulawesi Tenggara,H,Transportasi dan Pergudangan,H.5,Angkutan Udara,3431.0,1.811,8597.0,4.537
Sulawesi,74,Sulawesi Tenggara,H,Transportasi dan Pergudangan,H.6,Pergudangan dan Jasa Penunjang Angkutan; Pos dan Kurir,417.0,0.22,8597.0,4.537
Sulawesi,74,Sulawesi Tenggara,I,Penyediaan Akomodasi dan Makan Minum,I.1,Penyediaan Akomodasi,337.0,0.178,945.0,0.499
Sulawesi,74,Sulawesi Tenggara,I,Penyediaan Akomodasi dan Makan Minum,I.2,Penyediaan Makan Minum,608.0,0.321,945.0,0.499
Sulawesi,74,Sulawesi Tenggara,J,Informasi dan Komunikasi,J,Informasi dan Komunikasi,3017.0,1.592,3017.0,1.592
Sulawesi,74,Sulawesi Tenggara,K,Jasa Keuangan dan Asuransi,K.1,Jasa Perantara Keuangan,3494.0,1.844,4204.0,2.219
Sulawesi,74,Sulawesi Tenggara,K,Jasa Keuangan dan Asuransi,K.2,Asuransi dan Dana Pensiun,27.0,0.014,4204.0,2.219
Sulawesi,74,Sulawesi Tenggara,K,Jasa Keuangan dan Asuransi,K.3,Jasa Keuangan Lainnya,680.0,0.359,4204.0,2.219
Sulawesi,74,Sulawesi Tenggara,K,Jasa Keuangan dan Asuransi,K.4,Jasa Penunjang Keuangan,3.0,0.002,4204.0,2.219
Sulawesi,74,Sulawesi Tenggara,L,Real Estat,L,Real Estat,2086.0,1.101,2086.0,1.101
Sulawesi,74,Sulawesi Tenggara,"M,N",Jasa Perusahaan,"M,N",Jasa Perusahaan,385.0,0.203,385.0,0.203
Sulawesi,74,Sulawesi Tenggara,O,"Administrasi Pemerintahan, Pertahanan dan Jaminan Sosial Wajib",O,"Administrasi Pemerintahan, Pertahanan dan Jaminan Sosial Wajib",8912.0,4.703,8912.0,4.703
Sulawesi,74,Sulawesi Tenggara,P,Jasa Pendidikan,P,Jasa Pendidikan,8269.0,4.364,8269.0,4.364
Sulawesi,74,Sulawesi Tenggara,Q,Jasa Kesehatan dan Kegiatan Sosial,Q,Jasa Kesehatan dan Kegiatan Sosial,1597.0,0.843,1597.0,0.843
Sulawesi,74,Sulawesi Tenggara,"R,S,T,U",Jasa lainnya,"R,S,T,U",Jasa lainnya,2062.0,1.088,2062.0,1.088
Sulawesi,75,Gorontalo,A,"Pertanian, Kehutanan, dan Perikanan",A.1,"Pertanian, Peternakan, Perburuan dan Jasa Pertanian",14440.0,26.466,20344.0,37.287
Sulawesi,75,Gorontalo,A,"Pertanian, Kehutanan, dan Perikanan",A.2,Kehutanan dan Penebangan Kayu,366.0,0.671,20344.0,37.287
Sulawesi,75,Gorontalo,A,"Pertanian, Kehutanan, dan Perikanan",A.3,Perikanan,5538.0,10.15,20344.0,37.287
Sulawesi,75,Gorontalo,B,Pertambangan dan Penggalian,B.1,"Pertambangan Minyak, Gas dan Panas Bumi",0.0,0.0,606.0,1.111
Sulawesi,75,Gorontalo,B,Pertambangan dan Penggalian,B.2,Pertambangan Batubara dan Lignit,0.0,0.0,606.0,1.111
Sulawesi,75,Gorontalo,B,Pertambangan dan Penggalian,B.3,Pertambangan Bijih Logam,90.0,0.165,606.0,1.111
Sulawesi,75,Gorontalo,B,Pertambangan dan Penggalian,B.4,Pertambangan dan Penggalian Lainnya,517.0,0.948,606.0,1.111
Sulawesi,75,Gorontalo,C,Industri Pengolahan,C.1,Industri Batubara dan Pengilangan Migas,0.0,0.0,2397.0,4.393
Sulawesi,75,Gorontalo,C,Industri Pengolahan,C.2,Industri Makanan dan Minuman,1686.0,3.09,2397.0,4.393
Sulawesi,75,Gorontalo,C,Industri Pengolahan,C.3,Industri Pengolahan Tembakau,0.0,0.0,2397.0,4.393
Sulawesi,75,Gorontalo,C,Industri Pengolahan,C.4,Industri Tekstil dan Pakaian Jadi,50.0,0.092,2397.0,4.393
Sulawesi,75,Gorontalo,C,Industri Pengolahan,C.5,"Industri Kulit, Barang dari Kulit dan Alas Kaki",0.0,0.0,2397.0,4.393
Sulawesi,75,Gorontalo,C,Industri Pengolahan,C.6,"Industri Kayu, Barang dari Kayu dan Gabus dan Barang Anyaman dari Bambu, Rotan dan Sejenisnya",245.0,0.449,2397.0,4.393
Sulawesi,75,Gorontalo,C,Industri Pengolahan,C.7,Industri Kertas dan Barang dari Kertas; Percetakan dan Reproduksi Media Rekaman,41.0,0.075,2397.0,4.393
Sulawesi,75,Gorontalo,C,Industri Pengolahan,C.8,"Industri Kimia, Farmasi dan Obat Tradisional",1.0,0.002,2397.0,4.393
Sulawesi,75,Gorontalo,C,Industri Pengolahan,C.9,"Industri Karet, Barang dari Karet dan Plastik",2.0,0.004,2397.0,4.393
Sulawesi,75,Gorontalo,C,Industri Pengolahan,C.10,Industri Barang Galian bukan Logam,162.0,0.297,2397.0,4.393
Sulawesi,75,Gorontalo,C,Industri Pengolahan,C.11,Industri Logam Dasar,0.0,0.0,2397.0,4.393
Sulawesi,75,Gorontalo,C,Industri Pengolahan,C.12,"Industri Barang Logam; Komputer, Barang Elektronik, Optik; dan Peralatan Listrik",27.0,0.049,2397.0,4.393
Sulawesi,75,Gorontalo,C,Industri Pengolahan,C.13,Industri Mesin dan Perlengkapan,1.0,0.002,2397.0,4.393
Sulawesi,75,Gorontalo,C,Industri Pengolahan,C.14,Industri Alat Angkutan,13.0,0.024,2397.0,4.393
Sulawesi,75,Gorontalo,C,Industri Pengolahan,C.15,Industri Furnitur,166.0,0.304,2397.0,4.393
Sulawesi,75,Gorontalo,C,Industri Pengolahan,C.16,Industri Pengolahan Lainnya; Jasa Reparasi dan Pemasangan Mesin dan Peralatan,3.0,0.005,2397.0,4.393
Sulawesi,75,Gorontalo,D,Pengadaan Listrik dan Gas,D.1,Ketenagalistrikan,25.0,0.046,26.0,0.048
Sulawesi,75,Gorontalo,D,Pengadaan Listrik dan Gas,D.2,Pengadaan Gas dan Produksi Es,1.0,0.002,26.0,0.048
Sulawesi,75,Gorontalo,E,"Pengadaan Air, Pengelolaan Sampah, Limbah dan Daur Ulang",E,"Pengadaan Air, Pengelolaan Sampah, Limbah dan Daur Ulang",31.0,0.057,31.0,0.057
Sulawesi,75,Gorontalo,F,Konstruksi,F,Konstruksi,6186.0,11.338,6186.0,11.338
Sulawesi,75,Gorontalo,G,Perdagangan Besar dan Eceran; Reparasi Mobil dan Sepeda Motor,G.1,"Perdagangan Mobil, Sepeda Motor dan Reparasinya",766.0,1.404,7761.0,14.225
Sulawesi,75,Gorontalo,G,Perdagangan Besar dan Eceran; Reparasi Mobil dan Sepeda Motor,G.2,"Perdagangan Besar dan Eceran, Bukan Mobil dan Sepeda Motor",6995.0,12.821,7761.0,14.225
Sulawesi,75,Gorontalo,H,Transportasi dan Pergudangan,H.1,Angkutan Rel,0.0,0.0,3296.0,6.041
Sulawesi,75,Gorontalo,H,Transportasi dan Pergudangan,H.2,Angkutan Darat,2332.0,4.274,3296.0,6.041
Sulawesi,75,Gorontalo,H,Transportasi dan Pergudangan,H.3,Angkutan Laut,133.0,0.244,3296.0,6.041
Sulawesi,75,Gorontalo,H,Transportasi dan Pergudangan,H.4,Angkutan Sungai Danau dan Penyeberangan,85.0,0.156,3296.0,6.041
Sulawesi,75,Gorontalo,H,Transportasi dan Pergudangan,H.5,Angkutan Udara,623.0,1.142,3296.0,6.041
Sulawesi,75,Gorontalo,H,Transportasi dan Pergudangan,H.6,Pergudangan dan Jasa Penunjang Angkutan; Pos dan Kurir,124.0,0.227,3296.0,6.041
Sulawesi,75,Gorontalo,I,Penyediaan Akomodasi dan Makan Minum,I.1,Penyediaan Akomodasi,299.0,0.548,1250.0,2.291
Sulawesi,75,Gorontalo,I,Penyediaan Akomodasi dan Makan Minum,I.2,Penyediaan Makan Minum,951.0,1.743,1250.0,2.291
Sulawesi,75,Gorontalo,J,Informasi dan Komunikasi,J,Informasi dan Komunikasi,1465.0,2.685,1465.0,2.685
Sulawesi,75,Gorontalo,K,Jasa Keuangan dan Asuransi,K.1,Jasa Perantara Keuangan,1419.0,2.601,2123.0,3.891
Sulawesi,75,Gorontalo,K,Jasa Keuangan dan Asuransi,K.2,Asuransi dan Dana Pensiun,37.0,0.068,2123.0,3.891
Sulawesi,75,Gorontalo,K,Jasa Keuangan dan Asuransi,K.3,Jasa Keuangan Lainnya,664.0,1.217,2123.0,3.891
Sulawesi,75,Gorontalo,K,Jasa Keuangan dan Asuransi,K.4,Jasa Penunjang Keuangan,3.0,0.005,2123.0,3.891
Sulawesi,75,Gorontalo,L,Real Estat,L,Real Estat,863.0,1.582,863.0,1.582
Sulawesi,75,Gorontalo,"M,N",Jasa Perusahaan,"M,N",Jasa Perusahaan,43.0,0.079,43.0,0.079
Sulawesi,75,Gorontalo,O,"Administrasi Pemerintahan, Pertahanan dan Jaminan Sosial Wajib",O,"Administrasi Pemerintahan, Pertahanan dan Jaminan Sosial Wajib",3140.0,5.755,3140.0,5.755
Sulawesi,75,Gorontalo,P,Jasa Pendidikan,P,Jasa Pendidikan,2277.0,4.173,2277.0,4.173
Sulawesi,75,Gorontalo,Q,Jasa Kesehatan dan Kegiatan Sosial,Q,Jasa Kesehatan dan Kegiatan Sosial,2052.0,3.761,2052.0,3.761
Sulawesi,75,Gorontalo,"R,S,T,U",Jasa lainnya,"R,S,T,U",Jasa lainnya,699.0,1.281,699.0,1.281
Sulawesi,76,Sulawesi Barat,A,"Pertanian, Kehutanan, dan Perikanan",A.1,"Pertanian, Peternakan, Perburuan dan Jasa Pertanian",22286.0,34.705,29609.0,46.109
Sulawesi,76,Sulawesi Barat,A,"Pertanian, Kehutanan, dan Perikanan",A.2,Kehutanan dan Penebangan Kayu,223.0,0.347,29609.0,46.109
Sulawesi,76,Sulawesi Barat,A,"Pertanian, Kehutanan, dan Perikanan",A.3,Perikanan,7100.0,11.057,29609.0,46.109
Sulawesi,76,Sulawesi Barat,B,Pertambangan dan Penggalian,B.1,"Pertambangan Minyak, Gas dan Panas Bumi",0.0,0.0,1418.0,2.208
Sulawesi,76,Sulawesi Barat,B,Pertambangan dan Penggalian,B.2,Pertambangan Batubara dan Lignit,58.0,0.09,1418.0,2.208
Sulawesi,76,Sulawesi Barat,B,Pertambangan dan Penggalian,B.3,Pertambangan Bijih Logam,1.0,0.002,1418.0,2.208
Sulawesi,76,Sulawesi Barat,B,Pertambangan dan Penggalian,B.4,Pertambangan dan Penggalian Lainnya,1358.0,2.115,1418.0,2.208
Sulawesi,76,Sulawesi Barat,C,Industri Pengolahan,C.1,Industri Batubara dan Pengilangan Migas,0.0,0.0,6685.0,10.41
Sulawesi,76,Sulawesi Barat,C,Industri Pengolahan,C.2,Industri Makanan dan Minuman,6116.0,9.524,6685.0,10.41
Sulawesi,76,Sulawesi Barat,C,Industri Pengolahan,C.3,Industri Pengolahan Tembakau,0.0,0.0,6685.0,10.41
Sulawesi,76,Sulawesi Barat,C,Industri Pengolahan,C.4,Industri Tekstil dan Pakaian Jadi,82.0,0.128,6685.0,10.41
Sulawesi,76,Sulawesi Barat,C,Industri Pengolahan,C.5,"Industri Kulit, Barang dari Kulit dan Alas Kaki",0.0,0.0,6685.0,10.41
Sulawesi,76,Sulawesi Barat,C,Industri Pengolahan,C.6,"Industri Kayu, Barang dari Kayu dan Gabus dan Barang Anyaman dari Bambu, Rotan dan Sejenisnya",18.0,0.028,6685.0,10.41
Sulawesi,76,Sulawesi Barat,C,Industri Pengolahan,C.7,Industri Kertas dan Barang dari Kertas; Percetakan dan Reproduksi Media Rekaman,9.0,0.014,6685.0,10.41
Sulawesi,76,Sulawesi Barat,C,Industri Pengolahan,C.8,"Industri Kimia, Farmasi dan Obat Tradisional",6.0,0.009,6685.0,10.41
Sulawesi,76,Sulawesi Barat,C,Industri Pengolahan,C.9,"Industri Karet, Barang dari Karet dan Plastik",2.0,0.003,6685.0,10.41
Sulawesi,76,Sulawesi Barat,C,Industri Pengolahan,C.10,Industri Barang Galian bukan Logam,295.0,0.459,6685.0,10.41
Sulawesi,76,Sulawesi Barat,C,Industri Pengolahan,C.11,Industri Logam Dasar,0.0,0.0,6685.0,10.41
Sulawesi,76,Sulawesi Barat,C,Industri Pengolahan,C.12,"Industri Barang Logam; Komputer, Barang Elektronik, Optik; dan Peralatan Listrik",142.0,0.221,6685.0,10.41
Sulawesi,76,Sulawesi Barat,C,Industri Pengolahan,C.13,Industri Mesin dan Perlengkapan,0.0,0.0,6685.0,10.41
Sulawesi,76,Sulawesi Barat,C,Industri Pengolahan,C.14,Industri Alat Angkutan,4.0,0.006,6685.0,10.41
Sulawesi,76,Sulawesi Barat,C,Industri Pengolahan,C.15,Industri Furnitur,4.0,0.006,6685.0,10.41
Sulawesi,76,Sulawesi Barat,C,Industri Pengolahan,C.16,Industri Pengolahan Lainnya; Jasa Reparasi dan Pemasangan Mesin dan Peralatan,7.0,0.011,6685.0,10.41
Sulawesi,76,Sulawesi Barat,D,Pengadaan Listrik dan Gas,D.1,Ketenagalistrikan,20.0,0.031,25.0,0.039
Sulawesi,76,Sulawesi Barat,D,Pengadaan Listrik dan Gas,D.2,Pengadaan Gas dan Produksi Es,6.0,0.009,25.0,0.039
Sulawesi,76,Sulawesi Barat,E,"Pengadaan Air, Pengelolaan Sampah, Limbah dan Daur Ulang",E,"Pengadaan Air, Pengelolaan Sampah, Limbah dan Daur Ulang",82.0,0.128,82.0,0.128
Sulawesi,76,Sulawesi Barat,F,Konstruksi,F,Konstruksi,4619.0,7.193,4619.0,7.193
Sulawesi,76,Sulawesi Barat,G,Perdagangan Besar dan Eceran; Reparasi Mobil dan Sepeda Motor,G.1,"Perdagangan Mobil, Sepeda Motor dan Reparasinya",1068.0,1.663,6242.0,9.72
Sulawesi,76,Sulawesi Barat,G,Perdagangan Besar dan Eceran; Reparasi Mobil dan Sepeda Motor,G.2,"Perdagangan Besar dan Eceran, Bukan Mobil dan Sepeda Motor",5174.0,8.057,6242.0,9.72
Sulawesi,76,Sulawesi Barat,H,Transportasi dan Pergudangan,H.1,Angkutan Rel,0.0,0.0,967.0,1.506
Sulawesi,76,Sulawesi Barat,H,Transportasi dan Pergudangan,H.2,Angkutan Darat,705.0,1.098,967.0,1.506
Sulawesi,76,Sulawesi Barat,H,Transportasi dan Pergudangan,H.3,Angkutan Laut,98.0,0.153,967.0,1.506
Sulawesi,76,Sulawesi Barat,H,Transportasi dan Pergudangan,H.4,Angkutan Sungai Danau dan Penyeberangan,47.0,0.073,967.0,1.506
Sulawesi,76,Sulawesi Barat,H,Transportasi dan Pergudangan,H.5,Angkutan Udara,72.0,0.112,967.0,1.506
Sulawesi,76,Sulawesi Barat,H,Transportasi dan Pergudangan,H.6,Pergudangan dan Jasa Penunjang Angkutan; Pos dan Kurir,45.0,0.07,967.0,1.506
Sulawesi,76,Sulawesi Barat,I,Penyediaan Akomodasi dan Makan Minum,I.1,Penyediaan Akomodasi,31.0,0.048,156.0,0.243
Sulawesi,76,Sulawesi Barat,I,Penyediaan Akomodasi dan Makan Minum,I.2,Penyediaan Makan Minum,125.0,0.195,156.0,0.243
Sulawesi,76,Sulawesi Barat,J,Informasi dan Komunikasi,J,Informasi dan Komunikasi,2490.0,3.878,2490.0,3.878
Sulawesi,76,Sulawesi Barat,K,Jasa Keuangan dan Asuransi,K.1,Jasa Perantara Keuangan,1061.0,1.652,1280.0,1.993
Sulawesi,76,Sulawesi Barat,K,Jasa Keuangan dan Asuransi,K.2,Asuransi dan Dana Pensiun,5.0,0.008,1280.0,1.993
Sulawesi,76,Sulawesi Barat,K,Jasa Keuangan dan Asuransi,K.3,Jasa Keuangan Lainnya,213.0,0.332,1280.0,1.993
Sulawesi,76,Sulawesi Barat,K,Jasa Keuangan dan Asuransi,K.4,Jasa Penunjang Keuangan,0.0,0.0,1280.0,1.993
Sulawesi,76,Sulawesi Barat,L,Real Estat,L,Real Estat,1620.0,2.523,1620.0,2.523
Sulawesi,76,Sulawesi Barat,"M,N",Jasa Perusahaan,"M,N",Jasa Perusahaan,40.0,0.062,40.0,0.062
Sulawesi,76,Sulawesi Barat,O,"Administrasi Pemerintahan, Pertahanan dan Jaminan Sosial Wajib",O,"Administrasi Pemerintahan, Pertahanan dan Jaminan Sosial Wajib",3990.0,6.214,3990.0,6.214
Sulawesi,76,Sulawesi Barat,P,Jasa Pendidikan,P,Jasa Pendidikan,2766.0,4.307,2766.0,4.307
Sulawesi,76,Sulawesi Barat,Q,Jasa Kesehatan dan Kegiatan Sosial,Q,Jasa Kesehatan dan Kegiatan Sosial,1188.0,1.85,1188.0,1.85
Sulawesi,76,Sulawesi Barat,"R,S,T,U",Jasa lainnya,"R,S,T,U",Jasa lainnya,1038.0,1.616,1038.0,1.616
Maluku,81,Maluku,A,"Pertanian, Kehutanan, dan Perikanan",A.1,"Pertanian, Peternakan, Perburuan dan Jasa Pertanian",5986.0,9.555,14781.0,23.594
Maluku,81,Maluku,A,"Pertanian, Kehutanan, dan Perikanan",A.2,Kehutanan dan Penebangan Kayu,291.0,0.465,14781.0,23.594
Maluku,81,Maluku,A,"Pertanian, Kehutanan, dan Perikanan",A.3,Perikanan,8505.0,13.576,14781.0,23.594
Maluku,81,Maluku,B,Pertambangan dan Penggalian,B.1,"Pertambangan Minyak, Gas dan Panas Bumi",573.0,0.915,1051.0,1.678
Maluku,81,Maluku,B,Pertambangan dan Penggalian,B.2,Pertambangan Batubara dan Lignit,0.0,0.0,1051.0,1.678
Maluku,81,Maluku,B,Pertambangan dan Penggalian,B.3,Pertambangan Bijih Logam,57.0,0.091,1051.0,1.678
Maluku,81,Maluku,B,Pertambangan dan Penggalian,B.4,Pertambangan dan Penggalian Lainnya,421.0,0.672,1051.0,1.678
Maluku,81,Maluku,C,Industri Pengolahan,C.1,Industri Batubara dan Pengilangan Migas,0.0,0.0,3950.0,6.305
Maluku,81,Maluku,C,Industri Pengolahan,C.2,Industri Makanan dan Minuman,1104.0,1.762,3950.0,6.305
Maluku,81,Maluku,C,Industri Pengolahan,C.3,Industri Pengolahan Tembakau,0.0,0.0,3950.0,6.305
Maluku,81,Maluku,C,Industri Pengolahan,C.4,Industri Tekstil dan Pakaian Jadi,14.0,0.022,3950.0,6.305
Maluku,81,Maluku,C,Industri Pengolahan,C.5,"Industri Kulit, Barang dari Kulit dan Alas Kaki",0.0,0.0,3950.0,6.305
Maluku,81,Maluku,C,Industri Pengolahan,C.6,"Industri Kayu, Barang dari Kayu dan Gabus dan Barang Anyaman dari Bambu, Rotan dan Sejenisnya",742.0,1.184,3950.0,6.305
Maluku,81,Maluku,C,Industri Pengolahan,C.7,Industri Kertas dan Barang dari Kertas; Percetakan dan Reproduksi Media Rekaman,5.0,0.008,3950.0,6.305
Maluku,81,Maluku,C,Industri Pengolahan,C.8,"Industri Kimia, Farmasi dan Obat Tradisional",2.0,0.003,3950.0,6.305
Maluku,81,Maluku,C,Industri Pengolahan,C.9,"Industri Karet, Barang dari Karet dan Plastik",1006.0,1.606,3950.0,6.305
Maluku,81,Maluku,C,Industri Pengolahan,C.10,Industri Barang Galian bukan Logam,20.0,0.032,3950.0,6.305
Maluku,81,Maluku,C,Industri Pengolahan,C.11,Industri Logam Dasar,972.0,1.552,3950.0,6.305
Maluku,81,Maluku,C,Industri Pengolahan,C.12,"Industri Barang Logam; Komputer, Barang Elektronik, Optik; dan Peralatan Listrik",0.0,0.0,3950.0,6.305
Maluku,81,Maluku,C,Industri Pengolahan,C.13,Industri Mesin dan Perlengkapan,0.0,0.0,3950.0,6.305
Maluku,81,Maluku,C,Industri Pengolahan,C.14,Industri Alat Angkutan,63.0,0.101,3950.0,6.305
Maluku,81,Maluku,C,Industri Pengolahan,C.15,Industri Furnitur,12.0,0.019,3950.0,6.305
Maluku,81,Maluku,C,Industri Pengolahan,C.16,Industri Pengolahan Lainnya; Jasa Reparasi dan Pemasangan Mesin dan Peralatan,10.0,0.016,3950.0,6.305
Maluku,81,Maluku,D,Pengadaan Listrik dan Gas,D.1,Ketenagalistrikan,60.0,0.096,60.0,0.096
Maluku,81,Maluku,D,Pengadaan Listrik dan Gas,D.2,Pengadaan Gas dan Produksi Es,0.0,0.0,60.0,0.096
Maluku,81,Maluku,E,"Pengadaan Air, Pengelolaan Sampah, Limbah dan Daur Ulang",E,"Pengadaan Air, Pengelolaan Sampah, Limbah dan Daur Ulang",237.0,0.378,237.0,0.378
Maluku,81,Maluku,F,Konstruksi,F,Konstruksi,4871.0,7.775,4871.0,7.775
Maluku,81,Maluku,G,Perdagangan Besar dan Eceran; Reparasi Mobil dan Sepeda Motor,G.1,"Perdagangan Mobil, Sepeda Motor dan Reparasinya",4686.0,7.48,8774.0,14.005
Maluku,81,Maluku,G,Perdagangan Besar dan Eceran; Reparasi Mobil dan Sepeda Motor,G.2,"Perdagangan Besar dan Eceran, Bukan Mobil dan Sepeda Motor",4089.0,6.527,8774.0,14.005
Maluku,81,Maluku,H,Transportasi dan Pergudangan,H.1,Angkutan Rel,0.0,0.0,3401.0,5.429
Maluku,81,Maluku,H,Transportasi dan Pergudangan,H.2,Angkutan Darat,1300.0,2.075,3401.0,5.429
Maluku,81,Maluku,H,Transportasi dan Pergudangan,H.3,Angkutan Laut,632.0,1.009,3401.0,5.429
Maluku,81,Maluku,H,Transportasi dan Pergudangan,H.4,Angkutan Sungai Danau dan Penyeberangan,295.0,0.471,3401.0,5.429
Maluku,81,Maluku,H,Transportasi dan Pergudangan,H.5,Angkutan Udara,1093.0,1.745,3401.0,5.429
Maluku,81,Maluku,H,Transportasi dan Pergudangan,H.6,Pergudangan dan Jasa Penunjang Angkutan; Pos dan Kurir,83.0,0.132,3401.0,5.429
Maluku,81,Maluku,I,Penyediaan Akomodasi dan Makan Minum,I.1,Penyediaan Akomodasi,683.0,1.09,909.0,1.451
Maluku,81,Maluku,I,Penyediaan Akomodasi dan Makan Minum,I.2,Penyediaan Makan Minum,226.0,0.361,909.0,1.451
Maluku,81,Maluku,J,Informasi dan Komunikasi,J,Informasi dan Komunikasi,1941.0,3.098,1941.0,3.098
Maluku,81,Maluku,K,Jasa Keuangan dan Asuransi,K.1,Jasa Perantara Keuangan,2019.0,3.223,2483.0,3.963
Maluku,81,Maluku,K,Jasa Keuangan dan Asuransi,K.2,Asuransi dan Dana Pensiun,428.0,0.683,2483.0,3.963
Maluku,81,Maluku,K,Jasa Keuangan dan Asuransi,K.3,Jasa Keuangan Lainnya,35.0,0.056,2483.0,3.963
Maluku,81,Maluku,K,Jasa Keuangan dan Asuransi,K.4,Jasa Penunjang Keuangan,2.0,0.003,2483.0,3.963
Maluku,81,Maluku,L,Real Estat,L,Real Estat,163.0,0.26,163.0,0.26
Maluku,81,Maluku,"M,N",Jasa Perusahaan,"M,N",Jasa Perusahaan,591.0,0.943,591.0,0.943
Maluku,81,Maluku,O,"Administrasi Pemerintahan, Pertahanan dan Jaminan Sosial Wajib",O,"Administrasi Pemerintahan, Pertahanan dan Jaminan Sosial Wajib",13486.0,21.527,13486.0,21.527
Maluku,81,Maluku,P,Jasa Pendidikan,P,Jasa Pendidikan,3351.0,5.349,3351.0,5.349
Maluku,81,Maluku,Q,Jasa Kesehatan dan Kegiatan Sosial,Q,Jasa Kesehatan dan Kegiatan Sosial,1556.0,2.484,1556.0,2.484
Maluku,81,Maluku,"R,S,T,U",Jasa lainnya,"R,S,T,U",Jasa lainnya,1040.0,1.66,1040.0,1.66
Maluku,82,Maluku Utara,A,"Pertanian, Kehutanan, dan Perikanan",A.1,"Pertanian, Peternakan, Perburuan dan Jasa Pertanian",7493.0,7.729,11920.0,12.295
Maluku,82,Maluku Utara,A,"Pertanian, Kehutanan, dan Perikanan",A.2,Kehutanan dan Penebangan Kayu,360.0,0.371,11920.0,12.295
Maluku,82,Maluku Utara,A,"Pertanian, Kehutanan, dan Perikanan",A.3,Perikanan,4068.0,4.196,11920.0,12.295
Maluku,82,Maluku Utara,B,Pertambangan dan Penggalian,B.1,"Pertambangan Minyak, Gas dan Panas Bumi",0.0,0.0,18021.0,18.588
Maluku,82,Maluku Utara,B,Pertambangan dan Penggalian,B.2,Pertambangan Batubara dan Lignit,0.0,0.0,18021.0,18.588
Maluku,82,Maluku Utara,B,Pertambangan dan Penggalian,B.3,Pertambangan Bijih Logam,17985.0,18.551,18021.0,18.588
Maluku,82,Maluku Utara,B,Pertambangan dan Penggalian,B.4,Pertambangan dan Penggalian Lainnya,37.0,0.038,18021.0,18.588
Maluku,82,Maluku Utara,C,Industri Pengolahan,C.1,Industri Batubara dan Pengilangan Migas,0.0,0.0,33370.0,34.42
Maluku,82,Maluku Utara,C,Industri Pengolahan,C.2,Industri Makanan dan Minuman,672.0,0.693,33370.0,34.42
Maluku,82,Maluku Utara,C,Industri Pengolahan,C.3,Industri Pengolahan Tembakau,0.0,0.0,33370.0,34.42
Maluku,82,Maluku Utara,C,Industri Pengolahan,C.4,Industri Tekstil dan Pakaian Jadi,7.0,0.007,33370.0,34.42
Maluku,82,Maluku Utara,C,Industri Pengolahan,C.5,"Industri Kulit, Barang dari Kulit dan Alas Kaki",0.0,0.0,33370.0,34.42
Maluku,82,Maluku Utara,C,Industri Pengolahan,C.6,"Industri Kayu, Barang dari Kayu dan Gabus dan Barang Anyaman dari Bambu, Rotan dan Sejenisnya",753.0,0.777,33370.0,34.42
Maluku,82,Maluku Utara,C,Industri Pengolahan,C.7,Industri Kertas dan Barang dari Kertas; Percetakan dan Reproduksi Media Rekaman,9.0,0.009,33370.0,34.42
Maluku,82,Maluku Utara,C,Industri Pengolahan,C.8,"Industri Kimia, Farmasi dan Obat Tradisional",2520.0,2.599,33370.0,34.42
Maluku,82,Maluku Utara,C,Industri Pengolahan,C.9,"Industri Karet, Barang dari Karet dan Plastik",0.0,0.0,33370.0,34.42
Maluku,82,Maluku Utara,C,Industri Pengolahan,C.10,Industri Barang Galian bukan Logam,16.0,0.017,33370.0,34.42
Maluku,82,Maluku Utara,C,Industri Pengolahan,C.11,Industri Logam Dasar,29362.0,30.286,33370.0,34.42
Maluku,82,Maluku Utara,C,Industri Pengolahan,C.12,"Industri Barang Logam; Komputer, Barang Elektronik, Optik; dan Peralatan Listrik",2.0,0.002,33370.0,34.42
Maluku,82,Maluku Utara,C,Industri Pengolahan,C.13,Industri Mesin dan Perlengkapan,0.0,0.0,33370.0,34.42
Maluku,82,Maluku Utara,C,Industri Pengolahan,C.14,Industri Alat Angkutan,13.0,0.013,33370.0,34.42
Maluku,82,Maluku Utara,C,Industri Pengolahan,C.15,Industri Furnitur,14.0,0.014,33370.0,34.42
Maluku,82,Maluku Utara,C,Industri Pengolahan,C.16,Industri Pengolahan Lainnya; Jasa Reparasi dan Pemasangan Mesin dan Peralatan,2.0,0.002,33370.0,34.42
Maluku,82,Maluku Utara,D,Pengadaan Listrik dan Gas,D.1,Ketenagalistrikan,66.0,0.068,69.0,0.071
Maluku,82,Maluku Utara,D,Pengadaan Listrik dan Gas,D.2,Pengadaan Gas dan Produksi Es,3.0,0.003,69.0,0.071
Maluku,82,Maluku Utara,E,"Pengadaan Air, Pengelolaan Sampah, Limbah dan Daur Ulang",E,"Pengadaan Air, Pengelolaan Sampah, Limbah dan Daur Ulang",41.0,0.042,41.0,0.042
Maluku,82,Maluku Utara,F,Konstruksi,F,Konstruksi,4065.0,4.193,4065.0,4.193
Maluku,82,Maluku Utara,G,Perdagangan Besar dan Eceran; Reparasi Mobil dan Sepeda Motor,G.1,"Perdagangan Mobil, Sepeda Motor dan Reparasinya",309.0,0.319,9992.0,10.306
Maluku,82,Maluku Utara,G,Perdagangan Besar dan Eceran; Reparasi Mobil dan Sepeda Motor,G.2,"Perdagangan Besar dan Eceran, Bukan Mobil dan Sepeda Motor",9683.0,9.988,9992.0,10.306
Maluku,82,Maluku Utara,H,Transportasi dan Pergudangan,H.1,Angkutan Rel,0.0,0.0,3377.0,3.483
Maluku,82,Maluku Utara,H,Transportasi dan Pergudangan,H.2,Angkutan Darat,1552.0,1.601,3377.0,3.483
Maluku,82,Maluku Utara,H,Transportasi dan Pergudangan,H.3,Angkutan Laut,589.0,0.608,3377.0,3.483
Maluku,82,Maluku Utara,H,Transportasi dan Pergudangan,H.4,Angkutan Sungai Danau dan Penyeberangan,147.0,0.152,3377.0,3.483
Maluku,82,Maluku Utara,H,Transportasi dan Pergudangan,H.5,Angkutan Udara,824.0,0.85,3377.0,3.483
Maluku,82,Maluku Utara,H,Transportasi dan Pergudangan,H.6,Pergudangan dan Jasa Penunjang Angkutan; Pos dan Kurir,265.0,0.273,3377.0,3.483
Maluku,82,Maluku Utara,I,Penyediaan Akomodasi dan Makan Minum,I.1,Penyediaan Akomodasi,114.0,0.118,212.0,0.219
Maluku,82,Maluku Utara,I,Penyediaan Akomodasi dan Makan Minum,I.2,Penyediaan Makan Minum,98.0,0.101,212.0,0.219
Maluku,82,Maluku Utara,J,Informasi dan Komunikasi,J,Informasi dan Komunikasi,1941.0,2.002,1941.0,2.002
Maluku,82,Maluku Utara,K,Jasa Keuangan dan Asuransi,K.1,Jasa Perantara Keuangan,1895.0,1.955,2035.0,2.099
Maluku,82,Maluku Utara,K,Jasa Keuangan dan Asuransi,K.2,Asuransi dan Dana Pensiun,117.0,0.121,2035.0,2.099
Maluku,82,Maluku Utara,K,Jasa Keuangan dan Asuransi,K.3,Jasa Keuangan Lainnya,22.0,0.023,2035.0,2.099
Maluku,82,Maluku Utara,K,Jasa Keuangan dan Asuransi,K.4,Jasa Penunjang Keuangan,2.0,0.002,2035.0,2.099
Maluku,82,Maluku Utara,L,Real Estat,L,Real Estat,57.0,0.059,57.0,0.059
Maluku,82,Maluku Utara,"M,N",Jasa Perusahaan,"M,N",Jasa Perusahaan,170.0,0.175,170.0,0.175
Maluku,82,Maluku Utara,O,"Administrasi Pemerintahan, Pertahanan dan Jaminan Sosial Wajib",O,"Administrasi Pemerintahan, Pertahanan dan Jaminan Sosial Wajib",8400.0,8.664,8400.0,8.664
Maluku,82,Maluku Utara,P,Jasa Pendidikan,P,Jasa Pendidikan,1742.0,1.797,1742.0,1.797
Maluku,82,Maluku Utara,Q,Jasa Kesehatan dan Kegiatan Sosial,Q,Jasa Kesehatan dan Kegiatan Sosial,1144.0,1.18,1144.0,1.18
Maluku,82,Maluku Utara,"R,S,T,U",Jasa lainnya,"R,S,T,U",Jasa lainnya,392.0,0.404,392.0,0.404
Papua,91,Papua Barat,A,"Pertanian, Kehutanan, dan Perikanan",A.1,"Pertanian, Peternakan, Perburuan dan Jasa Pertanian",1706.0,2.24,5124.0,6.726
Papua,91,Papua Barat,A,"Pertanian, Kehutanan, dan Perikanan",A.2,Kehutanan dan Penebangan Kayu,1110.0,1.457,5124.0,6.726
Papua,91,Papua Barat,A,"Pertanian, Kehutanan, dan Perikanan",A.3,Perikanan,2308.0,3.03,5124.0,6.726
Papua,91,Papua Barat,B,Pertambangan dan Penggalian,B.1,"Pertambangan Minyak, Gas dan Panas Bumi",18867.0,24.767,19337.0,25.384
Papua,91,Papua Barat,B,Pertambangan dan Penggalian,B.2,Pertambangan Batubara dan Lignit,0.0,0.0,19337.0,25.384
Papua,91,Papua Barat,B,Pertambangan dan Penggalian,B.3,Pertambangan Bijih Logam,33.0,0.043,19337.0,25.384
Papua,91,Papua Barat,B,Pertambangan dan Penggalian,B.4,Pertambangan dan Penggalian Lainnya,436.0,0.572,19337.0,25.384
Papua,91,Papua Barat,C,Industri Pengolahan,C.1,Industri Batubara dan Pengilangan Migas,28231.0,37.06,29653.0,38.926
Papua,91,Papua Barat,C,Industri Pengolahan,C.2,Industri Makanan dan Minuman,523.0,0.687,29653.0,38.926
Papua,91,Papua Barat,C,Industri Pengolahan,C.3,Industri Pengolahan Tembakau,0.0,0.0,29653.0,38.926
Papua,91,Papua Barat,C,Industri Pengolahan,C.4,Industri Tekstil dan Pakaian Jadi,6.0,0.008,29653.0,38.926
Papua,91,Papua Barat,C,Industri Pengolahan,C.5,"Industri Kulit, Barang dari Kulit dan Alas Kaki",0.0,0.0,29653.0,38.926
Papua,91,Papua Barat,C,Industri Pengolahan,C.6,"Industri Kayu, Barang dari Kayu dan Gabus dan Barang Anyaman dari Bambu, Rotan dan Sejenisnya",585.0,0.768,29653.0,38.926
Papua,91,Papua Barat,C,Industri Pengolahan,C.7,Industri Kertas dan Barang dari Kertas; Percetakan dan Reproduksi Media Rekaman,14.0,0.018,29653.0,38.926
Papua,91,Papua Barat,C,Industri Pengolahan,C.8,"Industri Kimia, Farmasi dan Obat Tradisional",3.0,0.004,29653.0,38.926
Papua,91,Papua Barat,C,Industri Pengolahan,C.9,"Industri Karet, Barang dari Karet dan Plastik",1.0,0.001,29653.0,38.926
Papua,91,Papua Barat,C,Industri Pengolahan,C.10,Industri Barang Galian bukan Logam,192.0,0.252,29653.0,38.926
Papua,91,Papua Barat,C,Industri Pengolahan,C.11,Industri Logam Dasar,0.0,0.0,29653.0,38.926
Papua,91,Papua Barat,C,Industri Pengolahan,C.12,"Industri Barang Logam; Komputer, Barang Elektronik, Optik; dan Peralatan Listrik",8.0,0.011,29653.0,38.926
Papua,91,Papua Barat,C,Industri Pengolahan,C.13,Industri Mesin dan Perlengkapan,0.0,0.0,29653.0,38.926
Papua,91,Papua Barat,C,Industri Pengolahan,C.14,Industri Alat Angkutan,18.0,0.024,29653.0,38.926
Papua,91,Papua Barat,C,Industri Pengolahan,C.15,Industri Furnitur,67.0,0.088,29653.0,38.926
Papua,91,Papua Barat,C,Industri Pengolahan,C.16,Industri Pengolahan Lainnya; Jasa Reparasi dan Pemasangan Mesin dan Peralatan,4.0,0.005,29653.0,38.926
Papua,91,Papua Barat,D,Pengadaan Listrik dan Gas,D.1,Ketenagalistrikan,29.0,0.038,32.0,0.042
Papua,91,Papua Barat,D,Pengadaan Listrik dan Gas,D.2,Pengadaan Gas dan Produksi Es,3.0,0.004,32.0,0.042
Papua,91,Papua Barat,E,"Pengadaan Air, Pengelolaan Sampah, Limbah dan Daur Ulang",E,"Pengadaan Air, Pengelolaan Sampah, Limbah dan Daur Ulang",52.0,0.068,52.0,0.068
Papua,91,Papua Barat,F,Konstruksi,F,Konstruksi,6009.0,7.888,6009.0,7.888
Papua,91,Papua Barat,G,Perdagangan Besar dan Eceran; Reparasi Mobil dan Sepeda Motor,G.1,"Perdagangan Mobil, Sepeda Motor dan Reparasinya",393.0,0.516,3589.0,4.711
Papua,91,Papua Barat,G,Perdagangan Besar dan Eceran; Reparasi Mobil dan Sepeda Motor,G.2,"Perdagangan Besar dan Eceran, Bukan Mobil dan Sepeda Motor",3196.0,4.195,3589.0,4.711
Papua,91,Papua Barat,H,Transportasi dan Pergudangan,H.1,Angkutan Rel,0.0,0.0,1251.0,1.642
Papua,91,Papua Barat,H,Transportasi dan Pergudangan,H.2,Angkutan Darat,587.0,0.771,1251.0,1.642
Papua,91,Papua Barat,H,Transportasi dan Pergudangan,H.3,Angkutan Laut,228.0,0.299,1251.0,1.642
Papua,91,Papua Barat,H,Transportasi dan Pergudangan,H.4,Angkutan Sungai Danau dan Penyeberangan,16.0,0.021,1251.0,1.642
Papua,91,Papua Barat,H,Transportasi dan Pergudangan,H.5,Angkutan Udara,319.0,0.419,1251.0,1.642
Papua,91,Papua Barat,H,Transportasi dan Pergudangan,H.6,Pergudangan dan Jasa Penunjang Angkutan; Pos dan Kurir,101.0,0.133,1251.0,1.642
Papua,91,Papua Barat,I,Penyediaan Akomodasi dan Makan Minum,I.1,Penyediaan Akomodasi,85.0,0.112,368.0,0.483
Papua,91,Papua Barat,I,Penyediaan Akomodasi dan Makan Minum,I.2,Penyediaan Makan Minum,283.0,0.372,368.0,0.483
Papua,91,Papua Barat,J,Informasi dan Komunikasi,J,Informasi dan Komunikasi,763.0,1.002,763.0,1.002
Papua,91,Papua Barat,K,Jasa Keuangan dan Asuransi,K.1,Jasa Perantara Keuangan,875.0,1.149,907.0,1.191
Papua,91,Papua Barat,K,Jasa Keuangan dan Asuransi,K.2,Asuransi dan Dana Pensiun,11.0,0.014,907.0,1.191
Papua,91,Papua Barat,K,Jasa Keuangan dan Asuransi,K.3,Jasa Keuangan Lainnya,20.0,0.026,907.0,1.191
Papua,91,Papua Barat,K,Jasa Keuangan dan Asuransi,K.4,Jasa Penunjang Keuangan,1.0,0.001,907.0,1.191
Papua,91,Papua Barat,L,Real Estat,L,Real Estat,690.0,0.906,690.0,0.906
Papua,91,Papua Barat,"M,N",Jasa Perusahaan,"M,N",Jasa Perusahaan,47.0,0.062,47.0,0.062
Papua,91,Papua Barat,O,"Administrasi Pemerintahan, Pertahanan dan Jaminan Sosial Wajib",O,"Administrasi Pemerintahan, Pertahanan dan Jaminan Sosial Wajib",6866.0,9.013,6866.0,9.013
Papua,91,Papua Barat,P,Jasa Pendidikan,P,Jasa Pendidikan,926.0,1.216,926.0,1.216
Papua,91,Papua Barat,Q,Jasa Kesehatan dan Kegiatan Sosial,Q,Jasa Kesehatan dan Kegiatan Sosial,418.0,0.549,418.0,0.549
Papua,91,Papua Barat,"R,S,T,U",Jasa lainnya,"R,S,T,U",Jasa lainnya,146.0,0.192,146.0,0.192
Papua,92,Papua Barat Daya,A,"Pertanian, Kehutanan, dan Perikanan",A.1,"Pertanian, Peternakan, Perburuan dan Jasa Pertanian",1007.0,2.719,4500.0,12.149
Papua,92,Papua Barat Daya,A,"Pertanian, Kehutanan, dan Perikanan",A.2,Kehutanan dan Penebangan Kayu,738.0,1.992,4500.0,12.149
Papua,92,Papua Barat Daya,A,"Pertanian, Kehutanan, dan Perikanan",A.3,Perikanan,2755.0,7.438,4500.0,12.149
Papua,92,Papua Barat Daya,B,Pertambangan dan Penggalian,B.1,"Pertambangan Minyak, Gas dan Panas Bumi",2123.0,5.732,3708.0,10.011
Papua,92,Papua Barat Daya,B,Pertambangan dan Penggalian,B.2,Pertambangan Batubara dan Lignit,1.0,0.003,3708.0,10.011
Papua,92,Papua Barat Daya,B,Pertambangan dan Penggalian,B.3,Pertambangan Bijih Logam,1184.0,3.197,3708.0,10.011
Papua,92,Papua Barat Daya,B,Pertambangan dan Penggalian,B.4,Pertambangan dan Penggalian Lainnya,400.0,1.08,3708.0,10.011
Papua,92,Papua Barat Daya,C,Industri Pengolahan,C.1,Industri Batubara dan Pengilangan Migas,5010.0,13.526,6570.0,17.738
Papua,92,Papua Barat Daya,C,Industri Pengolahan,C.2,Industri Makanan dan Minuman,731.0,1.974,6570.0,17.738
Papua,92,Papua Barat Daya,C,Industri Pengolahan,C.3,Industri Pengolahan Tembakau,0.0,0.0,6570.0,17.738
Papua,92,Papua Barat Daya,C,Industri Pengolahan,C.4,Industri Tekstil dan Pakaian Jadi,7.0,0.019,6570.0,17.738
Papua,92,Papua Barat Daya,C,Industri Pengolahan,C.5,"Industri Kulit, Barang dari Kulit dan Alas Kaki",0.0,0.0,6570.0,17.738
Papua,92,Papua Barat Daya,C,Industri Pengolahan,C.6,"Industri Kayu, Barang dari Kayu dan Gabus dan Barang Anyaman dari Bambu, Rotan dan Sejenisnya",558.0,1.506,6570.0,17.738
Papua,92,Papua Barat Daya,C,Industri Pengolahan,C.7,Industri Kertas dan Barang dari Kertas; Percetakan dan Reproduksi Media Rekaman,30.0,0.081,6570.0,17.738
Papua,92,Papua Barat Daya,C,Industri Pengolahan,C.8,"Industri Kimia, Farmasi dan Obat Tradisional",1.0,0.003,6570.0,17.738
Papua,92,Papua Barat Daya,C,Industri Pengolahan,C.9,"Industri Karet, Barang dari Karet dan Plastik",2.0,0.005,6570.0,17.738
Papua,92,Papua Barat Daya,C,Industri Pengolahan,C.10,Industri Barang Galian bukan Logam,92.0,0.248,6570.0,17.738
Papua,92,Papua Barat Daya,C,Industri Pengolahan,C.11,Industri Logam Dasar,0.0,0.0,6570.0,17.738
Papua,92,Papua Barat Daya,C,Industri Pengolahan,C.12,"Industri Barang Logam; Komputer, Barang Elektronik, Optik; dan Peralatan Listrik",11.0,0.03,6570.0,17.738
Papua,92,Papua Barat Daya,C,Industri Pengolahan,C.13,Industri Mesin dan Perlengkapan,0.0,0.0,6570.0,17.738
Papua,92,Papua Barat Daya,C,Industri Pengolahan,C.14,Industri Alat Angkutan,14.0,0.038,6570.0,17.738
Papua,92,Papua Barat Daya,C,Industri Pengolahan,C.15,Industri Furnitur,110.0,0.297,6570.0,17.738
Papua,92,Papua Barat Daya,C,Industri Pengolahan,C.16,Industri Pengolahan Lainnya; Jasa Reparasi dan Pemasangan Mesin dan Peralatan,5.0,0.013,6570.0,17.738
Papua,92,Papua Barat Daya,D,Pengadaan Listrik dan Gas,D.1,Ketenagalistrikan,30.0,0.081,31.0,0.084
Papua,92,Papua Barat Daya,D,Pengadaan Listrik dan Gas,D.2,Pengadaan Gas dan Produksi Es,1.0,0.003,31.0,0.084
Papua,92,Papua Barat Daya,E,"Pengadaan Air, Pengelolaan Sampah, Limbah dan Daur Ulang",E,"Pengadaan Air, Pengelolaan Sampah, Limbah dan Daur Ulang",62.0,0.167,62.0,0.167
Papua,92,Papua Barat Daya,F,Konstruksi,F,Konstruksi,5345.0,14.43,5345.0,14.43
Papua,92,Papua Barat Daya,G,Perdagangan Besar dan Eceran; Reparasi Mobil dan Sepeda Motor,G.1,"Perdagangan Mobil, Sepeda Motor dan Reparasinya",672.0,1.814,5196.0,14.028
Papua,92,Papua Barat Daya,G,Perdagangan Besar dan Eceran; Reparasi Mobil dan Sepeda Motor,G.2,"Perdagangan Besar dan Eceran, Bukan Mobil dan Sepeda Motor",4524.0,12.214,5196.0,14.028
Papua,92,Papua Barat Daya,H,Transportasi dan Pergudangan,H.1,Angkutan Rel,0.0,0.0,1585.0,4.279
Papua,92,Papua Barat Daya,H,Transportasi dan Pergudangan,H.2,Angkutan Darat,502.0,1.355,1585.0,4.279
Papua,92,Papua Barat Daya,H,Transportasi dan Pergudangan,H.3,Angkutan Laut,272.0,0.734,1585.0,4.279
Papua,92,Papua Barat Daya,H,Transportasi dan Pergudangan,H.4,Angkutan Sungai Danau dan Penyeberangan,28.0,0.076,1585.0,4.279
Papua,92,Papua Barat Daya,H,Transportasi dan Pergudangan,H.5,Angkutan Udara,650.0,1.755,1585.0,4.279
Papua,92,Papua Barat Daya,H,Transportasi dan Pergudangan,H.6,Pergudangan dan Jasa Penunjang Angkutan; Pos dan Kurir,132.0,0.356,1585.0,4.279
Papua,92,Papua Barat Daya,I,Penyediaan Akomodasi dan Makan Minum,I.1,Penyediaan Akomodasi,111.0,0.3,466.0,1.258
Papua,92,Papua Barat Daya,I,Penyediaan Akomodasi dan Makan Minum,I.2,Penyediaan Makan Minum,355.0,0.958,466.0,1.258
Papua,92,Papua Barat Daya,J,Informasi dan Komunikasi,J,Informasi dan Komunikasi,1189.0,3.21,1189.0,3.21
Papua,92,Papua Barat Daya,K,Jasa Keuangan dan Asuransi,K.1,Jasa Perantara Keuangan,977.0,2.638,1033.0,2.789
Papua,92,Papua Barat Daya,K,Jasa Keuangan dan Asuransi,K.2,Asuransi dan Dana Pensiun,25.0,0.067,1033.0,2.789
Papua,92,Papua Barat Daya,K,Jasa Keuangan dan Asuransi,K.3,Jasa Keuangan Lainnya,28.0,0.076,1033.0,2.789
Papua,92,Papua Barat Daya,K,Jasa Keuangan dan Asuransi,K.4,Jasa Penunjang Keuangan,2.0,0.005,1033.0,2.789
Papua,92,Papua Barat Daya,L,Real Estat,L,Real Estat,737.0,1.99,737.0,1.99
Papua,92,Papua Barat Daya,"M,N",Jasa Perusahaan,"M,N",Jasa Perusahaan,71.0,0.192,71.0,0.192
Papua,92,Papua Barat Daya,O,"Administrasi Pemerintahan, Pertahanan dan Jaminan Sosial Wajib",O,"Administrasi Pemerintahan, Pertahanan dan Jaminan Sosial Wajib",4576.0,12.354,4576.0,12.354
Papua,92,Papua Barat Daya,P,Jasa Pendidikan,P,Jasa Pendidikan,1268.0,3.423,1268.0,3.423
Papua,92,Papua Barat Daya,Q,Jasa Kesehatan dan Kegiatan Sosial,Q,Jasa Kesehatan dan Kegiatan Sosial,504.0,1.361,504.0,1.361
Papua,92,Papua Barat Daya,"R,S,T,U",Jasa lainnya,"R,S,T,U",Jasa lainnya,198.0,0.535,198.0,0.535
Papua,94,Papua,A,"Pertanian, Kehutanan, dan Perikanan",A.1,"Pertanian, Peternakan, Perburuan dan Jasa Pertanian",4108.0,4.782,12107.0,14.092
Papua,94,Papua,A,"Pertanian, Kehutanan, dan Perikanan",A.2,Kehutanan dan Penebangan Kayu,1092.0,1.271,12107.0,14.092
Papua,94,Papua,A,"Pertanian, Kehutanan, dan Perikanan",A.3,Perikanan,6907.0,8.039,12107.0,14.092
Papua,94,Papua,B,Pertambangan dan Penggalian,B.1,"Pertambangan Minyak, Gas dan Panas Bumi",0.0,0.0,716.0,0.833
Papua,94,Papua,B,Pertambangan dan Penggalian,B.2,Pertambangan Batubara dan Lignit,0.0,0.0,716.0,0.833
Papua,94,Papua,B,Pertambangan dan Penggalian,B.3,Pertambangan Bijih Logam,187.0,0.218,716.0,0.833
Papua,94,Papua,B,Pertambangan dan Penggalian,B.4,Pertambangan dan Penggalian Lainnya,529.0,0.616,716.0,0.833
Papua,94,Papua,C,Industri Pengolahan,C.1,Industri Batubara dan Pengilangan Migas,0.0,0.0,2560.0,2.98
Papua,94,Papua,C,Industri Pengolahan,C.2,Industri Makanan dan Minuman,1434.0,1.669,2560.0,2.98
Papua,94,Papua,C,Industri Pengolahan,C.3,Industri Pengolahan Tembakau,0.0,0.0,2560.0,2.98
Papua,94,Papua,C,Industri Pengolahan,C.4,Industri Tekstil dan Pakaian Jadi,45.0,0.052,2560.0,2.98
Papua,94,Papua,C,Industri Pengolahan,C.5,"Industri Kulit, Barang dari Kulit dan Alas Kaki",3.0,0.003,2560.0,2.98
Papua,94,Papua,C,Industri Pengolahan,C.6,"Industri Kayu, Barang dari Kayu dan Gabus dan Barang Anyaman dari Bambu, Rotan dan Sejenisnya",669.0,0.779,2560.0,2.98
Papua,94,Papua,C,Industri Pengolahan,C.7,Industri Kertas dan Barang dari Kertas; Percetakan dan Reproduksi Media Rekaman,120.0,0.14,2560.0,2.98
Papua,94,Papua,C,Industri Pengolahan,C.8,"Industri Kimia, Farmasi dan Obat Tradisional",3.0,0.003,2560.0,2.98
Papua,94,Papua,C,Industri Pengolahan,C.9,"Industri Karet, Barang dari Karet dan Plastik",18.0,0.021,2560.0,2.98
Papua,94,Papua,C,Industri Pengolahan,C.10,Industri Barang Galian bukan Logam,88.0,0.102,2560.0,2.98
Papua,94,Papua,C,Industri Pengolahan,C.11,Industri Logam Dasar,0.0,0.0,2560.0,2.98
Papua,94,Papua,C,Industri Pengolahan,C.12,"Industri Barang Logam; Komputer, Barang Elektronik, Optik; dan Peralatan Listrik",47.0,0.055,2560.0,2.98
Papua,94,Papua,C,Industri Pengolahan,C.13,Industri Mesin dan Perlengkapan,0.0,0.0,2560.0,2.98
Papua,94,Papua,C,Industri Pengolahan,C.14,Industri Alat Angkutan,24.0,0.028,2560.0,2.98
Papua,94,Papua,C,Industri Pengolahan,C.15,Industri Furnitur,82.0,0.095,2560.0,2.98
Papua,94,Papua,C,Industri Pengolahan,C.16,Industri Pengolahan Lainnya; Jasa Reparasi dan Pemasangan Mesin dan Peralatan,27.0,0.031,2560.0,2.98
Papua,94,Papua,D,Pengadaan Listrik dan Gas,D.1,Ketenagalistrikan,57.0,0.066,59.0,0.069
Papua,94,Papua,D,Pengadaan Listrik dan Gas,D.2,Pengadaan Gas dan Produksi Es,2.0,0.002,59.0,0.069
Papua,94,Papua,E,"Pengadaan Air, Pengelolaan Sampah, Limbah dan Daur Ulang",E,"Pengadaan Air, Pengelolaan Sampah, Limbah dan Daur Ulang",90.0,0.105,90.0,0.105
Papua,94,Papua,F,Konstruksi,F,Konstruksi,17260.0,20.09,17260.0,20.09
Papua,94,Papua,G,Perdagangan Besar dan Eceran; Reparasi Mobil dan Sepeda Motor,G.1,"Perdagangan Mobil, Sepeda Motor dan Reparasinya",1856.0,2.16,13955.0,16.243
Papua,94,Papua,G,Perdagangan Besar dan Eceran; Reparasi Mobil dan Sepeda Motor,G.2,"Perdagangan Besar dan Eceran, Bukan Mobil dan Sepeda Motor",12098.0,14.082,13955.0,16.243
Papua,94,Papua,H,Transportasi dan Pergudangan,H.1,Angkutan Rel,0.0,0.0,7118.0,8.285
Papua,94,Papua,H,Transportasi dan Pergudangan,H.2,Angkutan Darat,4203.0,4.892,7118.0,8.285
Papua,94,Papua,H,Transportasi dan Pergudangan,H.3,Angkutan Laut,1015.0,1.181,7118.0,8.285
Papua,94,Papua,H,Transportasi dan Pergudangan,H.4,Angkutan Sungai Danau dan Penyeberangan,154.0,0.179,7118.0,8.285
Papua,94,Papua,H,Transportasi dan Pergudangan,H.5,Angkutan Udara,1427.0,1.661,7118.0,8.285
Papua,94,Papua,H,Transportasi dan Pergudangan,H.6,Pergudangan dan Jasa Penunjang Angkutan; Pos dan Kurir,318.0,0.37,7118.0,8.285
Papua,94,Papua,I,Penyediaan Akomodasi dan Makan Minum,I.1,Penyediaan Akomodasi,706.0,0.822,1122.0,1.306
Papua,94,Papua,I,Penyediaan Akomodasi dan Makan Minum,I.2,Penyediaan Makan Minum,416.0,0.484,1122.0,1.306
Papua,94,Papua,J,Informasi dan Komunikasi,J,Informasi dan Komunikasi,5134.0,5.976,5134.0,5.976
Papua,94,Papua,K,Jasa Keuangan dan Asuransi,K.1,Jasa Perantara Keuangan,2624.0,3.054,3113.0,3.623
Papua,94,Papua,K,Jasa Keuangan dan Asuransi,K.2,Asuransi dan Dana Pensiun,26.0,0.03,3113.0,3.623
Papua,94,Papua,K,Jasa Keuangan dan Asuransi,K.3,Jasa Keuangan Lainnya,461.0,0.537,3113.0,3.623
Papua,94,Papua,K,Jasa Keuangan dan Asuransi,K.4,Jasa Penunjang Keuangan,1.0,0.001,3113.0,3.623
Papua,94,Papua,L,Real Estat,L,Real Estat,3997.0,4.652,3997.0,4.652
Papua,94,Papua,"M,N",Jasa Perusahaan,"M,N",Jasa Perusahaan,2090.0,2.433,2090.0,2.433
Papua,94,Papua,O,"Administrasi Pemerintahan, Pertahanan dan Jaminan Sosial Wajib",O,"Administrasi Pemerintahan, Pertahanan dan Jaminan Sosial Wajib",10200.0,11.872,10200.0,11.872
Papua,94,Papua,P,Jasa Pendidikan,P,Jasa Pendidikan,2332.0,2.714,2332.0,2.714
Papua,94,Papua,Q,Jasa Kesehatan dan Kegiatan Sosial,Q,Jasa Kesehatan dan Kegiatan Sosial,2506.0,2.917,2506.0,2.917
Papua,94,Papua,"R,S,T,U",Jasa lainnya,"R,S,T,U",Jasa lainnya,1557.0,1.812,1557.0,1.812
Papua,95,Papua Selatan,A,"Pertanian, Kehutanan, dan Perikanan",A.1,"Pertanian, Peternakan, Perburuan dan Jasa Pertanian",3491.0,10.451,7157.0,21.426
Papua,95,Papua Selatan,A,"Pertanian, Kehutanan, dan Perikanan",A.2,Kehutanan dan Penebangan Kayu,624.0,1.868,7157.0,21.426
Papua,95,Papua Selatan,A,"Pertanian, Kehutanan, dan Perikanan",A.3,Perikanan,3041.0,9.104,7157.0,21.426
Papua,95,Papua Selatan,B,Pertambangan dan Penggalian,B.1,"Pertambangan Minyak, Gas dan Panas Bumi",0.0,0.0,402.0,1.203
Papua,95,Papua Selatan,B,Pertambangan dan Penggalian,B.2,Pertambangan Batubara dan Lignit,0.0,0.0,402.0,1.203
Papua,95,Papua Selatan,B,Pertambangan dan Penggalian,B.3,Pertambangan Bijih Logam,0.0,0.0,402.0,1.203
Papua,95,Papua Selatan,B,Pertambangan dan Penggalian,B.4,Pertambangan dan Penggalian Lainnya,402.0,1.203,402.0,1.203
Papua,95,Papua Selatan,C,Industri Pengolahan,C.1,Industri Batubara dan Pengilangan Migas,0.0,0.0,1876.0,5.616
Papua,95,Papua Selatan,C,Industri Pengolahan,C.2,Industri Makanan dan Minuman,1110.0,3.323,1876.0,5.616
Papua,95,Papua Selatan,C,Industri Pengolahan,C.3,Industri Pengolahan Tembakau,0.0,0.0,1876.0,5.616
Papua,95,Papua Selatan,C,Industri Pengolahan,C.4,Industri Tekstil dan Pakaian Jadi,14.0,0.042,1876.0,5.616
Papua,95,Papua Selatan,C,Industri Pengolahan,C.5,"Industri Kulit, Barang dari Kulit dan Alas Kaki",5.0,0.015,1876.0,5.616
Papua,95,Papua Selatan,C,Industri Pengolahan,C.6,"Industri Kayu, Barang dari Kayu dan Gabus dan Barang Anyaman dari Bambu, Rotan dan Sejenisnya",593.0,1.775,1876.0,5.616
Papua,95,Papua Selatan,C,Industri Pengolahan,C.7,Industri Kertas dan Barang dari Kertas; Percetakan dan Reproduksi Media Rekaman,10.0,0.03,1876.0,5.616
Papua,95,Papua Selatan,C,Industri Pengolahan,C.8,"Industri Kimia, Farmasi dan Obat Tradisional",1.0,0.003,1876.0,5.616
Papua,95,Papua Selatan,C,Industri Pengolahan,C.9,"Industri Karet, Barang dari Karet dan Plastik",33.0,0.099,1876.0,5.616
Papua,95,Papua Selatan,C,Industri Pengolahan,C.10,Industri Barang Galian bukan Logam,46.0,0.138,1876.0,5.616
Papua,95,Papua Selatan,C,Industri Pengolahan,C.11,Industri Logam Dasar,0.0,0.0,1876.0,5.616
Papua,95,Papua Selatan,C,Industri Pengolahan,C.12,"Industri Barang Logam; Komputer, Barang Elektronik, Optik; dan Peralatan Listrik",6.0,0.018,1876.0,5.616
Papua,95,Papua Selatan,C,Industri Pengolahan,C.13,Industri Mesin dan Perlengkapan,0.0,0.0,1876.0,5.616
Papua,95,Papua Selatan,C,Industri Pengolahan,C.14,Industri Alat Angkutan,12.0,0.036,1876.0,5.616
Papua,95,Papua Selatan,C,Industri Pengolahan,C.15,Industri Furnitur,38.0,0.114,1876.0,5.616
Papua,95,Papua Selatan,C,Industri Pengolahan,C.16,Industri Pengolahan Lainnya; Jasa Reparasi dan Pemasangan Mesin dan Peralatan,7.0,0.021,1876.0,5.616
Papua,95,Papua Selatan,D,Pengadaan Listrik dan Gas,D.1,Ketenagalistrikan,12.0,0.036,13.0,0.039
Papua,95,Papua Selatan,D,Pengadaan Listrik dan Gas,D.2,Pengadaan Gas dan Produksi Es,1.0,0.003,13.0,0.039
Papua,95,Papua Selatan,E,"Pengadaan Air, Pengelolaan Sampah, Limbah dan Daur Ulang",E,"Pengadaan Air, Pengelolaan Sampah, Limbah dan Daur Ulang",20.0,0.06,20.0,0.06
Papua,95,Papua Selatan,F,Konstruksi,F,Konstruksi,7749.0,23.198,7749.0,23.198
Papua,95,Papua Selatan,G,Perdagangan Besar dan Eceran; Reparasi Mobil dan Sepeda Motor,G.1,"Perdagangan Mobil, Sepeda Motor dan Reparasinya",927.0,2.775,4276.0,12.801
Papua,95,Papua Selatan,G,Perdagangan Besar dan Eceran; Reparasi Mobil dan Sepeda Motor,G.2,"Perdagangan Besar dan Eceran, Bukan Mobil dan Sepeda Motor",3349.0,10.026,4276.0,12.801
Papua,95,Papua Selatan,H,Transportasi dan Pergudangan,H.1,Angkutan Rel,0.0,0.0,2474.0,7.406
Papua,95,Papua Selatan,H,Transportasi dan Pergudangan,H.2,Angkutan Darat,772.0,2.311,2474.0,7.406
Papua,95,Papua Selatan,H,Transportasi dan Pergudangan,H.3,Angkutan Laut,194.0,0.581,2474.0,7.406
Papua,95,Papua Selatan,H,Transportasi dan Pergudangan,H.4,Angkutan Sungai Danau dan Penyeberangan,71.0,0.213,2474.0,7.406
Papua,95,Papua Selatan,H,Transportasi dan Pergudangan,H.5,Angkutan Udara,1330.0,3.982,2474.0,7.406
Papua,95,Papua Selatan,H,Transportasi dan Pergudangan,H.6,Pergudangan dan Jasa Penunjang Angkutan; Pos dan Kurir,107.0,0.32,2474.0,7.406
Papua,95,Papua Selatan,I,Penyediaan Akomodasi dan Makan Minum,I.1,Penyediaan Akomodasi,123.0,0.368,288.0,0.862
Papua,95,Papua Selatan,I,Penyediaan Akomodasi dan Makan Minum,I.2,Penyediaan Makan Minum,166.0,0.497,288.0,0.862
Papua,95,Papua Selatan,J,Informasi dan Komunikasi,J,Informasi dan Komunikasi,1667.0,4.99,1667.0,4.99
Papua,95,Papua Selatan,K,Jasa Keuangan dan Asuransi,K.1,Jasa Perantara Keuangan,520.0,1.557,575.0,1.721
Papua,95,Papua Selatan,K,Jasa Keuangan dan Asuransi,K.2,Asuransi dan Dana Pensiun,7.0,0.021,575.0,1.721
Papua,95,Papua Selatan,K,Jasa Keuangan dan Asuransi,K.3,Jasa Keuangan Lainnya,48.0,0.144,575.0,1.721
Papua,95,Papua Selatan,K,Jasa Keuangan dan Asuransi,K.4,Jasa Penunjang Keuangan,0.0,0.0,575.0,1.721
Papua,95,Papua Selatan,L,Real Estat,L,Real Estat,700.0,2.096,700.0,2.096
Papua,95,Papua Selatan,"M,N",Jasa Perusahaan,"M,N",Jasa Perusahaan,303.0,0.907,303.0,0.907
Papua,95,Papua Selatan,O,"Administrasi Pemerintahan, Pertahanan dan Jaminan Sosial Wajib",O,"Administrasi Pemerintahan, Pertahanan dan Jaminan Sosial Wajib",4003.0,11.984,4003.0,11.984
Papua,95,Papua Selatan,P,Jasa Pendidikan,P,Jasa Pendidikan,794.0,2.377,794.0,2.377
Papua,95,Papua Selatan,Q,Jasa Kesehatan dan Kegiatan Sosial,Q,Jasa Kesehatan dan Kegiatan Sosial,752.0,2.251,752.0,2.251
Papua,95,Papua Selatan,"R,S,T,U",Jasa lainnya,"R,S,T,U",Jasa lainnya,355.0,1.063,355.0,1.063
Papua,96,Papua Tengah,A,"Pertanian, Kehutanan, dan Perikanan",A.1,"Pertanian, Peternakan, Perburuan dan Jasa Pertanian",3533.0,2.02,6448.0,3.686
Papua,96,Papua Tengah,A,"Pertanian, Kehutanan, dan Perikanan",A.2,Kehutanan dan Penebangan Kayu,652.0,0.373,6448.0,3.686
Papua,96,Papua Tengah,A,"Pertanian, Kehutanan, dan Perikanan",A.3,Perikanan,2263.0,1.294,6448.0,3.686
Papua,96,Papua Tengah,B,Pertambangan dan Penggalian,B.1,"Pertambangan Minyak, Gas dan Panas Bumi",0.0,0.0,134331.0,76.786
Papua,96,Papua Tengah,B,Pertambangan dan Penggalian,B.2,Pertambangan Batubara dan Lignit,0.0,0.0,134331.0,76.786
Papua,96,Papua Tengah,B,Pertambangan dan Penggalian,B.3,Pertambangan Bijih Logam,123117.0,70.375,134331.0,76.786
Papua,96,Papua Tengah,B,Pertambangan dan Penggalian,B.4,Pertambangan dan Penggalian Lainnya,11214.0,6.41,134331.0,76.786
Papua,96,Papua Tengah,C,Industri Pengolahan,C.1,Industri Batubara dan Pengilangan Migas,0.0,0.0,406.0,0.232
Papua,96,Papua Tengah,C,Industri Pengolahan,C.2,Industri Makanan dan Minuman,204.0,0.117,406.0,0.232
Papua,96,Papua Tengah,C,Industri Pengolahan,C.3,Industri Pengolahan Tembakau,0.0,0.0,406.0,0.232
Papua,96,Papua Tengah,C,Industri Pengolahan,C.4,Industri Tekstil dan Pakaian Jadi,13.0,0.007,406.0,0.232
Papua,96,Papua Tengah,C,Industri Pengolahan,C.5,"Industri Kulit, Barang dari Kulit dan Alas Kaki",1.0,0.001,406.0,0.232
Papua,96,Papua Tengah,C,Industri Pengolahan,C.6,"Industri Kayu, Barang dari Kayu dan Gabus dan Barang Anyaman dari Bambu, Rotan dan Sejenisnya",89.0,0.051,406.0,0.232
Papua,96,Papua Tengah,C,Industri Pengolahan,C.7,Industri Kertas dan Barang dari Kertas; Percetakan dan Reproduksi Media Rekaman,21.0,0.012,406.0,0.232
Papua,96,Papua Tengah,C,Industri Pengolahan,C.8,"Industri Kimia, Farmasi dan Obat Tradisional",1.0,0.001,406.0,0.232
Papua,96,Papua Tengah,C,Industri Pengolahan,C.9,"Industri Karet, Barang dari Karet dan Plastik",9.0,0.005,406.0,0.232
Papua,96,Papua Tengah,C,Industri Pengolahan,C.10,Industri Barang Galian bukan Logam,23.0,0.013,406.0,0.232
Papua,96,Papua Tengah,C,Industri Pengolahan,C.11,Industri Logam Dasar,0.0,0.0,406.0,0.232
Papua,96,Papua Tengah,C,Industri Pengolahan,C.12,"Industri Barang Logam; Komputer, Barang Elektronik, Optik; dan Peralatan Listrik",11.0,0.006,406.0,0.232
Papua,96,Papua Tengah,C,Industri Pengolahan,C.13,Industri Mesin dan Perlengkapan,0.0,0.0,406.0,0.232
Papua,96,Papua Tengah,C,Industri Pengolahan,C.14,Industri Alat Angkutan,5.0,0.003,406.0,0.232
Papua,96,Papua Tengah,C,Industri Pengolahan,C.15,Industri Furnitur,23.0,0.013,406.0,0.232
Papua,96,Papua Tengah,C,Industri Pengolahan,C.16,Industri Pengolahan Lainnya; Jasa Reparasi dan Pemasangan Mesin dan Peralatan,6.0,0.003,406.0,0.232
Papua,96,Papua Tengah,D,Pengadaan Listrik dan Gas,D.1,Ketenagalistrikan,31.0,0.018,32.0,0.018
Papua,96,Papua Tengah,D,Pengadaan Listrik dan Gas,D.2,Pengadaan Gas dan Produksi Es,1.0,0.001,32.0,0.018
Papua,96,Papua Tengah,E,"Pengadaan Air, Pengelolaan Sampah, Limbah dan Daur Ulang",E,"Pengadaan Air, Pengelolaan Sampah, Limbah dan Daur Ulang",11.0,0.006,11.0,0.006
Papua,96,Papua Tengah,F,Konstruksi,F,Konstruksi,10498.0,6.001,10498.0,6.001
Papua,96,Papua Tengah,G,Perdagangan Besar dan Eceran; Reparasi Mobil dan Sepeda Motor,G.1,"Perdagangan Mobil, Sepeda Motor dan Reparasinya",896.0,0.512,6628.0,3.789
Papua,96,Papua Tengah,G,Perdagangan Besar dan Eceran; Reparasi Mobil dan Sepeda Motor,G.2,"Perdagangan Besar dan Eceran, Bukan Mobil dan Sepeda Motor",5732.0,3.276,6628.0,3.789
Papua,96,Papua Tengah,H,Transportasi dan Pergudangan,H.1,Angkutan Rel,0.0,0.0,2914.0,1.666
Papua,96,Papua Tengah,H,Transportasi dan Pergudangan,H.2,Angkutan Darat,722.0,0.413,2914.0,1.666
Papua,96,Papua Tengah,H,Transportasi dan Pergudangan,H.3,Angkutan Laut,282.0,0.161,2914.0,1.666
Papua,96,Papua Tengah,H,Transportasi dan Pergudangan,H.4,Angkutan Sungai Danau dan Penyeberangan,28.0,0.016,2914.0,1.666
Papua,96,Papua Tengah,H,Transportasi dan Pergudangan,H.5,Angkutan Udara,1651.0,0.944,2914.0,1.666
Papua,96,Papua Tengah,H,Transportasi dan Pergudangan,H.6,Pergudangan dan Jasa Penunjang Angkutan; Pos dan Kurir,230.0,0.131,2914.0,1.666
Papua,96,Papua Tengah,I,Penyediaan Akomodasi dan Makan Minum,I.1,Penyediaan Akomodasi,142.0,0.081,371.0,0.212
Papua,96,Papua Tengah,I,Penyediaan Akomodasi dan Makan Minum,I.2,Penyediaan Makan Minum,229.0,0.131,371.0,0.212
Papua,96,Papua Tengah,J,Informasi dan Komunikasi,J,Informasi dan Komunikasi,2541.0,1.452,2541.0,1.452
Papua,96,Papua Tengah,K,Jasa Keuangan dan Asuransi,K.1,Jasa Perantara Keuangan,829.0,0.474,912.0,0.521
Papua,96,Papua Tengah,K,Jasa Keuangan dan Asuransi,K.2,Asuransi dan Dana Pensiun,5.0,0.003,912.0,0.521
Papua,96,Papua Tengah,K,Jasa Keuangan dan Asuransi,K.3,Jasa Keuangan Lainnya,79.0,0.045,912.0,0.521
Papua,96,Papua Tengah,K,Jasa Keuangan dan Asuransi,K.4,Jasa Penunjang Keuangan,0.0,0.0,912.0,0.521
Papua,96,Papua Tengah,L,Real Estat,L,Real Estat,1574.0,0.9,1574.0,0.9
Papua,96,Papua Tengah,"M,N",Jasa Perusahaan,"M,N",Jasa Perusahaan,622.0,0.356,622.0,0.356
Papua,96,Papua Tengah,O,"Administrasi Pemerintahan, Pertahanan dan Jaminan Sosial Wajib",O,"Administrasi Pemerintahan, Pertahanan dan Jaminan Sosial Wajib",5589.0,3.195,5589.0,3.195
Papua,96,Papua Tengah,P,Jasa Pendidikan,P,Jasa Pendidikan,684.0,0.391,684.0,0.391
Papua,96,Papua Tengah,Q,Jasa Kesehatan dan Kegiatan Sosial,Q,Jasa Kesehatan dan Kegiatan Sosial,745.0,0.426,745.0,0.426
Papua,96,Papua Tengah,"R,S,T,U",Jasa lainnya,"R,S,T,U",Jasa lainnya,636.0,0.364,636.0,0.364
Papua,97,Papua Pegunungan,A,"Pertanian, Kehutanan, dan Perikanan",A.1,"Pertanian, Peternakan, Perburuan dan Jasa Pertanian",4062.0,15.293,4349.0,16.374
Papua,97,Papua Pegunungan,A,"Pertanian, Kehutanan, dan Perikanan",A.2,Kehutanan dan Penebangan Kayu,244.0,0.919,4349.0,16.374
Papua,97,Papua Pegunungan,A,"Pertanian, Kehutanan, dan Perikanan",A.3,Perikanan,42.0,0.158,4349.0,16.374
Papua,97,Papua Pegunungan,B,Pertambangan dan Penggalian,B.1,"Pertambangan Minyak, Gas dan Panas Bumi",0.0,0.0,304.0,1.145
Papua,97,Papua Pegunungan,B,Pertambangan dan Penggalian,B.2,Pertambangan Batubara dan Lignit,0.0,0.0,304.0,1.145
Papua,97,Papua Pegunungan,B,Pertambangan dan Penggalian,B.3,Pertambangan Bijih Logam,0.0,0.0,304.0,1.145
Papua,97,Papua Pegunungan,B,Pertambangan dan Penggalian,B.4,Pertambangan dan Penggalian Lainnya,304.0,1.145,304.0,1.145
Papua,97,Papua Pegunungan,C,Industri Pengolahan,C.1,Industri Batubara dan Pengilangan Migas,0.0,0.0,201.0,0.757
Papua,97,Papua Pegunungan,C,Industri Pengolahan,C.2,Industri Makanan dan Minuman,75.0,0.282,201.0,0.757
Papua,97,Papua Pegunungan,C,Industri Pengolahan,C.3,Industri Pengolahan Tembakau,0.0,0.0,201.0,0.757
Papua,97,Papua Pegunungan,C,Industri Pengolahan,C.4,Industri Tekstil dan Pakaian Jadi,10.0,0.038,201.0,0.757
Papua,97,Papua Pegunungan,C,Industri Pengolahan,C.5,"Industri Kulit, Barang dari Kulit dan Alas Kaki",0.0,0.0,201.0,0.757
Papua,97,Papua Pegunungan,C,Industri Pengolahan,C.6,"Industri Kayu, Barang dari Kayu dan Gabus dan Barang Anyaman dari Bambu, Rotan dan Sejenisnya",75.0,0.282,201.0,0.757
Papua,97,Papua Pegunungan,C,Industri Pengolahan,C.7,Industri Kertas dan Barang dari Kertas; Percetakan dan Reproduksi Media Rekaman,10.0,0.038,201.0,0.757
Papua,97,Papua Pegunungan,C,Industri Pengolahan,C.8,"Industri Kimia, Farmasi dan Obat Tradisional",1.0,0.004,201.0,0.757
Papua,97,Papua Pegunungan,C,Industri Pengolahan,C.9,"Industri Karet, Barang dari Karet dan Plastik",0.0,0.0,201.0,0.757
Papua,97,Papua Pegunungan,C,Industri Pengolahan,C.10,Industri Barang Galian bukan Logam,10.0,0.038,201.0,0.757
Papua,97,Papua Pegunungan,C,Industri Pengolahan,C.11,Industri Logam Dasar,0.0,0.0,201.0,0.757
Papua,97,Papua Pegunungan,C,Industri Pengolahan,C.12,"Industri Barang Logam; Komputer, Barang Elektronik, Optik; dan Peralatan Listrik",2.0,0.008,201.0,0.757
Papua,97,Papua Pegunungan,C,Industri Pengolahan,C.13,Industri Mesin dan Perlengkapan,0.0,0.0,201.0,0.757
Papua,97,Papua Pegunungan,C,Industri Pengolahan,C.14,Industri Alat Angkutan,0.0,0.0,201.0,0.757
Papua,97,Papua Pegunungan,C,Industri Pengolahan,C.15,Industri Furnitur,17.0,0.064,201.0,0.757
Papua,97,Papua Pegunungan,C,Industri Pengolahan,C.16,Industri Pengolahan Lainnya; Jasa Reparasi dan Pemasangan Mesin dan Peralatan,1.0,0.004,201.0,0.757
Papua,97,Papua Pegunungan,D,Pengadaan Listrik dan Gas,D.1,Ketenagalistrikan,8.0,0.03,8.0,0.03
Papua,97,Papua Pegunungan,D,Pengadaan Listrik dan Gas,D.2,Pengadaan Gas dan Produksi Es,0.0,0.0,8.0,0.03
Papua,97,Papua Pegunungan,E,"Pengadaan Air, Pengelolaan Sampah, Limbah dan Daur Ulang",E,"Pengadaan Air, Pengelolaan Sampah, Limbah dan Daur Ulang",3.0,0.011,3.0,0.011
Papua,97,Papua Pegunungan,F,Konstruksi,F,Konstruksi,5281.0,19.883,5281.0,19.883
Papua,97,Papua Pegunungan,G,Perdagangan Besar dan Eceran; Reparasi Mobil dan Sepeda Motor,G.1,"Perdagangan Mobil, Sepeda Motor dan Reparasinya",319.0,1.201,4062.0,15.293
Papua,97,Papua Pegunungan,G,Perdagangan Besar dan Eceran; Reparasi Mobil dan Sepeda Motor,G.2,"Perdagangan Besar dan Eceran, Bukan Mobil dan Sepeda Motor",3743.0,14.092,4062.0,15.293
Papua,97,Papua Pegunungan,H,Transportasi dan Pergudangan,H.1,Angkutan Rel,0.0,0.0,2593.0,9.762
Papua,97,Papua Pegunungan,H,Transportasi dan Pergudangan,H.2,Angkutan Darat,1228.0,4.623,2593.0,9.762
Papua,97,Papua Pegunungan,H,Transportasi dan Pergudangan,H.3,Angkutan Laut,0.0,0.0,2593.0,9.762
Papua,97,Papua Pegunungan,H,Transportasi dan Pergudangan,H.4,Angkutan Sungai Danau dan Penyeberangan,22.0,0.083,2593.0,9.762
Papua,97,Papua Pegunungan,H,Transportasi dan Pergudangan,H.5,Angkutan Udara,1338.0,5.037,2593.0,9.762
Papua,97,Papua Pegunungan,H,Transportasi dan Pergudangan,H.6,Pergudangan dan Jasa Penunjang Angkutan; Pos dan Kurir,4.0,0.015,2593.0,9.762
Papua,97,Papua Pegunungan,I,Penyediaan Akomodasi dan Makan Minum,I.1,Penyediaan Akomodasi,42.0,0.158,98.0,0.369
Papua,97,Papua Pegunungan,I,Penyediaan Akomodasi dan Makan Minum,I.2,Penyediaan Makan Minum,56.0,0.211,98.0,0.369
Papua,97,Papua Pegunungan,J,Informasi dan Komunikasi,J,Informasi dan Komunikasi,744.0,2.801,744.0,2.801
Papua,97,Papua Pegunungan,K,Jasa Keuangan dan Asuransi,K.1,Jasa Perantara Keuangan,203.0,0.764,211.0,0.794
Papua,97,Papua Pegunungan,K,Jasa Keuangan dan Asuransi,K.2,Asuransi dan Dana Pensiun,1.0,0.004,211.0,0.794
Papua,97,Papua Pegunungan,K,Jasa Keuangan dan Asuransi,K.3,Jasa Keuangan Lainnya,7.0,0.026,211.0,0.794
Papua,97,Papua Pegunungan,K,Jasa Keuangan dan Asuransi,K.4,Jasa Penunjang Keuangan,0.0,0.0,211.0,0.794
Papua,97,Papua Pegunungan,L,Real Estat,L,Real Estat,1222.0,4.601,1222.0,4.601
Papua,97,Papua Pegunungan,"M,N",Jasa Perusahaan,"M,N",Jasa Perusahaan,169.0,0.636,169.0,0.636
Papua,97,Papua Pegunungan,O,"Administrasi Pemerintahan, Pertahanan dan Jaminan Sosial Wajib",O,"Administrasi Pemerintahan, Pertahanan dan Jaminan Sosial Wajib",5299.0,19.95,5299.0,19.95
Papua,97,Papua Pegunungan,P,Jasa Pendidikan,P,Jasa Pendidikan,921.0,3.467,921.0,3.467
Papua,97,Papua Pegunungan,Q,Jasa Kesehatan dan Kegiatan Sosial,Q,Jasa Kesehatan dan Kegiatan Sosial,735.0,2.767,735.0,2.767
Papua,97,Papua Pegunungan,"R,S,T,U",Jasa lainnya,"R,S,T,U",Jasa lainnya,363.0,1.367,363.0,1.367
