kode_bps,nama,tahun,versi_vnl,rad_sum,rad_mean,rad_max,n_pix,lit_share,cfcvg_mean
1101,Kabupaten Simeulue,2020,V2.1,209.1058940437495,0.024301296953772828,7.72313928604126,9385,0.013941730121720688,28.84040909596371
1102,Kabupaten Aceh Singkil,2020,V2.1,716.1450793795141,0.08106489437320656,9.25863265991211,9486,0.04730224625631347,26.852488940066365
1103,Kabupaten Aceh Selatan,2020,V2.1,429.96497464004676,0.02176009521104187,8.942590713500977,20365,0.015172179739333899,23.87992132782124
1104,Kabupaten Aceh Tenggara,2020,V2.1,428.38385374066877,0.02204084833162446,15.266407012939453,19911,0.011888447417716474,26.32795275209254
1105,Kabupaten Aceh Timur,2020,V2.1,4667.85850846896,0.18279939382298635,324.2042236328125,26175,0.07075294581258999,24.717394879944514
1106,Kabupaten Aceh Tengah,2020,V2.1,585.0096426010132,0.026483492071284462,10.275287628173828,22589,0.01416956647322394,23.51371908379547
1107,Kabupaten Aceh Barat,2020,V2.1,1261.9440089977256,0.0956748114112072,25.512845993041992,13527,0.035612731281619424,25.170729778392978
1108,Kabupaten Aceh Besar,2020,V2.1,7345.903131669292,0.539448204270841,26.67125129699707,14212,0.17996070206399115,36.22834214604283
1109,Kabupaten Pidie,2020,V2.1,1919.152854640519,0.1373074232420574,14.771697044372559,14448,0.07239233612072225,32.27993422270905
1110,Kabupaten Bireuen,2020,V2.1,3163.2721237040037,0.37591978585906527,21.760189056396484,8673,0.17657037453361527,29.352684966925455
1111,Kabupaten Aceh Utara,2020,V2.1,5275.835567690811,0.4144048730887971,66.137451171875,13221,0.1655786010126802,27.69017143117647
1112,Kabupaten Aceh Barat Daya,2020,V2.1,719.3158644957867,0.08103309676779766,20.316978454589844,9144,0.03836431364718314,18.779268577143892
1113,Kabupaten Gayo Lues,2020,V2.1,168.98547837138176,0.006609415976927458,6.616868019104004,26040,0.004067682431799214,22.964011133670155
1114,Kabupaten Aceh Tamiang,2020,V2.1,2070.298892729773,0.20592194843668263,33.55582809448242,10397,0.07573877022451747,24.49637986987657
1115,Kabupaten Nagan Raya,2020,V2.1,894.6621007853865,0.05570439059497684,12.1538667678833,16453,0.03615090316826139,22.50288180251284
1116,Kabupaten Aceh Jaya,2020,V2.1,488.5824967424075,0.026829664337621864,6.976459503173828,18684,0.019657013846328113,32.17908273729104
1117,Kabupaten Bener Meriah,2020,V2.1,322.5238244831562,0.035563189911980105,4.284045219421387,9376,0.026684205337359965,23.200422986382467
1118,Kabupaten Pidie Jaya,2020,V2.1,998.640484232295,0.22547844234568482,6.275839805603027,4622,0.12701092889884905,31.261996066906853
1171,Kota Banda Aceh,2020,V2.1,4721.6022788945365,18.15918708230558,63.57239532470703,316,1.0,39.74710043286127
1172,Kota Sabang,2020,V2.1,470.8512447700781,0.8151413983840016,14.141026496887207,688,0.3558548772539648,37.99914457962198
1173,Kota Langsa,2020,V2.1,1239.5225859190903,1.2424948284498922,17.625646591186523,1115,0.3726325720350643,24.136872518573856
1174,Kota Lhokseumawe,2020,V2.1,6315.223064370949,9.736051615526783,523.154541015625,734,0.8998331358371019,30.805077265362375
1175,Kota Subulussalam,2020,V2.1,539.7651396095753,0.09869971660815846,16.503902435302734,5724,0.04681133625999795,25.697772159015123
1201,Kabupaten Nias,2020,V2.1,64.5269228522684,0.015976554511551482,3.0281379222869873,4314,0.014368287622086275,23.682192663997814
1202,Kabupaten Mandailing Natal,2020,V2.1,1054.781124973823,0.034479215351382785,22.442577362060547,31288,0.022374318476772185,26.65005804452506
1203,Kabupaten Tapanuli Selatan,2020,V2.1,1631.7875610585306,0.08414184568951974,52.371639251708984,20110,0.03483516639064644,28.096143603307375
1204,Kabupaten Tapanuli Tengah,2020,V2.1,800.4244102081831,0.07323416248684961,12.3045015335083,11614,0.041913297259516535,25.580508226760568
1205,Kabupaten Tapanuli Utara,2020,V2.1,1015.0831969386222,0.058404772816969465,33.719444274902344,17820,0.02746136225793871,29.16170720876834
1206,Kabupaten Toba,2020,V2.1,788.8106851228313,0.07848838037236529,20.141632080078125,10494,0.04290728972458581,29.607150967824534
1207,Kabupaten Labuhanbatu,2020,V2.1,2158.975165665033,0.16874101903975577,16.77796173095703,13321,0.07325236580973908,31.545622619822957
1208,Kabupaten Asahan,2020,V2.1,4336.131222220143,0.24481758061227252,33.62291717529297,18192,0.11535202532769437,30.510409325494475
1209,Kabupaten Simalungun,2020,V2.1,2379.647877861821,0.11531424767456322,21.47239112854004,21256,0.07007313057902631,27.84702552966604
1210,Kabupaten Dairi,2020,V2.1,654.475809896752,0.07012146539360468,13.977813720703125,9655,0.03652639964504678,28.769591333225787
1211,Kabupaten Karo,2020,V2.1,1315.9105315785782,0.1290331605054844,11.20262622833252,10559,0.0715898559920017,29.350939608928876
1212,Kabupaten Deli Serdang,2020,V2.1,32610.311128438698,2.681894418357368,54.62406921386719,12693,0.4726153022506533,27.93330054456235
1213,Kabupaten Langkat,2020,V2.1,7576.248641412631,0.258966530217363,61.631404876708984,29907,0.12151006574216133,23.842975762730422
1214,Kabupaten Nias Selatan,2020,V2.1,217.90534554965356,0.018626867096161844,8.808380126953125,12768,0.012801770505409975,24.050079397191457
1215,Kabupaten Humbang Hasundutan,2020,V2.1,214.49765038490295,0.01809243969307604,5.751550197601318,12190,0.0145921974496484,27.328178404870886
1216,Kabupaten Pakpak Bharat,2020,V2.1,95.321510098261,0.01538222065248485,6.313247203826904,6431,0.010382862928743198,26.76671876977597
1217,Kabupaten Samosir,2020,V2.1,100.73197028929108,0.017370247106059694,3.8779399394989014,6194,0.014050161857161297,27.460336373466358
1218,Kabupaten Serdang Bedagai,2020,V2.1,5541.421294906211,0.6091970595150539,17.920194625854492,9491,0.28857592575108343,29.966772419983393
1219,Kabupaten Batu Bara,2020,V2.1,3463.0312425403026,0.8097270783626129,32.029930114746094,4589,0.3887056532252074,30.44495273620207
1220,Kabupaten Padang Lawas Utara,2020,V2.1,253.15107226652256,0.01366629789674628,5.831705093383789,19187,0.010469231231724578,26.530436603270935
1221,Kabupaten Padang Lawas,2020,V2.1,287.15834674215785,0.016018579141161463,4.109403133392334,18344,0.012764045415745887,21.752921830612813
1222,Kabupaten Labuhan Batu Selatan,2020,V2.1,1672.8474693294834,0.11593572373220296,9.940667152404785,14865,0.0799028324852375,30.406881901735066
1223,Kabupaten Labuhan Batu Utara,2020,V2.1,1073.4637606534302,0.0640917252502715,10.042573928833008,17197,0.04634764869077476,30.392428542428757
1224,Kabupaten Nias Utara,2020,V2.1,34.87621448659429,0.006192289777812274,2.1763570308685303,5959,0.005830619595588671,25.42529684008827
1225,Kabupaten Nias Barat,2020,V2.1,38.560476660728455,0.01806512821600752,2.032787799835205,2381,0.017334063317557838,26.571415973426625
1271,Kota Sibolga,2020,V2.1,321.63022484171626,6.351898027775527,21.806020736694336,75,0.9311493184634446,25.193618339529095
1272,Kota Tanjung Balai,2020,V2.1,1113.4471688950766,3.905864774713448,21.67278289794922,331,0.8493252445214812,33.177637461653816
1273,Kota Pematang Siantar,2020,V2.1,1686.3586367284554,4.712563861542532,27.700923919677734,430,0.8347506849315071,25.80519452054794
1274,Kota Tebing Tinggi,2020,V2.1,1272.810235067676,6.819342576788686,30.19339370727539,245,0.9956508036558462,33.658682634730546
1275,Kota Medan,2020,V2.1,32196.51422767219,24.25897696479219,87.60587310791016,1524,0.9725442919783946,25.963041756787106
1276,Kota Binjai,2020,V2.1,2985.5855501707865,6.7492093694575495,27.69478988647461,521,0.8646300597507136,28.546586053438773
1277,Kota Padangsidimpuan,2020,V2.1,940.1124482912176,1.4931063380248788,17.413288116455078,702,0.4812371930217928,30.8858972203018
1278,Kota Gunungsitoli,2020,V2.1,431.0477134382023,0.29553663363144494,18.9721736907959,1619,0.1333632677643819,22.67289553779805
1301,Kabupaten Kepulauan Mentawai,2020,V2.1,61.77813010613124,0.002199667591033322,2.752519130706787,29823,0.0017701032809255993,26.48160618755614
1302,Kabupaten Pesisir Selatan,2020,V2.1,1468.7789383613597,0.05142522839743886,20.88947868347168,29307,0.03295900452124615,25.16999729101438
1303,Kabupaten Solok,2020,V2.1,635.4048514370825,0.04183266316773917,8.71609115600586,15730,0.030232773690911055,21.54413028655288
1304,Kabupaten Sijunjung,2020,V2.1,583.8344034254551,0.04066769799944359,6.681718826293945,14733,0.03205442691232277,20.438039835709674
1305,Kabupaten Tanah Datar,2020,V2.1,736.1404676318168,0.11960779293227432,9.25821304321289,6481,0.08597208664558047,25.880639952900054
1306,Kabupaten Padang Pariaman,2020,V2.1,1782.8986088445372,0.28130894867534884,23.822582244873047,6613,0.15441207408195745,27.28211942411501
1307,Kabupaten Agam,2020,V2.1,1471.1622558049119,0.14048863299859612,10.490377426147461,10825,0.08170102426808694,27.824375715510243
1308,Kabupaten Lima Puluh Kota,2020,V2.1,406.17133807902246,0.026111137466735327,3.768854856491089,16055,0.021796741228362088,23.894051854361674
1309,Kabupaten Pasaman,2020,V2.1,250.09442662503204,0.01358019849402594,9.678311347961426,18900,0.0093592396086291,25.01006429153674
1310,Kabupaten Solok Selatan,2020,V2.1,401.7488914306741,0.02377378976663916,11.562061309814453,17352,0.01680591144802351,21.933171091233238
1311,Kabupaten Dharmasraya,2020,V2.1,1312.9457583316398,0.092987254673251,9.075146675109863,14668,0.07147662023060095,21.52260543379182
1312,Kabupaten Pasaman Barat,2020,V2.1,884.653612419437,0.05057951748570785,12.832399368286133,17991,0.03541268688173201,27.944399826010535
1371,Kota Padang,2020,V2.1,10138.073772388816,3.1587299289729875,48.39613723754883,3447,0.4181735096214354,25.25602584451018
1372,Kota Solok,2020,V2.1,869.61282514661,3.052365076083436,22.663116455078125,342,0.611350465938967,24.34095445222921
1373,Kota Sawahlunto,2020,V2.1,425.1639052483381,0.3808066505738479,10.48757266998291,1217,0.2511986175066649,26.193816011773666
1374,Kota Padang Panjang,2020,V2.1,440.5948710365623,4.455218182025674,17.461345672607422,127,0.9516615116186852,28.29221191212627
1375,Kota Bukittinggi,2020,V2.1,730.9543152608122,6.5714761807751785,30.9052677154541,140,0.9170074742631505,22.34663658158229
1376,Kota Payakumbuh,2020,V2.1,600.1993859440673,1.70418157885888,9.14110279083252,408,0.6741306550568429,26.814940596154063
1377,Kota Pariaman,2020,V2.1,884.2723309248101,2.9242568329117695,20.05199432373047,367,0.8205291142523664,25.96789002723381
1401,Kabupaten Kuantan Singingi,2020,V2.1,763.7111108675307,0.030892208080383166,8.49612808227539,25264,0.020754878602043763,24.846355047382165
1402,Kabupaten Indragiri Hulu,2020,V2.1,2332.3072727170643,0.062263156370197976,10.695622444152832,37963,0.04157072264678085,33.818506595103365
1403,Kabupaten Indragiri Hilir,2020,V2.1,2915.621579901261,0.046385092584442005,26.27463722229004,64213,0.027059174154838293,45.72820646172717
1404,Kabupaten Pelalawan,2020,V2.1,7019.188055356226,0.11479836571968628,123.85134887695312,62262,0.0422603187455008,40.44898389032474
1405,Kabupaten Siak,2020,V2.1,13699.620035996271,0.3743458259662131,253.41036987304688,37419,0.09431986919017855,43.32442125880341
1406,Kabupaten Kampar,2020,V2.1,12005.369943280431,0.23900637615943404,283.4327697753906,51172,0.09351001484533784,29.670663028003887
1407,Kabupaten Rokan Hulu,2020,V2.1,2203.2316777277224,0.06501150298123282,46.00846862792969,34585,0.03952930356432452,28.03142890270424
1408,Kabupaten Bengkalis,2020,V2.1,13747.768669384133,0.3452299824654237,216.88198852539062,40841,0.10601297438359367,43.501363467385524
1409,Kabupaten Rokan Hilir,2020,V2.1,4269.34308595038,0.09937329891501331,148.5865020751953,43852,0.05050247442308111,36.75894517840975
1410,Kabupaten Kepulauan Meranti,2020,V2.1,1244.0642973112122,0.07303484016353115,84.65026092529297,17796,0.032467767174513655,48.500501078475594
1471,Kota Pekanbaru,2020,V2.1,17315.651151574133,5.914583679240716,80.6152114868164,3091,0.6675409186075011,36.85399233533765
1473,Kota Dumai,2020,V2.1,11124.492416445648,1.0466745698337476,774.6216430664062,10994,0.14766666937244788,41.64174469771373
1501,Kabupaten Kerinci,2020,V2.1,541.1681921198087,0.03396941351908601,4.061686992645264,16358,0.025678807881812236,24.368095488005178
1502,Kabupaten Merangin,2020,V2.1,856.898235522532,0.024670599052783713,13.615029335021973,35411,0.013730510892832084,23.413083095378227
1503,Kabupaten Sarolangun,2020,V2.1,1906.3314459067933,0.0693374878536405,53.39649200439453,28120,0.03084634424342734,24.800162091684488
1504,Kabupaten Batang Hari,2020,V2.1,2283.952610493875,0.08928213717375265,127.28443908691406,26174,0.049186982522462064,32.749400067144684
1505,Kabupaten Muaro Jambi,2020,V2.1,6016.2672201407895,0.23714987307924085,136.05104064941406,26040,0.0936645361307927,35.4390806274992
1506,Kabupaten Tanjung Jabung Timur,2020,V2.1,2746.406334129151,0.11851133608187024,116.94152069091797,23695,0.0286376521024134,39.356006838569535
1507,Kabupaten Tanjung Jabung Barat,2020,V2.1,11515.910684063978,0.4992215125745286,795.2816772460938,23500,0.08313809984677677,38.55460091702636
1508,Kabupaten Tebo,2020,V2.1,1143.2338433068173,0.03896636905602403,9.499706268310547,29931,0.028794582648639138,29.097080883605088
1509,Kabupaten Bungo,2020,V2.1,1786.5612742535625,0.08132440299701645,16.82341766357422,22477,0.04718807324055091,23.682122249427156
1571,Kota Jambi,2020,V2.1,7518.423945314275,9.377619817921486,119.17684173583984,892,0.9470368413844376,33.549725108098066
1572,Kota Sungai Penuh,2020,V2.1,950.307542296718,0.5752671801105368,21.09351348876953,1758,0.16880437750002963,24.761559187646164
1601,Kabupaten Ogan Komering Ulu,2020,V2.1,2237.7708231345114,0.12336520629869299,43.104820251464844,18606,0.04964104785877217,33.441341099766156
1602,Kabupaten Ogan Komering Ilir,2020,V2.1,6397.913274002659,0.07606358401462494,54.77070617675781,85293,0.04609791028264695,44.29973073474068
1603,Kabupaten Muara Enim,2020,V2.1,13480.652181052927,0.42585305004237334,216.8815155029297,32649,0.10350054985085207,31.805696075748475
1604,Kabupaten Lahat,2020,V2.1,4017.3747184069703,0.20240598956738842,149.34048461914062,20451,0.07393209525047688,26.834661525397028
1605,Kabupaten Musi Rawas,2020,V2.1,3471.657936845224,0.1172056629956894,215.00997924804688,30171,0.035922330225626194,26.858728078868246
1606,Kabupaten Musi Banyuasin,2020,V2.1,11853.477888911377,0.1715263715414969,347.48175048828125,70102,0.058560282192793724,37.0398408920216
1607,Kabupaten Banyu Asin,2020,V2.1,6845.58753160261,0.1316526754170909,75.5545425415039,53475,0.05743190883332694,38.01940604943588
1608,Kabupaten Ogan Komering Ulu Selatan,2020,V2.1,217.90681267263844,0.010968985542249995,4.086524486541748,20372,0.00886323253830275,32.18401961088158
1609,Kabupaten Ogan Komering Ulu Timur,2020,V2.1,4470.344555409518,0.28063455957529965,11.764248847961426,16376,0.20451669017314372,39.621692855319345
1610,Kabupaten Ogan Ilir,2020,V2.1,4637.209281184393,0.4149751772924832,175.05072021484375,11603,0.1515325280571604,34.748630656176154
1611,Kabupaten Empat Lawang,2020,V2.1,163.1695656478405,0.014555832161179283,3.9147331714630127,11546,0.011240054755473712,25.20566186710847
1612,Kabupaten Penukal Abab Lematang Ilir,2020,V2.1,3616.478897820384,0.4011590690556634,356.9720458984375,9330,0.11391551579837515,36.576241363050286
1613,Kabupaten Musi Rawas Utara,2020,V2.1,907.6453010914372,0.033211881708693484,107.43745422363281,27900,0.014556001697834284,20.39562136114307
1671,Kota Palembang,2020,V2.1,18275.2106659223,10.610099972019071,75.5545425415039,1854,0.9124131132163537,30.757472889502154
1672,Kota Prabumulih,2020,V2.1,4184.707701792789,2.19631264964632,185.13046264648438,2037,0.4491273206273413,35.21120693203804
1673,Kota Pagar Alam,2020,V2.1,568.4131333866541,0.2051025390140283,9.886669158935547,2926,0.09449169870538573,25.543643173807148
1674,Kota Lubuklinggau,2020,V2.1,1634.5664933506182,0.9508279667961037,15.206461906433105,1852,0.28691288181216806,21.9090060907453
1701,Kabupaten Bengkulu Selatan,2020,V2.1,243.14176281760717,0.042231404405532386,7.85825777053833,5985,0.019890622690512904,26.296411963798842
1702,Kabupaten Rejang Lebong,2020,V2.1,727.6454011379503,0.10302980918767984,11.273720741271973,7341,0.045327666634646206,21.551729633173075
1703,Kabupaten Bengkulu Utara,2020,V2.1,499.33271872319426,0.024017402268389092,10.195039749145508,21360,0.016777306931574556,24.077577078168982
1704,Kabupaten Kaur,2020,V2.1,167.41477616931886,0.014034682671366623,3.8754355907440186,12274,0.011339319910382173,31.300616245946085
1705,Kabupaten Seluma,2020,V2.1,215.27033457639172,0.01870506933293212,5.932301998138428,11828,0.01463927087830514,26.695508140670853
1706,Kabupaten Mukomuko,2020,V2.1,402.0078544894855,0.020149022984064645,6.58535623550415,20363,0.016087651549592935,25.640188250426384
1707,Kabupaten Lebong,2020,V2.1,125.3634846508503,0.016060016953393354,2.9007928371429443,8117,0.013195084284762626,24.107777187198895
1708,Kabupaten Kepahiang,2020,V2.1,307.82984133923753,0.09303632667414019,6.2424635887146,3473,0.062002797136490775,26.32556772388945
1709,Kabupaten Bengkulu Tengah,2020,V2.1,479.8862368683604,0.09797140734497939,19.238666534423828,5084,0.05786246805567116,22.426601699854583
1771,Kota Bengkulu,2020,V2.1,3776.2125109399067,4.3130232206541015,59.76604461669922,978,0.854390805421433,21.097114600782927
1801,Kabupaten Lampung Barat,2020,V2.1,421.1742739377653,0.0370438954701806,4.689924716949463,11819,0.03177962009459005,40.483442258130424
1802,Kabupaten Tanggamus,2020,V2.1,2387.799693728663,0.1831061496399937,14.61512565612793,13681,0.12495410234102876,47.66639671876474
1803,Kabupaten Lampung Selatan,2020,V2.1,15914.377360498913,1.5624851918152007,25.051559448242188,10822,0.7060018457977294,51.607335602142406
1804,Kabupaten Lampung Timur,2020,V2.1,8648.54641248304,0.4703212915217839,311.2228698730469,18901,0.38616055862426146,53.58671158226613
1805,Kabupaten Lampung Tengah,2020,V2.1,12386.010003585801,0.5713388447103457,25.59152603149414,22339,0.37950209157716236,50.6058073940079
1806,Kabupaten Lampung Utara,2020,V2.1,3987.4877913469177,0.33274463910513985,19.09140968322754,12328,0.2133561313229652,40.9806621779716
1807,Kabupaten Way Kanan,2020,V2.1,3365.2114615565415,0.19636772517612514,9.456157684326172,17593,0.16628840666268513,39.029484600721744
1808,Kabupaten Tulangbawang,2020,V2.1,3989.2685400484834,0.27486914070718543,15.155905723571777,14988,0.20040201021318862,46.61391996165254
1809,Kabupaten Pesawaran,2020,V2.1,4197.9981413939395,0.6573590708182877,25.201969146728516,6921,0.4012815710452145,51.707749605458
1810,Kabupaten Pringsewu,2020,V2.1,2636.6186553868592,0.9294520883139318,18.50741195678711,3050,0.5167079088156823,53.43907267373541
1811,Kabupaten Mesuji,2020,V2.1,1624.5815653476059,0.15916426762069047,14.441520690917969,10601,0.12556535877902497,46.21093280548589
1812,Kabupaten Tulang Bawang Barat,2020,V2.1,2501.008433629135,0.4080050300813116,18.332704544067383,6465,0.34237939596100325,46.16059000288529
1813,Kabupaten Pesisir Barat,2020,V2.1,217.71861911369302,0.01725971810744939,9.273004531860352,13162,0.014351013185510207,42.020693040588625
1871,Kota Bandar Lampung,2020,V2.1,12739.509715451451,15.420206851664313,61.38019943237305,941,0.998927232164048,50.0710400151896
1872,Kota Metro,2020,V2.1,1782.7564744792726,4.8750458546526545,25.56795883178711,441,0.9867132792141642,46.84831261863146
1901,Kabupaten Bangka,2020,V2.1,2592.9496585258075,0.18360137498544435,20.228694915771484,14583,0.10990777754205988,45.39572297941962
1902,Kabupaten Belitung,2020,V2.1,2183.940704644135,0.2017464297767205,24.553913116455078,11712,0.10779374153208578,45.30956629788227
1903,Kabupaten Bangka Barat,2020,V2.1,789.8700542934968,0.05842081621167848,8.154081344604492,13930,0.041247617970293166,46.11046990883756
1904,Kabupaten Bangka Tengah,2020,V2.1,1386.2960501892894,0.13923826735863332,12.756911277770996,10476,0.08289964011307453,41.13894620917392
1905,Kabupaten Bangka Selatan,2020,V2.1,696.4051970188525,0.040109245900174055,7.281123161315918,18042,0.027839017628720222,45.8075736348194
1906,Kabupaten Belitung Timur,2020,V2.1,826.5792213521752,0.06911836606467148,9.244298934936523,12594,0.04894117693353512,45.39913258423141
1971,Kota Pangkalpinang,2020,V2.1,2634.8596043788925,5.371804561323167,27.718446731567383,563,0.8797140961167921,39.93388072947065
2101,Kabupaten Karimun,2020,V2.1,3826.7413456364,0.8902662381806039,156.4164581298828,5442,0.22277935002162258,50.209536920968795
2102,Kabupaten Bintan,2020,V2.1,4306.417207009068,0.690151347976791,472.9744567871094,7337,0.3214675144376446,40.888043450252745
2103,Kabupaten Natuna,2020,V2.1,383.184823141963,0.041156523173553505,6.448638916015625,10360,0.02719110219660943,53.773768311220955
2104,Kabupaten Lingga,2020,V2.1,308.8834480093975,0.029963073345796707,8.578157424926758,12550,0.018831799965382718,53.21986118851399
2105,Kabupaten Kepulauan Anambas,2020,V2.1,148.97203039795744,0.05005741013996727,7.553647994995117,4374,0.03946574320780729,53.16834939635222
2171,Kota Batam,2020,V2.1,22442.109566871324,4.777440182885249,175.86009216308594,6288,0.45325482712187726,40.50323449932254
2172,Kota Tanjung Pinang,2020,V2.1,3249.2289746677175,4.683977073679652,27.10085678100586,836,0.84478011883024,43.753554448784854
3101,Kabupaten Kepulauan Seribu,2020,V2.1,86.97493218300392,1.9710813816802348,226.54806518554688,280,0.4817810167081406,49.10549235691437
3171,Kota Jakarta Selatan,2020,V2.1,19455.841488568916,28.499931522958388,97.56847381591797,764,1.0,52.9662049988798
3172,Kota Jakarta Timur,2020,V2.1,22332.26852454015,25.731210006315575,105.7993392944336,987,1.0,54.03411411737065
3173,Kota Jakarta Pusat,2020,V2.1,11295.413348515827,50.172979443135745,111.20726776123047,274,1.0,55.29596920289857
3174,Kota Jakarta Barat,2020,V2.1,17825.1703417909,30.23828124771608,65.45599365234375,664,1.0,55.949274880255516
3175,Kota Jakarta Utara,2020,V2.1,22115.784864752906,33.46263700965982,154.25318908691406,779,1.0,57.15998742078655
3201,Kabupaten Bogor,2020,V2.1,39489.75977988538,2.8012663821984307,25.214252471923828,14637,0.6211396968311962,52.47135040613249
3202,Kabupaten Sukabumi,2020,V2.1,6924.849997188998,0.3527159439915184,13.16112995147705,20130,0.20447351479576437,44.26786059201432
3203,Kabupaten Cianjur,2020,V2.1,6321.427796255493,0.3732448967221216,17.136886596679688,17511,0.17141306441813245,51.47561049591736
3204,Kabupaten Bandung,2020,V2.1,17931.12860400373,2.167906484568398,23.743961334228516,8663,0.5978638778009522,56.259108768512824
3205,Kabupaten Garut,2020,V2.1,6808.622045468934,0.46722521543307804,16.92510223388672,15013,0.2590343645737408,53.693155072500375
3206,Kabupaten Tasikmalaya,2020,V2.1,4818.142348372471,0.3788337125911197,8.557539939880371,13196,0.239712183809661,48.25282677716725
3207,Kabupaten Ciamis,2020,V2.1,3082.3522299718607,0.41019015848312307,8.15489673614502,7895,0.23903810907512024,44.107158811471145
3208,Kabupaten Kuningan,2020,V2.1,6325.515528452862,1.1319216484274417,14.4095458984375,5834,0.5785766615953783,48.73546612809961
3209,Kabupaten Cirebon,2020,V2.1,14931.582870404389,2.966703753735594,73.1760482788086,5381,0.8681111304170307,51.04470056387999
3210,Kabupaten Majalengka,2020,V2.1,6617.214865785487,1.0474650873536164,36.3394889831543,6616,0.6181856781840518,55.92926370965286
3211,Kabupaten Sumedang,2020,V2.1,5980.200469410073,0.8150355739421667,21.213146209716797,7620,0.41911862167454816,56.64776293623172
3212,Kabupaten Indramayu,2020,V2.1,16879.98340414003,1.7206887271095113,187.91920471191406,10203,0.6752142867993257,57.7170602753329
3213,Kabupaten Subang,2020,V2.1,15643.391832358815,1.5301244015203173,163.6217498779297,10559,0.7278172012489357,60.03570666891699
3214,Kabupaten Purwakarta,2020,V2.1,7924.131956457617,1.7013179676809462,24.459455490112305,4884,0.5821407612534828,57.76992992332228
3215,Kabupaten Karawang,2020,V2.1,30884.984922893844,3.4281278207661714,173.53822326660156,9382,0.7707894425272754,60.53567560791303
3216,Kabupaten Bekasi,2020,V2.1,48328.2997186352,8.099156107039585,92.41041564941406,6282,0.8780905688401393,59.720121187824645
3217,Kabupaten Bandung Barat,2020,V2.1,7702.021271821566,1.2803596871843117,19.764822006225586,6352,0.46573630534382976,57.599585646524396
3218,Kabupaten Pangandaran,2020,V2.1,1057.0821586608888,0.19760630805709156,11.721455574035645,5647,0.1576475728425799,44.30139226716989
3271,Kota Bogor,2020,V2.1,7059.480409996182,13.406073164648697,25.916765213012695,606,1.0,51.22520107238606
3272,Kota Sukabumi,2020,V2.1,1115.369234530131,4.840600350684744,16.60878562927246,281,0.9998808652586074,49.981823442313285
3273,Kota Bandung,2020,V2.1,13349.284106560313,16.87194844925321,45.36334228515625,896,1.0,61.97794893908074
3274,Kota Cirebon,2020,V2.1,2199.406829840062,11.717303700182091,27.25368309020996,237,1.0,50.986420139977035
3275,Kota Bekasi,2020,V2.1,22809.10753191779,22.637594463278372,51.44281768798828,1134,1.0,56.932297261532206
3276,Kota Depok,2020,V2.1,14224.5224489586,15.131713157807889,38.57927703857422,1046,1.0,50.91854809104258
3277,Kota Cimahi,2020,V2.1,2586.6362077395124,13.316755829148931,23.37812042236328,239,1.0,61.36324725929217
3278,Kota Tasikmalaya,2020,V2.1,4631.431004582429,5.342266730757312,18.853403091430664,973,0.9248609037861308,46.223576242819014
3279,Kota Banjar,2020,V2.1,829.7653633510362,1.3500556231824397,8.57812786102295,704,0.6741148621488322,42.37010215214991
3301,Kabupaten Cilacap,2020,V2.1,10374.152613707502,0.9372683246590352,325.56427001953125,11511,0.3609565674284235,45.259745109508856
3302,Kabupaten Banyumas,2020,V2.1,7312.213733881127,1.1150560107902852,19.892913818359375,6832,0.4904396322006249,49.167257698766164
3303,Kabupaten Purbalingga,2020,V2.1,2357.9362631025265,0.6189070272031906,14.119946479797363,4006,0.32318485984175144,51.062840385421026
3304,Kabupaten Banjarnegara,2020,V2.1,2514.7127721031507,0.4638949685972384,14.7491455078125,5719,0.2988401391572577,51.646530002799594
3305,Kabupaten Kebumen,2020,V2.1,2728.2242162969765,0.4343001603463234,11.392422676086426,6523,0.30696537383238837,52.38813994297954
3306,Kabupaten Purworejo,2020,V2.1,2070.154149437184,0.4023666161619757,12.244924545288086,5350,0.2986735123986155,54.555570630529395
3307,Kabupaten Wonosobo,2020,V2.1,2191.4792491018766,0.4673206790378909,12.910849571228027,4928,0.30086025299984753,53.600762996828195
3308,Kabupaten Magelang,2020,V2.1,3863.9366837730586,0.7239015550356475,12.375709533691406,5592,0.45200506648289396,58.2674751782012
3309,Kabupaten Boyolali,2020,V2.1,8486.379060727239,1.6585655427944852,17.059675216674805,5539,0.7511944743776244,56.93624105006448
3310,Kabupaten Klaten,2020,V2.1,9926.549834736543,2.999106889813624,14.963523864746094,3501,0.9324698344091523,55.78662761490411
3311,Kabupaten Sukoharjo,2020,V2.1,8820.436790708716,3.788726156986964,24.35641098022461,2512,0.974097924903017,55.47363048484064
3312,Kabupaten Wonogiri,2020,V2.1,5843.311277246709,0.6434236614370596,15.751968383789062,9425,0.5155993204957584,62.28371288441264
3313,Kabupaten Karanganyar,2020,V2.1,8647.056771090916,2.279302457438211,22.583709716796875,4036,0.8245133093722248,60.25519097044546
3314,Kabupaten Sragen,2020,V2.1,9149.505454969301,1.984173287469734,20.639270782470703,4864,0.8977197251049658,61.05001075801943
3315,Kabupaten Grobogan,2020,V2.1,9453.659179780647,0.9876586221289465,21.265949249267578,9974,0.6576520215043717,60.35523347615499
3316,Kabupaten Blora,2020,V2.1,6579.037427202042,0.7160977798260952,51.21760559082031,9509,0.47553177367162763,67.73460894418706
3317,Kabupaten Rembang,2020,V2.1,6029.254653314282,1.2315591236638879,37.748451232910156,5127,0.7263536489143977,66.21166386971969
3318,Kabupaten Pati,2020,V2.1,12037.570670887642,1.6155431867267096,20.391990661621094,7760,0.7583848676073532,59.17378462445325
3319,Kabupaten Kudus,2020,V2.1,7143.213067104069,3.4816702131824946,24.251602172851562,2234,0.8794531073791895,57.588328166155094
3320,Kabupaten Jepara,2020,V2.1,8926.874705483391,1.8534586557166717,61.982383728027344,5222,0.7612446210403336,57.728005601853205
3321,Kabupaten Demak,2020,V2.1,10000.391044873577,2.1174444163038197,28.526823043823242,5016,0.8339415558373168,55.02587748032309
3322,Kabupaten Semarang,2020,V2.1,7595.897035276888,1.6044067520843337,21.466039657592773,5078,0.722265340590472,55.894658283020085
3323,Kabupaten Temanggung,2020,V2.1,2288.9718100573496,0.5561224881923922,9.710813522338867,4312,0.3525463357746579,55.48555356637553
3324,Kabupaten Kendal,2020,V2.1,6803.567256835278,1.440999142409689,28.949766159057617,5011,0.6196361516093104,52.67472671502367
3325,Kabupaten Batang,2020,V2.1,5838.935507986765,1.4415449713290391,85.70191192626953,4237,0.6455033063212217,53.504231897528236
3326,Kabupaten Pekalongan,2020,V2.1,5379.082491680159,1.2784956638736482,13.089370727539062,4426,0.4948554118606547,54.37943283234297
3327,Kabupaten Pemalang,2020,V2.1,5718.586350025502,1.0666257440697908,15.174147605895996,5620,0.5646453357051738,50.15268894753468
3328,Kabupaten Tegal,2020,V2.1,12169.432340704574,2.595052455293847,23.338207244873047,4942,0.7808509001384829,51.613981582450805
3329,Kabupaten Brebes,2020,V2.1,11442.10282735906,1.3836343749829565,22.512331008911133,8660,0.5929015700311273,48.26765407720601
3371,Kota Magelang,2020,V2.1,621.2220710688946,7.378277974968241,17.167407989501953,111,1.0,56.17438285980439
3372,Kota Surakarta,2020,V2.1,4184.19792032055,19.15807138566319,38.31505584716797,264,1.0,57.80417646741959
3373,Kota Salatiga,2020,V2.1,1572.6259356947508,6.284490348092984,20.387615203857422,297,0.9999529861622605,57.193070160317184
3374,Kota Semarang,2020,V2.1,19953.038208055732,10.974439995803104,57.61262130737305,1953,0.9862690752224319,53.94249662981937
3375,Kota Pekalongan,2020,V2.1,1808.7614370187125,8.406710406265777,18.061281204223633,252,1.0,49.40302560831131
3376,Kota Tegal,2020,V2.1,2651.4701951980605,14.43200281277093,34.88873291015625,220,1.0,44.50485602680953
3401,Kabupaten Kulon Progo,2020,V2.1,2981.7113720602842,1.0977827378938145,33.90669250488281,2889,0.5487712438872614,55.218061798036736
3402,Kabupaten Bantul,2020,V2.1,7586.321782909069,3.1173148148344456,20.525733947753906,2655,0.9114427058994152,57.084665710556365
3403,Kabupaten Gunungkidul,2020,V2.1,4245.099869600817,0.60952838387952,10.516170501708984,7244,0.49539574000373854,60.17556155417564
3404,Kabupaten Sleman,2020,V2.1,10125.975647139681,3.7310746482895483,27.03829574584961,2902,0.8634885175974883,57.883871172833516
3471,Kota Yogyakarta,2020,V2.1,3142.948237063838,20.284783610510733,56.20741653442383,193,1.0,56.228676284484955
3501,Kabupaten Pacitan,2020,V2.1,1886.1516270507786,0.28129849346242425,16.71588897705078,7015,0.22397965629050137,64.40939375932847
3502,Kabupaten Ponorogo,2020,V2.1,5275.113312025279,0.788437896117723,32.4058837890625,6972,0.49257487837758684,65.31272785885949
3503,Kabupaten Trenggalek,2020,V2.1,2043.7778908641903,0.3465681964554517,8.550275802612305,6291,0.2905951191096057,59.42630286417653
3504,Kabupaten Tulungagung,2020,V2.1,6100.580132851648,1.122211642390224,18.01002311706543,5731,0.5222747386083446,65.74694243540411
3505,Kabupaten Blitar,2020,V2.1,7487.182651259034,0.9033100362515307,11.14455795288086,8625,0.5853675846129462,73.43268317724066
3506,Kabupaten Kediri,2020,V2.1,10431.96652829659,1.4508186649277648,16.66261863708496,7541,0.7718395769522759,68.36954937738341
3507,Kabupaten Malang,2020,V2.1,18710.793246222365,1.145550243872542,24.804052352905273,16948,0.5927204383352723,73.0713240789803
3508,Kabupaten Lumajang,2020,V2.1,5277.584218805211,0.6168906543002846,14.47697639465332,8814,0.4581799262912779,76.50785859660058
3509,Kabupaten Jember,2020,V2.1,18271.353229261145,1.169093726442916,35.70047378540039,16155,0.5608363726239265,85.88606041444747
3510,Kabupaten Banyuwangi,2020,V2.1,36385.411019815496,2.1356685974234066,136.09518432617188,17582,0.4691209772127026,87.30862564962378
3511,Kabupaten Bondowoso,2020,V2.1,4461.918238926983,0.6073553532048899,24.801273345947266,7639,0.3994101475965517,91.37407371820525
3512,Kabupaten Situbondo,2020,V2.1,5923.218146228441,0.7564073282410678,25.835737228393555,8244,0.3948152952046614,90.78266656984684
3513,Kabupaten Probolinggo,2020,V2.1,9352.316519561115,1.1477797581118,84.9090576171875,8526,0.5723784836359471,83.95378012942629
3514,Kabupaten Pasuruan,2020,V2.1,16058.872862633178,2.2810695648721158,60.20547866821289,7296,0.7657596634611101,75.77352753094891
3515,Kabupaten Sidoarjo,2020,V2.1,28951.053135158265,8.453181628119749,40.66082763671875,3611,0.8786523492514965,65.2155593112435
3516,Kabupaten Mojokerto,2020,V2.1,23518.50020730447,5.116573404733527,44.007850646972656,4854,0.8557719543116894,67.65064805872454
3517,Kabupaten Jombang,2020,V2.1,10953.0128449627,2.0715125320611287,18.794095993041992,5527,0.7789014157838876,67.63395062964518
3518,Kabupaten Nganjuk,2020,V2.1,6087.604833156689,0.9996459711254023,16.612497329711914,6343,0.5681004888308177,67.74020551372315
3519,Kabupaten Madiun,2020,V2.1,5264.0804224606845,0.998306958581867,17.63972282409668,5547,0.5550866901132442,66.95320079993044
3520,Kabupaten Magetan,2020,V2.1,4255.200811429466,1.2840333173357343,14.50707721710205,3488,0.7922236830115985,63.05706269310919
3521,Kabupaten Ngawi,2020,V2.1,6765.4411865899365,1.0292818258611218,20.952533721923828,6837,0.6774629081180925,63.830543735845175
3522,Kabupaten Bojonegoro,2020,V2.1,14373.063591674492,1.3170645625568866,377.46728515625,11322,0.5934243279168514,66.2826351703659
3523,Kabupaten Tuban,2020,V2.1,15380.377282699767,1.650769766677416,979.7933959960938,9630,0.6359224179549372,65.21073178164187
3524,Kabupaten Lamongan,2020,V2.1,12192.237382899895,1.4762960989949823,35.14288330078125,8584,0.8173132443161312,65.66913094265799
3525,Kabupaten Gresik,2020,V2.1,21611.80304672812,3.6621922856303373,95.53819274902344,6374,0.8067986010463581,67.95039336433997
3526,Kabupaten Bangkalan,2020,V2.1,10855.257209168696,1.76680956952533,19.823116302490234,6379,0.9271208520747525,74.61351731040126
3527,Kabupaten Sampang,2020,V2.1,11020.099390951324,1.9064894036431905,26.100976943969727,6029,0.9462027613690563,78.58877908029892
3528,Kabupaten Pamekasan,2020,V2.1,10372.204227197872,2.7569460964571886,24.737953186035156,3948,0.9792758319843481,81.59630504824555
3529,Kabupaten Sumenep,2020,V2.1,8951.772538547482,0.9100463404143659,31.325204849243164,11132,0.6101849991388716,83.9911590791665
3571,Kota Kediri,2020,V2.1,2052.8817285895343,6.280637329665999,23.844694137573242,392,0.9954048638855895,64.81308713961775
3572,Kota Blitar,2020,V2.1,1053.5332972390977,6.67339818655066,22.63007354736328,197,1.0,73.73892739150955
3573,Kota Malang,2020,V2.1,5668.063893003557,10.913208845568272,29.948535919189453,598,1.0,68.45316782567336
3574,Kota Probolinggo,2020,V2.1,2251.153108488811,8.694870460378464,21.97727394104004,314,1.0,75.84108086820856
3575,Kota Pasuruan,2020,V2.1,1525.3885848690481,8.304491751352666,25.275739669799805,226,0.9849270906723031,70.10375968743999
3576,Kota Mojokerto,2020,V2.1,1316.7181663438387,13.851042961003214,31.406513214111328,126,1.0,66.4023761395982
3577,Kota Madiun,2020,V2.1,1803.3606099736455,11.036743520935046,30.032791137695312,203,0.9994719915518648,68.47379158066529
3578,Kota Surabaya,2020,V2.1,41459.156792542984,26.164511837535972,86.26184844970703,1718,1.0,63.559579965450865
3579,Kota Batu,2020,V2.1,2277.6898757328004,2.4576059031864674,27.965471267700195,1028,0.5424572211972988,68.5872670649764
3601,Kabupaten Pandeglang,2020,V2.1,4655.312098786761,0.35551760995536014,14.900177955627441,13811,0.21728148524387492,46.954832577039
3602,Kabupaten Lebak,2020,V2.1,4550.217427834811,0.2920488590182782,19.440767288208008,15996,0.16806486006487786,47.37430304275059
3603,Kabupaten Tangerang,2020,V2.1,37987.274423781324,7.864917600229479,60.67570877075195,5103,0.985018361681691,55.760240199863425
3604,Kabupaten Serang,2020,V2.1,16982.02292176882,2.4606788577245124,41.630157470703125,7438,0.7475006335781664,51.95610581835004
3671,Kota Tangerang,2020,V2.1,19976.903409236096,23.37745170809201,75.7381362915039,947,1.0,56.0639492994718
3672,Kota Cilegon,2020,V2.1,10578.516983776462,13.701767784791278,116.18647003173828,892,0.9835529323323545,49.63478163698612
3673,Kota Serang,2020,V2.1,6685.6271739573995,5.362532648118172,23.242067337036133,1370,0.9357534694699228,52.399693629763846
3674,Kota Tangerang Selatan,2020,V2.1,16015.40618571674,20.724500285995845,41.69875717163086,854,1.0,53.47500228359166
5101,Kabupaten Jembrana,2020,V2.1,1786.5813370032627,0.4429122785073572,13.9950532913208,4245,0.30973938286812025,86.88396816245817
5102,Kabupaten Tabanan,2020,V2.1,2795.237450100277,0.6859854694549061,8.638412475585938,4267,0.47960095008218906,88.71163292489024
5103,Kabupaten Badung,2020,V2.1,7554.268746396139,4.04163141245723,37.04798889160156,2143,0.9158519084225714,89.17183356272442
5104,Kabupaten Gianyar,2020,V2.1,3636.380484248025,2.103532342034365,11.421323776245117,1870,0.8857694427871756,89.8508798395713
5105,Kabupaten Klungkung,2020,V2.1,1415.9140748559253,0.9557768582719923,11.095521926879883,1671,0.6552106606240935,91.32937760083006
5106,Kabupaten Bangli,2020,V2.1,1109.5351704563582,0.4484910382567881,6.359858989715576,2659,0.4092655646649294,85.42337822500366
5107,Kabupaten Karangasem,2020,V2.1,1985.1662770728267,0.4998118124650191,6.9903154373168945,4179,0.4613424353485726,91.30393773400105
5108,Kabupaten Buleleng,2020,V2.1,4346.887034731869,0.7017402033301388,21.0780029296875,6607,0.4350543371600845,92.90266602177039
5171,Kota Denpasar,2020,V2.1,5712.4699316532,9.612891051325542,27.407756805419922,676,1.0,90.41481119748696
5201,Kabupaten Lombok Barat,2020,V2.1,4833.916074263521,1.106211897669291,18.75049591064453,4815,0.4578797214746158,98.25760995497613
5202,Kabupaten Lombok Tengah,2020,V2.1,5870.246418372787,1.0632313864613445,19.56761360168457,5821,0.7107380548196247,99.41766118091628
5203,Kabupaten Lombok Timur,2020,V2.1,5343.913000069067,0.7032455113736932,18.59035301208496,8024,0.4554088372613896,97.59594411390258
5204,Kabupaten Sumbawa,2020,V2.1,3770.8027723305368,0.11988385417121426,19.219463348388672,32687,0.07388090768421139,101.97226383320495
5205,Kabupaten Dompu,2020,V2.1,1256.2319364312214,0.11640467385599432,10.97720718383789,11390,0.0770517132616068,103.76122333884682
5206,Kabupaten Bima,2020,V2.1,1715.1470060326888,0.08614512158717882,6.660272121429443,21088,0.061500759398728684,98.44157750879765
5207,Kabupaten Sumbawa Barat,2020,V2.1,3475.337857824972,0.41880405289915745,41.55624771118164,8648,0.1763330957840356,100.53029793218695
5208,Kabupaten Lombok Utara,2020,V2.1,1276.2257500200872,0.33245570621328485,6.395152568817139,4052,0.28820296458233335,97.1263073481187
5271,Kota Mataram,2020,V2.1,3368.4905485302793,11.797512531077501,34.33612060546875,332,1.0,96.3841558049143
5272,Kota Bima,2020,V2.1,1105.8160162052689,1.1078231310544735,17.511417388916016,1107,0.4113884763768082,104.11025465745783
5301,Kabupaten Sumba Barat,2020,V2.1,213.91701487840393,0.06348978822008669,6.407779216766357,3618,0.04000814735065614,113.47039078185459
5302,Kabupaten Sumba Timur,2020,V2.1,728.5539320316971,0.021966613841531757,8.871578216552734,33792,0.01191661256241105,111.55964685282315
5303,Kabupaten Kupang,2020,V2.1,2178.0230423587786,0.08975382734097209,15.684281349182129,25045,0.057664434224290295,113.95908268127747
5304,Kabupaten Timor Tengah Selatan,2020,V2.1,1157.217609216886,0.06165530509710163,8.16066837310791,19181,0.03405003580134531,106.92388071957066
5305,Kabupaten Timor Tengah Utara,2020,V2.1,790.859789447574,0.06377572766145552,6.555253982543945,12826,0.035675896530317976,102.96201271091952
5306,Kabupaten Belu,2020,V2.1,1043.444074267266,0.19608276897862278,10.420129776000977,5588,0.10384688227955097,105.56509618126873
5307,Kabupaten Alor,2020,V2.1,412.8251499816484,0.029665378338559437,6.630871295928955,14659,0.01653302222428876,101.86515733691795
5308,Kabupaten Lembata,2020,V2.1,367.0870857150531,0.06163319802113311,4.186605453491211,6398,0.035151921378949805,99.58347593692041
5309,Kabupaten Flores Timur,2020,V2.1,640.8686547309744,0.07752049917598984,6.966998100280762,8871,0.04218239396766861,96.57832927835251
5310,Kabupaten Sikka,2020,V2.1,873.2834174842225,0.10888639642120111,14.813870429992676,8509,0.058960928721540976,97.38513222116494
5311,Kabupaten Ende,2020,V2.1,674.4810029351828,0.06891070984206016,10.400296211242676,10156,0.03135571183996648,97.96834900117274
5312,Kabupaten Ngada,2020,V2.1,282.0365743761554,0.03479689034518508,6.747528076171875,8405,0.02030111784605617,103.72239349884254
5313,Kabupaten Manggarai,2020,V2.1,656.5425149626008,0.10343730175327603,9.815299034118652,6683,0.05704677461108684,100.52107412256298
5314,Kabupaten Rote Ndao,2020,V2.1,500.3578685478253,0.08179917725910091,3.570352554321289,6660,0.04738907470199915,116.67674993957593
5315,Kabupaten Manggarai Barat,2020,V2.1,572.7042497349719,0.03861497180084145,8.640193939208984,16183,0.017502912524835136,99.56640397975436
5316,Kabupaten Sumba Tengah,2020,V2.1,103.75100022028474,0.012055115035922982,1.6072622537612915,8916,0.008830649736242438,115.81616528351722
5317,Kabupaten Sumba Barat Daya,2020,V2.1,366.5207876304201,0.054983810586129556,4.210724353790283,6884,0.03523188283022241,106.58252383776201
5318,Kabupaten Nagekeo,2020,V2.1,409.6965693809238,0.06127229044936126,5.726814270019531,6952,0.03712021019849803,102.20843491852187
5319,Kabupaten Manggarai Timur,2020,V2.1,244.4851039513653,0.021516970790426693,2.9523658752441406,11703,0.013816084654623759,103.40634737110946
5320,Kabupaten Sabu Raijua,2020,V2.1,238.51055580979468,0.10879282157728998,2.9040064811706543,2354,0.07467185169020082,116.81711880596592
5321,Kabupaten Malaka,2020,V2.1,599.5708719485531,0.11323801621046324,4.880320072174072,5573,0.08739417999214921,102.81184961893692
5371,Kota Kupang,2020,V2.1,5098.491081305107,6.899249246365226,31.816776275634766,831,0.8754955079254737,116.7354107077471
6101,Kabupaten Sambas,2020,V2.1,928.609685512267,0.034098230674858086,10.317388534545898,27775,0.020551056957374525,24.40474279751095
6102,Kabupaten Bengkayang,2020,V2.1,526.6332317820294,0.019978044194063484,20.374454498291016,27086,0.010351604660133755,20.945480576850244
6103,Kabupaten Landak,2020,V2.1,278.17109678609705,0.007203116128178923,4.338217258453369,39345,0.004672595876104618,20.998659474547726
6104,Kabupaten Mempawah,2020,V2.1,1779.747600262422,0.19003537364557782,15.80356216430664,9726,0.09846685571007686,21.085873918206627
6105,Kabupaten Sanggau,2020,V2.1,976.7854160352081,0.016362456854742163,9.252143859863281,60671,0.010886920625619544,18.08181278317141
6106,Kabupaten Ketapang,2020,V2.1,2545.8130319003963,0.01828231207519048,53.003936767578125,140907,0.008785239362731992,22.001024423124843
6107,Kabupaten Sintang,2020,V2.1,677.0339795901494,0.006458826056047013,7.6473846435546875,106314,0.003266980255768422,18.700865694024923
6108,Kabupaten Kapuas Hulu,2020,V2.1,257.95552372956536,0.0017712663277919102,4.606345176696777,146926,0.0011651874172899643,17.53219729961199
6109,Kabupaten Sekadau,2020,V2.1,242.3766432773249,0.009087235848744657,8.58509635925293,27224,0.005971700292277511,18.18974439576014
6110,Kabupaten Melawi,2020,V2.1,240.31104558706284,0.005122250510659384,16.370786666870117,47613,0.003112002499632628,20.065668017290786
6111,Kabupaten Kayong Utara,2020,V2.1,189.44222567198324,0.008765342788889659,4.951798439025879,22480,0.00651724553384147,20.054914117081744
6112,Kabupaten Kubu Raya,2020,V2.1,6349.248353500167,0.15790125199210683,24.428367614746094,41639,0.043642177640213276,23.290136462142662
6171,Kota Pontianak,2020,V2.1,7238.128445135843,14.287770382171209,54.63332748413086,597,0.992375098697961,26.068469291387352
6172,Kota Singkawang,2020,V2.1,1664.7607804488318,0.7889348318842786,34.27458190917969,2246,0.2646329111571591,20.534803980783686
6201,Kabupaten Kotawaringin Barat,2020,V2.1,2754.267321220449,0.07016473249550642,17.543615341186523,40013,0.03787810521760278,27.689383732776736
6202,Kabupaten Kotawaringin Timur,2020,V2.1,3225.9715886489425,0.043880639379959105,17.665197372436523,74316,0.021060790714076582,26.50984862665028
6203,Kabupaten Kapuas,2020,V2.1,1924.4921967958117,0.02376205164340879,22.191009521484375,82219,0.009628718359322212,31.060094112627286
6204,Kabupaten Barito Selatan,2020,V2.1,792.3525603240612,0.025513915651451287,21.832305908203125,31660,0.01387071225845426,36.8786119160461
6205,Kabupaten Barito Utara,2020,V2.1,2444.6318489206774,0.052577875976283446,31.92835235595703,47217,0.02158845154478122,41.28742725726717
6206,Kabupaten Sukamara,2020,V2.1,299.2014180087576,0.019454305341655608,4.731260776519775,15830,0.013724226278384745,26.529272858751415
6207,Kabupaten Lamandau,2020,V2.1,305.1497686803341,0.008903568502945424,4.0344719886779785,34772,0.007031825776861991,18.939425835492006
6208,Kabupaten Seruyan,2020,V2.1,909.0437484262037,0.011686885290755575,6.014105319976807,78958,0.007785739403999802,28.465733253170903
6209,Kabupaten Katingan,2020,V2.1,484.3339863085279,0.00533198998027914,11.268635749816895,92099,0.0036088075263653735,25.01606364238774
6210,Kabupaten Pulang Pisau,2020,V2.1,624.2948879599571,0.013682257154935352,21.644804000854492,46361,0.009029530845998108,38.486880450936795
6211,Kabupaten Gunung Mas,2020,V2.1,394.48763073823034,0.008342549563272737,15.821844100952148,47855,0.005160065702514501,22.58123072957624
6212,Kabupaten Barito Timur,2020,V2.1,658.9972449125614,0.042742788153576926,17.55276107788086,15767,0.023852073648793732,42.453196266893016
6213,Kabupaten Murung Raya,2020,V2.1,1448.6553083596277,0.012971887806063152,34.6052131652832,112784,0.005546130380135369,26.594488640914665
6271,Kota Palangka Raya,2020,V2.1,3249.5496640503407,0.2666676849981937,26.88860321044922,12532,0.06893289180239241,29.348238864377283
6301,Kabupaten Tanah Laut,2020,V2.1,3779.609263562046,0.20979094316607508,20.490562438964844,18421,0.13560809203284482,49.745176801805975
6302,Kabupaten Kotabaru,2020,V2.1,2332.8807917596077,0.05430199517747669,23.76552391052246,44704,0.029343370653799748,49.18334640941724
6303,Kabupaten Banjar,2020,V2.1,3477.879552130313,0.1570497457043055,21.990928649902344,22766,0.0830376008766431,43.92268526487361
6304,Kabupaten Barito Kuala,2020,V2.1,1830.5263163141178,0.1641508250581475,47.20728302001953,11558,0.08451451138157916,39.55235385756935
6305,Kabupaten Tapin,2020,V2.1,2411.50409072509,0.23496224078663092,20.70087432861328,10641,0.13046398785859023,42.33266415987719
6306,Kabupaten Hulu Sungai Selatan,2020,V2.1,1100.031706103624,0.13834099409141887,16.732675552368164,8258,0.07888513688459144,42.50002934421353
6307,Kabupaten Hulu Sungai Tengah,2020,V2.1,520.4867559559789,0.06680030478392224,10.79040241241455,8066,0.046455269797506554,42.12187657124566
6308,Kabupaten Hulu Sungai Utara,2020,V2.1,543.5129484216372,0.13031628687706984,13.225652694702148,4363,0.08859331248460327,39.77414356287624
6309,Kabupaten Tabalong,2020,V2.1,7301.078123712714,0.49363890364624824,510.6626892089844,15286,0.11439224166731184,45.440612461991584
6310,Kabupaten Tanah Bumbu,2020,V2.1,5761.512489717263,0.2612040294790612,24.537282943725586,22536,0.14349489489777803,47.964537278384654
6311,Kabupaten Balangan,2020,V2.1,2053.697551922705,0.23055758349308947,21.531198501586914,9203,0.0950819729869302,45.722094426435625
6371,Kota Banjarmasin,2020,V2.1,4918.0256446532185,10.727484191322622,68.6254653930664,529,0.9578118985501048,39.789743809075766
6372,Kota Banjarbaru,2020,V2.1,4443.605024988745,2.928653016665799,25.529787063598633,1636,0.6731522739255849,43.77462084009641
6401,Kabupaten Paser,2020,V2.1,4605.166427691837,0.09262725738111605,27.562753677368164,50599,0.03903175625076806,50.192273441257754
6402,Kabupaten Kutai Barat,2020,V2.1,2992.2022264028296,0.04680326681436903,12.248844146728516,64603,0.026075035724520773,51.96998508452187
6403,Kabupaten Kutai Kartanegara,2020,V2.1,30408.586265688304,0.25778928311465077,527.54931640625,120777,0.08116939191108685,57.461643677360584
6404,Kabupaten Kutai Timur,2020,V2.1,15461.62457752479,0.10502729528425823,111.24880981445312,149019,0.03946243758074907,67.60477407758744
6405,Kabupaten Berau,2020,V2.1,6491.137951345304,0.06155373892116498,31.506223678588867,107543,0.0286074024011846,69.79131773456949
6409,Kabupaten Penajam Paser Utara,2020,V2.1,2304.820943165994,0.1523129026475331,143.27601623535156,15495,0.08000783684233302,54.62759967937361
6411,Kabupaten Mahakam Ulu,2020,V2.1,20.769654721021652,2.4492735963933267E-4,2.007906913757324,86010,2.2405860355671872E-4,31.88953392897003
6471,Kota Balikpapan,2020,V2.1,8992.20084325718,3.543256279909047,111.6622085571289,2673,0.5572403839616281,54.049962296105356
6472,Kota Samarinda,2020,V2.1,10297.820641532366,3.0396180413039757,95.20106506347656,3564,0.7307658472102287,62.22027859512496
6474,Kota Bontang,2020,V2.1,7774.926565321516,10.049452691066156,351.1356506347656,930,0.7130699242213047,62.18105279164662
6501,Kabupaten Malinau,2020,V2.1,883.3274292647839,0.004724847271831245,6.939013957977295,188612,0.003605171712900209,47.98848727943047
6502,Kabupaten Bulungan,2020,V2.1,3068.9798091006046,0.051566271776137526,230.07998657226562,61555,0.01696391566110258,68.54556353651967
6503,Kabupaten Tana Tidung,2020,V2.1,500.952154020819,0.03667458842484995,15.81985855102539,14694,0.01754909791217238,63.88704968100635
6504,Kabupaten Nunukan,2020,V2.1,2137.4819883081254,0.03213290709887137,81.1642837524414,68234,0.013246135264105622,58.96970595559355
6571,Kota Tarakan,2020,V2.1,2556.924512885481,2.1753291299754385,194.98545837402344,1267,0.5205049844527784,66.74970306807418
7101,Kabupaten Bolaang Mongondow,2020,V2.1,1531.5420164555896,0.10107966349403315,14.571038246154785,15592,0.08783510800609877,78.53184381775374
7102,Kabupaten Minahasa,2020,V2.1,2442.2644276471706,0.46989090488968976,14.815892219543457,5587,0.2992705411184534,70.90795976356712
7103,Kabupaten Kepulauan Sangihe,2020,V2.1,222.3380522466173,0.07912154318677063,5.231827735900879,3272,0.05653731451593771,72.80857444691453
7104,Kabupaten Kepulauan Talaud,2020,V2.1,169.41347150457844,0.03564451165338334,3.03725266456604,5247,0.024310632188649994,68.47880245548626
7105,Kabupaten Minahasa Selatan,2020,V2.1,1216.501459751877,0.17502897171493495,9.146925926208496,7296,0.1248384182792866,78.3479828451135
7106,Kabupaten Minahasa Utara,2020,V2.1,3291.9400247425424,0.6930119700497964,21.87993621826172,5190,0.3562349180507869,67.52489022115927
7107,Kabupaten Bolaang Mongondow Utara,2020,V2.1,609.0886607936201,0.07770845995709912,9.342107772827148,8142,0.05749824137623937,69.9400962214855
7108,Kabupaten Siau Tagulandang Biaro,2020,V2.1,96.46823755537763,0.0937605791062085,2.528107166290283,1269,0.08489350673110636,63.55152764861033
7109,Kabupaten Minahasa Tenggara,2020,V2.1,826.8825951171857,0.25118149765964565,6.977611064910889,3505,0.1526684638687337,73.46717445765282
7110,Kabupaten Bolaang Mongondow Selatan,2020,V2.1,568.3932796814863,0.06747179858436081,23.96297836303711,8882,0.032174497162922165,73.36122618369855
7111,Kabupaten Bolaang Mongondow Timur,2020,V2.1,460.1847467868936,0.11189875981525317,3.653517246246338,4379,0.08183733991932791,80.43215440215889
7171,Kota Manado,2020,V2.1,3979.122141832815,5.2839459780626346,25.96465301513672,890,0.847534239441754,68.34775816278706
7172,Kota Bitung,2020,V2.1,1685.5370652921054,1.1573903475830571,33.268428802490234,1659,0.3699022250466526,61.52384863327794
7173,Kota Tomohon,2020,V2.1,878.8228456872349,1.2487661425870535,12.13533878326416,778,0.645263210685568,76.14266370216819
7174,Kota Kotamobagu,2020,V2.1,706.1939367330541,1.4130971928413383,15.301527976989746,564,0.5825433943312722,81.53239273046866
7201,Kabupaten Banggai Kepulauan,2020,V2.1,220.61924395169683,0.01993303696312205,7.771730899810791,11702,0.012922941738164537,67.83891303153936
7202,Kabupaten Banggai,2020,V2.1,7066.508248347161,0.18149773468510805,653.9617919921875,39912,0.03237289132574477,63.71565284849048
7203,Kabupaten Morowali,2020,V2.1,3945.1783142434024,0.20369578231399132,352.2524108886719,20287,0.03864107306212518,47.09027609328351
7204,Kabupaten Poso,2020,V2.1,734.9697749759637,0.02146836636211326,13.21269416809082,34854,0.011410288836288219,39.55707595755658
7205,Kabupaten Donggala,2020,V2.1,1050.8375709412144,0.04576119937107534,7.019214630126953,24222,0.033498335124752074,45.06979599685368
7206,Kabupaten Toli-toli,2020,V2.1,635.9415584641927,0.037852206301197344,10.64814567565918,17560,0.02552632776748795,61.655800605252104
7207,Kabupaten Buol,2020,V2.1,328.49042979151596,0.01816140725858161,5.674051761627197,18722,0.01357860448335912,59.92823446920556
7208,Kabupaten Parigi Moutong,2020,V2.1,1166.4007990961563,0.043116033175966684,5.711048603057861,28192,0.03705417463407888,48.24363980527116
7209,Kabupaten Tojo Una-una,2020,V2.1,498.1303990345373,0.019546934486638617,7.272942066192627,26889,0.015283366356989072,51.82859907065944
7210,Kabupaten Sigi,2020,V2.1,1758.1297567473903,0.0692056865174081,14.326422691345215,26018,0.032868615533043884,38.98859515677758
7211,Kabupaten Banggai Laut,2020,V2.1,177.06526068986628,0.05540371022755299,7.053816795349121,4032,0.03768787801074168,66.72580148400469
7212,Kabupaten Morowali Utara,2020,V2.1,280.2840496193544,0.006688919191204153,10.68791389465332,42792,0.0042887362228817665,41.03270243258926
7271,Kota Palu,2020,V2.1,4698.214700638081,2.5862011433749115,21.351396560668945,2031,0.4351498667012058,40.01290893587626
7301,Kabupaten Kepulauan Selayar,2020,V2.1,196.85199553913932,0.035658452127320835,6.173411846160889,6488,0.01984266802299317,86.52871088366766
7302,Kabupaten Bulukumba,2020,V2.1,2617.231150632863,0.47766734140812245,11.840627670288086,5741,0.40152119176005613,66.55079824276373
7303,Kabupaten Bantaeng,2020,V2.1,1033.0065793160124,0.5511028215045851,29.535871505737305,2010,0.4025494737238512,71.49111157138044
7304,Kabupaten Jeneponto,2020,V2.1,2880.0711819776143,0.7695625331690565,38.40277862548828,4030,0.5832896727763509,76.4773883721808
7305,Kabupaten Takalar,2020,V2.1,1606.206075523414,0.5965625539943734,10.79620361328125,3046,0.44548488066055875,76.76441912052809
7306,Kabupaten Gowa,2020,V2.1,6373.618710818481,0.7515562794629812,31.475675582885742,8894,0.32269878564264415,71.24076977891309
7307,Kabupaten Sinjai,2020,V2.1,452.33808249211774,0.11053061327626951,15.87204360961914,4335,0.05421112950952883,61.306848236051735
7308,Kabupaten Maros,2020,V2.1,4894.759508971957,0.7230856383712604,59.4021110534668,7066,0.3023266053090007,61.24691700609967
7309,Kabupaten Pangkajene dan Kepulauan,2020,V2.1,1659.8135258243362,0.402073623063936,21.896854400634766,4845,0.24553660487482362,63.30412929358944
7310,Kabupaten Barru,2020,V2.1,829.0944374395351,0.14866890860365203,10.236255645751953,5893,0.10351105423042306,50.316260688568896
7311,Kabupaten Bone,2020,V2.1,1786.9649494605899,0.0827922535869808,17.559005737304688,22224,0.05498969902699005,53.660851160705896
7312,Kabupaten Soppeng,2020,V2.1,671.4516182350177,0.10512069200190179,15.90118408203125,6626,0.07481047350312751,46.522888071925536
7313,Kabupaten Wajo,2020,V2.1,1083.6350778279348,0.09224562813919132,13.759427070617676,12097,0.06415470116399095,42.770689982093515
7314,Kabupaten Sidenreng Rappang,2020,V2.1,1173.8348188454029,0.12638363203857184,17.542354583740234,9672,0.08651511332300574,43.79260616946329
7315,Kabupaten Pinrang,2020,V2.1,1071.1954201736287,0.119595720700563,10.57391357421875,9297,0.09121557278178273,41.400845014306185
7316,Kabupaten Enrekang,2020,V2.1,249.80698660939348,0.029202270499281778,4.574405670166016,8834,0.024212831971188654,41.417849107255805
7317,Kabupaten Luwu,2020,V2.1,293.8969942159512,0.02163929363817043,4.600093364715576,14067,0.01669613263816161,33.82700688386302
7318,Kabupaten Tana Toraja,2020,V2.1,287.8817674706964,0.030380257098788204,8.47573184967041,9895,0.01941758019373712,35.45608593396613
7322,Kabupaten Luwu Utara,2020,V2.1,184.2593936114919,0.005198411093065876,5.531405448913574,36024,0.003623365184649454,32.0816395622355
7325,Kabupaten Luwu Timur,2020,V2.1,16563.318289570016,0.5270310286613791,1883.69287109375,32078,0.045487436606544224,37.88048071153152
7326,Kabupaten Toraja Utara,2020,V2.1,295.82344780254596,0.050976090318053606,10.733293533325195,6062,0.02616753085360225,28.42313376505513
7371,Kota Makassar,2020,V2.1,14334.994324824736,16.740200001970614,56.27048110961914,1045,0.9747712514082122,68.90028026854489
7372,Kota Parepare,2020,V2.1,955.3101522747206,2.3207462162759485,20.42122459411621,466,0.5955434037039861,50.79691906104717
7373,Kota Palopo,2020,V2.1,803.1129930198191,0.6103373444160605,20.443347930908203,1420,0.1658272287820898,24.59404783901864
7401,Kabupaten Buton,2020,V2.1,352.2717959612026,0.04534113267903233,5.874844551086426,8161,0.024671560699943675,80.85804981657468
7402,Kabupaten Muna,2020,V2.1,637.0307511614819,0.06988330825088629,10.845934867858887,9758,0.03973693980650355,74.30977974925223
7403,Kabupaten Konawe,2020,V2.1,5694.55634015331,0.23952589843153854,387.7162780761719,24652,0.06835727253143203,57.05429462252998
7404,Kabupaten Kolaka,2020,V2.1,1961.3284334822029,0.13595333813875554,63.0063591003418,15050,0.060732264438520304,57.8015332913081
7405,Kabupaten Konawe Selatan,2020,V2.1,2123.5613072615047,0.10647096489984889,19.36600685119629,20620,0.07896704070216704,67.82812482181386
7406,Kabupaten Bombana,2020,V2.1,614.0366669152882,0.03923440967313338,6.635891914367676,16335,0.025674114002267174,68.1534295296161
7407,Kabupaten Wakatobi,2020,V2.1,376.66791038191747,0.17303775678121813,5.93686056137085,2595,0.10859276900931923,82.95419243608612
7408,Kabupaten Kolaka Utara,2020,V2.1,158.34771058407483,0.010394048939861851,3.3127357959747314,15767,0.008258110418923872,47.5494483996163
7409,Kabupaten Buton Utara,2020,V2.1,99.46666459604805,0.012739269120326557,3.0256502628326416,8348,0.008822662278271972,68.82663162245879
7410,Kabupaten Konawe Utara,2020,V2.1,630.9974029862415,0.028768919705497806,145.35162353515625,22693,0.01793172598852278,56.2808273281993
7411,Kabupaten Kolaka Timur,2020,V2.1,391.59985341873823,0.02245655393973224,6.4380598068237305,17998,0.018563803686224314,54.47109800981314
7412,Kabupaten Konawe Kepulauan,2020,V2.1,83.48226006241406,0.02499615606870849,2.643615245819092,3487,0.0170715669582575,65.21656783890096
7413,Kabupaten Muna Barat,2020,V2.1,271.01082254285905,0.07101187208655804,1.8477433919906616,4222,0.05481274905311012,68.5776593580261
7414,Kabupaten Buton Tengah,2020,V2.1,405.8533463114618,0.10207810698098728,3.9539310932159424,4358,0.0692730828903879,77.74421146177417
7415,Kabupaten Buton Selatan,2020,V2.1,267.8609313066683,0.10563711727755888,3.817995309829712,2783,0.06769760406807344,80.49332195064623
7471,Kota Kendari,2020,V2.1,4061.2269816901166,3.220209330689181,35.053218841552734,1391,0.7355580569530903,71.27101847648302
7472,Kota Baubau,2020,V2.1,1435.1584309161879,1.0523262631513761,25.284807205200195,1494,0.3523354650226587,77.79277564353238
7501,Kabupaten Boalemo,2020,V2.1,906.0757040241185,0.10524136101614584,9.18995189666748,8998,0.08667942350972903,63.994242111884525
7502,Kabupaten Gorontalo,2020,V2.1,2842.448669765977,0.2807664459722233,19.79457664489746,10532,0.17018297236743835,64.77460962073003
7503,Kabupaten Pohuwato,2020,V2.1,1294.1676137156344,0.06342839566133587,7.771965980529785,20975,0.04363493716410669,65.0829872775239
7504,Kabupaten Bone Bolango,2020,V2.1,1375.0672936690785,0.1545620789607127,11.272400856018066,9159,0.08562882143614373,66.86507153918005
7505,Kabupaten Gorontalo Utara,2020,V2.1,556.2241981215336,0.06991226807384067,7.7399115562438965,8578,0.05373355914960063,62.550547420430334
7571,Kota Gorontalo,2020,V2.1,2136.6961255865945,6.76547478766477,26.106163024902344,379,0.9153411560191227,64.78252933507179
7601,Kabupaten Majene,2020,V2.1,202.03195177094605,0.048355595072649804,6.322591781616211,4470,0.02973713208723092,40.10284193196563
7602,Kabupaten Polewali Mandar,2020,V2.1,490.26648986140896,0.05015383176995906,7.73198127746582,10097,0.031940193124696606,40.89801499584781
7603,Kabupaten Mamasa,2020,V2.1,53.754462629556656,0.003862910701438442,3.346903085708618,14302,0.0028026234471789334,35.3342243299278
7604,Kabupaten Mamuju,2020,V2.1,603.4617199327431,0.02687608587599309,18.57489776611328,23117,0.010460493660269814,33.54690726168857
7605,Kabupaten Pasangkayu,2020,V2.1,206.13193770097752,0.01491913800657953,4.56697940826416,14347,0.011491708190992591,38.96578599900773
7606,Kabupaten Mamuju Tengah,2020,V2.1,89.1484823948028,0.006620877693357333,2.06794810295105,13855,0.005306811218367669,37.86636074083914
8101,Kabupaten Kepulauan Tanimbar,2020,V2.1,346.05271356760295,0.01655127590462281,5.999971389770508,22684,0.009827968351983735,95.38226873054376
8102,Kabupaten Maluku Tenggara,2020,V2.1,325.5827495881154,0.06847572742611008,8.705504417419434,5513,0.043839225108107276,55.506427878029086
8103,Kabupaten Maluku Tengah,2020,V2.1,701.2252203442304,0.018444436612980595,12.407567977905273,39281,0.013322084522046893,57.688482538933364
8104,Kabupaten Buru,2020,V2.1,707.4687755242281,0.03385505292884407,11.216617584228516,21333,0.017196020142123826,65.1207855600946
8105,Kabupaten Kepulauan Aru,2020,V2.1,181.25261382811212,0.004747366603545903,5.6423115730285645,41235,0.003000369461126017,69.24992067935678
8106,Kabupaten Seram Bagian Barat,2020,V2.1,247.18727039741538,0.010567566340534525,3.3010592460632324,24379,0.008748583550288964,57.73379245388358
8107,Kabupaten Seram Bagian Timur,2020,V2.1,588.943715818314,0.021620563133293854,41.27564239501953,28077,0.007597684775621763,57.34075058359295
8108,Kabupaten Maluku Barat Daya,2020,V2.1,608.7430583883736,0.02802441558689083,16.061965942382812,23263,0.012751215003213532,94.36641770835597
8109,Kabupaten Buru Selatan,2020,V2.1,90.59184985470539,0.004665321326423115,2.8501646518707275,19943,0.0033088127634867317,64.68748946053056
8171,Kota Ambon,2020,V2.1,2035.8002480503387,1.4640179791220236,41.152587890625,1565,0.4060892518725748,47.33283040790544
8172,Kota Tual,2020,V2.1,373.1312433203647,0.3441398248229289,12.278157234191895,1480,0.13570503685592553,57.380191115515665
8201,Kabupaten Halmahera Barat,2020,V2.1,441.63423674270217,0.04336099028926995,6.136453151702881,10823,0.03163072397475733,66.53433518533488
8202,Kabupaten Halmahera Tengah,2020,V2.1,939.4780822687874,0.0886503419128845,46.35780334472656,11460,0.027007674716361136,61.91876383040134
8203,Kabupaten Kepulauan Sula,2020,V2.1,208.38733478620938,0.02489929019472099,6.943599700927734,9039,0.015911267634672013,67.38162910913397
8204,Kabupaten Halmahera Selatan,2020,V2.1,3505.0075714816057,0.09190186982951859,652.6041870117188,41313,0.01644179020990527,61.2286584325073
8205,Kabupaten Halmahera Utara,2020,V2.1,1256.5654716222896,0.07719772116806556,31.392311096191406,17093,0.04103577834555417,64.85235990599163
8206,Kabupaten Halmahera Timur,2020,V2.1,716.0330904111557,0.023660690696813196,34.82809829711914,31112,0.013284647450878604,66.78142007603262
8207,Kabupaten Pulau Morotai,2020,V2.1,459.9764652108447,0.041936784349079735,14.277843475341797,11400,0.02351619135879275,66.17760332422336
8208,Kabupaten Pulau Taliabu,2020,V2.1,236.7963307505729,0.016918805438678925,13.547569274902344,14700,0.00891820685454237,69.17216658713919
8271,Kota Ternate,2020,V2.1,1287.9620898564656,1.7008655431153348,24.368593215942383,893,0.35899241827899075,61.8668486141608
8272,Kota Tidore Kepulauan,2020,V2.1,599.748075920343,0.07613767060244093,9.120067596435547,8329,0.046630762383542565,62.775851631474296
9101,Kabupaten Fakfak,2020,V2.1,273.9719762123682,0.005322185433040212,12.392317771911621,52768,0.002229573976688623,45.09506035893346
9102,Kabupaten Kaimana,2020,V2.1,161.20777545162272,0.0021283284393095727,7.902680397033691,77980,0.0014602882367194287,31.98950880884385
9103,Kabupaten Teluk Wondama,2020,V2.1,112.31645762645731,0.003725550750190676,4.47599983215332,31380,0.0023320547876780396,33.51041886581326
9104,Kabupaten Teluk Bintuni,2020,V2.1,2571.5400225064914,0.026465156019395888,320.3758239746094,98779,0.0034657531421441483,41.143431602116856
9105,Kabupaten Manokwari,2020,V2.1,1631.0071753901593,0.17827178638105234,17.677066802978516,9651,0.07405980215114226,57.58231722084034
9111,Kabupaten Manokwari Selatan,2020,V2.1,129.31106047209573,0.011624564284155127,3.417222499847412,11530,0.009354133300806212,48.751512282103235
9112,Kabupaten Pegunungan Arfak,2020,V2.1,4.373395591974258,2.844294139372093E-4,0.6853578686714172,15800,3.2518143849046466E-4,56.18555439482079
9201,Kabupaten Raja Ampat,2020,V2.1,150.20698142717865,0.004117634123692976,4.636428356170654,40498,0.002434495400141019,40.61677305624413
9202,Kabupaten Sorong,2020,V2.1,2933.941746359771,0.08039171717114454,243.30995178222656,37332,0.020805961851295202,37.76603103400883
9203,Kabupaten Sorong Selatan,2020,V2.1,95.92061583697796,0.003630238171580976,3.682925224304199,27057,0.002687085648202087,35.77735896213934
9204,Kabupaten Maybrat,2020,V2.1,5.13094687461853,3.3187529104027866E-4,0.9117234349250793,15814,3.2340550306803994E-4,39.830003102156226
9205,Kabupaten Tambrauw,2020,V2.1,22.160522484954665,4.0347496895279763E-4,2.4332692623138428,55547,3.4593157337819145E-4,52.53282401543378
9271,Kota Sorong,2020,V2.1,1537.1411249590856,1.1056479290543657,16.883535385131836,1552,0.25988316498221514,36.04959141592641
9403,Kabupaten Jayapura,2020,V2.1,1428.7325872759607,0.02125090984913139,20.784337997436523,68160,0.00988219999501868,39.07766049774565
9408,Kabupaten Kepulauan Yapen,2020,V2.1,547.3925583611517,0.048057674807652,38.85285568237305,12381,0.012265655098427202,33.093142684211244
9409,Kabupaten Biak Numfor,2020,V2.1,1668.8287952600153,0.15841583281916874,18.159103393554688,11196,0.06268787507542911,57.16947518383135
9419,Kabupaten Sarmi,2020,V2.1,73.46206937362166,0.0011172579798989241,3.664011240005493,66966,9.94585247931804E-4,39.02220550531208
9420,Kabupaten Keerom,2020,V2.1,434.1524344495114,0.010200455674567007,6.242770671844482,43144,0.007915085200610409,40.69618916818686
9426,Kabupaten Waropen,2020,V2.1,42.813434170975405,8.464785449354439E-4,2.290348768234253,51389,8.044993034676662E-4,25.891758712546796
9427,Kabupaten Supiori,2020,V2.1,86.66553400264065,0.027628023396207763,3.982785701751709,3513,0.021138839507839725,62.64653545059277
9428,Kabupaten Mamberamo Raya,2020,V2.1,6.5122963190078735,4.810424247526999E-5,1.0085742473602295,136762,5.909343201704742E-5,34.373865779060154
9471,Kota Jayapura,2020,V2.1,3395.4905091254172,0.9558933186579213,31.940107345581055,3778,0.20698563262169903,46.73717655734922
9501,Kabupaten Merauke,2020,V2.1,1790.6405565924501,0.00861578271553677,13.908244132995605,210191,0.004397222847935277,57.84718087788371
9502,Kabupaten Boven Digoel,2020,V2.1,184.37863294780254,0.0016570018662793633,3.916984796524048,112099,0.0011862776225854577,23.64017757370703
9503,Kabupaten Mappi,2020,V2.1,120.65704989433289,9.92124724082372E-4,2.4036567211151123,122656,8.387137091867106E-4,36.86443210246533
9504,Kabupaten Asmat,2020,V2.1,31.264767289161682,2.6584520715915735E-4,1.6069086790084839,118590,2.3808479786884083E-4,23.358757110657574
9601,Kabupaten Mimika,2020,V2.1,3428.1354708298163,0.040972591906004364,67.7841567993164,84860,0.01188928753937142,18.650004150341662
9602,Kabupaten Dogiyai,2020,V2.1,14.10260409116745,6.472379432680604E-4,1.5444841384887695,22228,6.425289362996451E-4,24.790565263481863
9603,Kabupaten Deiyai,2020,V2.1,6.251422613859177,7.25406529532099E-4,1.074247121810913,8856,6.962317933110768E-4,21.30037623820043
9604,Kabupaten Nabire,2020,V2.1,522.3338556946494,0.009086518633919962,10.15060806274414,58828,0.0039005238173723126,21.186818145103636
9605,Kabupaten Paniai,2020,V2.1,27.80200216372808,0.0012591209187192277,4.226702690124512,22507,0.0012776785961661828,27.30098601835281
9606,Kabupaten Intan Jaya,2020,V2.1,0.0,0.0,0.0,22221,0.0,24.87980889019528
9607,Kabupaten Puncak,2020,V2.1,0.0,0.0,0.0,37960,0.0,25.577647208289708
9608,Kabupaten Puncak Jaya,2020,V2.1,2.6623245179653168,1.2850170449349197E-4,0.9085061550140381,21107,9.653346436646986E-5,24.60771658229137
9701,Kabupaten Nduga,2020,V2.1,0.0,0.0,0.0,33252,0.0,20.13627896491583
9702,Kabupaten Jayawijaya,2020,V2.1,504.53620091080666,0.04079486732365924,37.14183807373047,12769,0.012128426240777637,24.22718143618323
9703,Kabupaten Lanny Jaya,2020,V2.1,0.0,0.0,0.0,17648,0.0,29.49228057148833
9704,Kabupaten Tolikara,2020,V2.1,3.2536923557519914,1.9045816034797422E-4,1.0366146564483643,17428,1.1707201512845897E-4,25.5525147183626
9705,Kabupaten Mamberamo Tengah,2020,V2.1,0.22352930932652715,1.544678320003416E-5,0.22189821302890778,14879,0.0,24.305921242507303
9706,Kabupaten Yalimo,2020,V2.1,9.198998868465424,4.900426967353635E-4,1.4555588960647583,19189,4.261704594096661E-4,25.189628097334825
9707,Kabupaten Yahukimo,2020,V2.1,0.0,0.0,0.0,69387,0.0,20.684577475102433
9708,Kabupaten Pegunungan Bintang,2020,V2.1,0.0,0.0,0.0,72472,0.0,23.86091470783701
1101,Kabupaten Simeulue,2024,V2.2,241.52036891649755,0.028068353750930596,9.286027908325195,9385,0.015519067506941025,16.05127463080007
1102,Kabupaten Aceh Singkil,2024,V2.2,691.1132059478293,0.07823138167566607,10.33495044708252,9486,0.04617605514385683,16.111535535169395
1103,Kabupaten Aceh Selatan,2024,V2.2,852.3293800176359,0.04313553325100218,9.596172332763672,20365,0.02722724232579093,15.663000656924606
1104,Kabupaten Aceh Tenggara,2024,V2.2,667.6341119165514,0.0343505528354476,13.192988395690918,19911,0.014923460843443991,21.10923102501213
1105,Kabupaten Aceh Timur,2024,V2.2,4994.398192965401,0.19558711141913881,232.0542755126953,26175,0.07535063566463858,31.328499856638917
1106,Kabupaten Aceh Tengah,2024,V2.2,868.621096521616,0.039322633761046985,17.123159408569336,22589,0.01756483000514661,26.027483970361715
1107,Kabupaten Aceh Barat,2024,V2.2,1855.8323337155227,0.140700702466248,30.96610450744629,13527,0.0490183836034145,24.86196301872606
1108,Kabupaten Aceh Besar,2024,V2.2,7850.9005415436095,0.576532813342758,33.07737731933594,14212,0.18219831720973712,29.343823822221083
1109,Kabupaten Pidie,2024,V2.2,2932.217386500974,0.20978798679452942,14.418096542358398,14448,0.1029682269086469,24.491873513670008
1110,Kabupaten Bireuen,2024,V2.2,4133.412906315162,0.4912102512349294,23.86611557006836,8673,0.19754287754187058,28.394892350596145
1111,Kabupaten Aceh Utara,2024,V2.2,5982.873661725547,0.46994110576097137,72.67435455322266,13221,0.18180840885722596,28.789956610853604
1112,Kabupaten Aceh Barat Daya,2024,V2.2,795.7505079618859,0.08964368936850736,9.85876178741455,9144,0.04611307358052788,17.10146766991165
1113,Kabupaten Gayo Lues,2024,V2.2,203.1130497455597,0.00794422484729974,8.390063285827637,26040,0.004302356418249169,24.78510765017256
1114,Kabupaten Aceh Tamiang,2024,V2.2,2639.408436910546,0.26252833827882494,33.768150329589844,10397,0.09509306788572852,29.266576303184443
1115,Kabupaten Nagan Raya,2024,V2.2,1121.1122729688295,0.06980386885669455,23.1979923248291,16453,0.04134437399631356,21.036327193057204
1116,Kabupaten Aceh Jaya,2024,V2.2,544.4601501792084,0.029898089210962618,6.492223739624023,18684,0.020902791446277807,21.636265888778883
1117,Kabupaten Bener Meriah,2024,V2.2,579.2479155063629,0.06387095172979142,8.590174674987793,9376,0.03682861397800921,25.117106084742566
1118,Kabupaten Pidie Jaya,2024,V2.2,1204.4865121035018,0.2719554703255056,7.127087593078613,4622,0.1386446323726681,22.555541880535607
1171,Kota Banda Aceh,2024,V2.2,5038.130973593861,19.376550054544058,65.27073669433594,316,1.0,32.427869025534285
1172,Kota Sabang,2024,V2.2,429.01783404291837,0.7427190669192929,13.23520278930664,688,0.33478845318270695,28.835256897675425
1173,Kota Langsa,2024,V2.2,1711.2737338617737,1.7153771851674688,26.759855270385742,1115,0.397020323125909,30.528008176422023
1174,Kota Lhokseumawe,2024,V2.2,11241.612026723464,17.330965797770812,1191.1976318359375,734,0.8800573142124735,24.11046891248096
1175,Kota Subulussalam,2024,V2.2,455.84149783849716,0.08335370951788679,10.356646537780762,5724,0.04443419809054493,21.002877663793054
1201,Kabupaten Nias,2024,V2.2,170.9581519966032,0.04232841291411151,3.7613489627838135,4314,0.030114369549871997,12.871720456313048
1202,Kabupaten Mandailing Natal,2024,V2.2,1545.8307801523629,0.050530893190748105,24.74818992614746,31288,0.02828222047997489,14.505193113417043
1203,Kabupaten Tapanuli Selatan,2024,V2.2,2430.7096980131146,0.12533763904510026,34.934364318847656,20110,0.05964442934590283,15.259886680053135
1204,Kabupaten Tapanuli Tengah,2024,V2.2,1079.5483785512397,0.09877237670284665,16.155485153198242,11614,0.04896516512185045,15.509779649760333
1205,Kabupaten Tapanuli Utara,2024,V2.2,964.1333762660914,0.055473276452514896,16.142250061035156,17820,0.029438602001472913,20.919191748256257
1206,Kabupaten Toba,2024,V2.2,1119.6341015043213,0.11140603048887257,18.486852645874023,10494,0.057790864373460184,19.722227771798966
1207,Kabupaten Labuhanbatu,2024,V2.2,3230.6957812673904,0.2525044785175079,20.441312789916992,13321,0.09901045936937279,20.280240297306648
1208,Kabupaten Asahan,2024,V2.2,6435.916350053689,0.3633712609454599,29.557266235351562,18192,0.14972349035609364,21.14183238757448
1209,Kabupaten Simalungun,2024,V2.2,5452.995197220518,0.2642441533431794,40.888450622558594,21256,0.12282129005739194,20.83218961691343
1210,Kabupaten Dairi,2024,V2.2,738.546635159441,0.07912893270580289,13.33148193359375,9655,0.03834192145315693,18.52521268621598
1211,Kabupaten Karo,2024,V2.2,4545.3397306305515,0.44569865271223036,32.650821685791016,10559,0.15114033569821766,19.644795524023767
1212,Kabupaten Deli Serdang,2024,V2.2,38717.895956825174,3.1841863957745757,56.38394546508789,12693,0.49586135832590195,23.224549006580865
1213,Kabupaten Langkat,2024,V2.2,9425.587023982114,0.3221794429396298,62.26842498779297,29907,0.13004964340792252,24.72362609338486
1214,Kabupaten Nias Selatan,2024,V2.2,244.0224255922963,0.02085939323115413,8.223775863647461,12768,0.014500337400351239,12.387077482741969
1215,Kabupaten Humbang Hasundutan,2024,V2.2,298.25834956227567,0.025157483975832253,8.028347969055176,12190,0.017252962184658525,20.11325218949117
1216,Kabupaten Pakpak Bharat,2024,V2.2,86.62051993608475,0.013978124657449445,3.391953706741333,6431,0.009198202759144413,19.304956334641183
1217,Kabupaten Samosir,2024,V2.2,320.12340434777974,0.05520216294771664,7.366433620452881,6194,0.033418922309238784,14.293874042872028
1218,Kabupaten Serdang Bedagai,2024,V2.2,7434.744549873064,0.817339862282552,21.92376708984375,9491,0.3254421441409514,22.92308159905221
1219,Kabupaten Batu Bara,2024,V2.2,5933.601785951739,1.3873966770168311,36.41111373901367,4589,0.5164788310084256,19.804296975648736
1220,Kabupaten Padang Lawas Utara,2024,V2.2,445.42629666094683,0.024046228233250855,6.40207576751709,19187,0.017857732606536274,17.380874282002804
1221,Kabupaten Padang Lawas,2024,V2.2,1111.1846199098757,0.06198530872045376,10.420177459716797,18344,0.04156780663963121,15.702936246712614
1222,Kabupaten Labuhan Batu Selatan,2024,V2.2,2131.8682063715137,0.14774788971430985,11.867164611816406,14865,0.09995545492372579,20.20389387563631
1223,Kabupaten Labuhan Batu Utara,2024,V2.2,1596.1279235902955,0.09529766732019455,9.661386489868164,17197,0.06435202756475654,20.645823972637547
1224,Kabupaten Nias Utara,2024,V2.2,65.23309245951035,0.011582169038654583,3.2247323989868164,5959,0.009353082520604562,13.377967443502374
1225,Kabupaten Nias Barat,2024,V2.2,36.940375238657,0.017306129820573682,1.7264759540557861,2381,0.01780255151532967,13.993422793145013
1271,Kota Sibolga,2024,V2.2,335.28100069597656,6.621488164302508,26.241016387939453,75,0.9114002478314744,12.383364312267647
1272,Kota Tanjung Balai,2024,V2.2,1317.7262836222556,4.622456114394444,26.49557113647461,331,0.8832487309644673,18.16235400932691
1273,Kota Pematang Siantar,2024,V2.2,2223.5254908599113,6.2136876730879695,30.03921890258789,430,0.9099068493150682,21.14918356164384
1274,Kota Tebing Tinggi,2024,V2.2,1644.6849110841752,8.81173762635707,30.013256072998047,245,1.0,24.307616346254864
1275,Kota Medan,2024,V2.2,36282.66338804236,27.33775119653584,104.84060668945312,1524,0.9690369818813602,24.567980356699646
1276,Kota Binjai,2024,V2.2,3356.5700343678977,7.58785623272472,28.2043514251709,521,0.859355330579245,23.964858779099654
1277,Kota Padangsidimpuan,2024,V2.2,1279.6633150956209,2.0323881571615274,19.111642837524414,702,0.6181916702479494,16.66474211650692
1278,Kota Gunungsitoli,2024,V2.2,455.8914625588586,0.3125701029041118,15.13404369354248,1619,0.14035125455738268,11.504382615803225
1301,Kabupaten Kepulauan Mentawai,2024,V2.2,114.33264107201613,0.004070919672241737,3.6365463733673096,29823,0.0033103737938143174,14.429560236082663
1302,Kabupaten Pesisir Selatan,2024,V2.2,1694.6085126396488,0.05933202576009291,20.283071517944336,29307,0.037190953553322706,18.694092777470892
1303,Kabupaten Solok,2024,V2.2,1707.4812372019476,0.1124141361205462,11.024811744689941,15730,0.06940662446779158,14.862136600118747
1304,Kabupaten Sijunjung,2024,V2.2,1021.2440620507679,0.07113600167364664,7.602774620056152,14733,0.051685462009224144,18.26715537106825
1305,Kabupaten Tanah Datar,2024,V2.2,1658.542625257782,0.26947930675426635,11.23151683807373,6481,0.15576375596714231,14.025004014201365
1306,Kabupaten Padang Pariaman,2024,V2.2,2484.875368733851,0.3920681042097001,18.63987159729004,6613,0.1864052727583229,13.193524634998118
1307,Kabupaten Agam,2024,V2.2,2525.852446371199,0.24120626800114567,15.08260726928711,10825,0.10990650103715045,16.992875698845495
1308,Kabupaten Lima Puluh Kota,2024,V2.2,1467.376003505436,0.09433175842522107,5.1331329345703125,16055,0.058760444586966144,19.85419654075684
1309,Kabupaten Pasaman,2024,V2.2,450.4791389444295,0.024461145363528593,9.538758277893066,18900,0.015587801643403428,16.205135401485652
1310,Kabupaten Solok Selatan,2024,V2.2,545.3519988739023,0.032271610567174015,5.768861770629883,17352,0.02352317066888085,14.498476514655403
1311,Kabupaten Dharmasraya,2024,V2.2,1273.7108533226974,0.09020850613699517,17.70210838317871,14668,0.05874896472884648,17.878486246099865
1312,Kabupaten Pasaman Barat,2024,V2.2,1373.8564425609861,0.07854938360486713,11.098849296569824,17991,0.051583393870907,16.210373225352235
1371,Kota Padang,2024,V2.2,10864.157197125043,3.3849564781318535,40.57752227783203,3447,0.4419897535900925,12.214841043799572
1372,Kota Solok,2024,V2.2,934.6164093171848,3.2805294549943165,21.869909286499023,342,0.616333328745062,18.251152803204445
1373,Kota Sawahlunto,2024,V2.2,400.0242450171826,0.3582898054442052,9.263587951660156,1217,0.2131695134930085,17.95556070712286
1374,Kota Padang Panjang,2024,V2.2,601.2719778638259,6.079956949610424,23.96966552734375,127,0.9877071932746451,10.703108890475061
1375,Kota Bukittinggi,2024,V2.2,1091.5261457562444,9.813114058942405,34.5148811340332,140,0.9439782823297137,21.673811874206745
1376,Kota Payakumbuh,2024,V2.2,1327.8462046606865,3.7702321837285244,17.198619842529297,408,0.8328118562727567,20.427919250854593
1377,Kota Pariaman,2024,V2.2,798.3410359698182,2.6400851273804125,14.829530715942383,367,0.7612631305926596,10.670211386331214
1401,Kabupaten Kuantan Singingi,2024,V2.2,1785.8049568729073,0.07223602947982591,10.8242826461792,25264,0.05281231460360465,22.241149195915007
1402,Kabupaten Indragiri Hulu,2024,V2.2,4050.419744284947,0.10812979955662332,11.907951354980469,37963,0.07024426584098362,26.54345749811218
1403,Kabupaten Indragiri Hilir,2024,V2.2,2970.875483880323,0.047264135828389814,20.505998611450195,64213,0.027796797716767133,29.268085456026114
1404,Kabupaten Pelalawan,2024,V2.2,8531.24871656965,0.1395280198345766,131.05526733398438,62262,0.05320215520846322,28.58740199224918
1405,Kabupaten Siak,2024,V2.2,13748.59605195347,0.37568410886003484,193.2133331298828,37419,0.12244078747786775,26.822307300851534
1406,Kabupaten Kampar,2024,V2.2,13808.121048929524,0.2748960664325577,418.584228515625,51172,0.1128036453248505,20.775201220104858
1407,Kabupaten Rokan Hulu,2024,V2.2,3971.89866588291,0.11720015855278222,23.2028751373291,34585,0.07158121611429319,16.93296846834235
1408,Kabupaten Bengkalis,2024,V2.2,14568.220890239056,0.36583294085315393,414.3651123046875,40841,0.1130557750778586,23.528839223506516
1409,Kabupaten Rokan Hilir,2024,V2.2,6596.780586020035,0.15354677191641017,177.25880432128906,43852,0.08318711279091938,20.261865040546365
1410,Kabupaten Kepulauan Meranti,2024,V2.2,986.4293723317921,0.0579099582686943,15.94803524017334,17796,0.028470880698659704,24.274562457077963
1471,Kota Pekanbaru,2024,V2.2,17185.91077648168,5.8702676845176045,55.60178756713867,3091,0.668218709438036,23.263083305315273
1473,Kota Dumai,2024,V2.2,14874.699164140935,1.3995217728781564,1367.0015869140625,10994,0.17164678040295947,20.26949066616089
1501,Kabupaten Kerinci,2024,V2.2,1527.0213508657382,0.09585193748517225,14.791245460510254,16358,0.05812501723112555,16.448601029535148
1502,Kabupaten Merangin,2024,V2.2,1424.2738276689656,0.04100567265419545,12.590412139892578,35411,0.027164083624560426,15.39984665345613
1503,Kabupaten Sarolangun,2024,V2.2,1930.4007928724384,0.0702129431982286,23.937543869018555,28120,0.034284873140149795,17.98483507056991
1504,Kabupaten Batang Hari,2024,V2.2,2752.932961984592,0.10761507800676529,82.21710205078125,26174,0.06618806940733353,24.911521439532272
1505,Kabupaten Muaro Jambi,2024,V2.2,10225.779546638449,0.4030808860190315,358.1728515625,26040,0.13293641101678932,25.327735137518168
1506,Kabupaten Tanjung Jabung Timur,2024,V2.2,2274.8433332305326,0.09816272248132958,109.44404602050781,23695,0.048910358930135844,25.61725992537684
1507,Kabupaten Tanjung Jabung Barat,2024,V2.2,17159.68351920504,0.7438823899192164,588.7515869140625,23500,0.1335466748993117,25.919796650036417
1508,Kabupaten Tebo,2024,V2.2,1760.1036690271362,0.05999196887470624,34.59843826293945,29931,0.03693793255364408,23.955472487790477
1509,Kabupaten Bungo,2024,V2.2,3015.078770500655,0.13724661142808559,17.992877960205078,22477,0.07227606086765903,18.196988927375656
1571,Kota Jambi,2024,V2.2,9645.078408129306,12.030164710497608,56.35715866088867,892,0.9674678640605742,28.04924086791494
1572,Kota Sungai Penuh,2024,V2.2,1002.5071216807646,0.6068661136122564,21.40267562866211,1758,0.17165307600090207,16.741962515875553
1601,Kabupaten Ogan Komering Ulu,2024,V2.2,2665.4171467469014,0.14694075585448813,85.11746215820312,18606,0.06016196570913668,35.245351955130936
1602,Kabupaten Ogan Komering Ilir,2024,V2.2,9992.4582515311,0.11879845117882606,73.38491821289062,85293,0.0736981355266683,39.8674806881412
1603,Kabupaten Muara Enim,2024,V2.2,17993.9130764641,0.5684267098426888,325.4819030761719,32649,0.13582784050274335,33.17355019809372
1604,Kabupaten Lahat,2024,V2.2,6384.759974202572,0.32168113539609583,74.39134979248047,20451,0.09183690404732733,24.3489557750966
1605,Kabupaten Musi Rawas,2024,V2.2,4662.300198594262,0.15740260008385065,265.74676513671875,30171,0.04555737422113696,17.858525117378083
1606,Kabupaten Musi Banyuasin,2024,V2.2,19030.464373049082,0.2753813297034482,460.1305847167969,70102,0.08268127416901434,23.765297061995536
1607,Kabupaten Banyu Asin,2024,V2.2,8720.758668479495,0.16771551091441964,63.08076095581055,53475,0.06921154849657059,30.886850825445865
1608,Kabupaten Ogan Komering Ulu Selatan,2024,V2.2,533.4397552673722,0.026852271810242037,5.9051923751831055,20372,0.019632201216046793,30.21898515108992
1609,Kabupaten Ogan Komering Ulu Timur,2024,V2.2,6231.060347910373,0.39116691224771843,35.63363265991211,16376,0.24998516740887058,41.41174879080533
1610,Kabupaten Ogan Ilir,2024,V2.2,6472.527856536356,0.5792144007161766,227.07174682617188,11603,0.1791194368213821,41.251063680453726
1611,Kabupaten Empat Lawang,2024,V2.2,278.54891726374626,0.024848453032717654,3.989924669265747,11546,0.018555011024908984,21.580862451185528
1612,Kabupaten Penukal Abab Lematang Ilir,2024,V2.2,3620.8959375552113,0.4016490305895391,115.71912384033203,9330,0.13874277680434158,29.75653806869886
1613,Kabupaten Musi Rawas Utara,2024,V2.2,1726.208781398628,0.0631641476944567,84.00411224365234,27900,0.03445246135748107,15.649495227208742
1671,Kota Palembang,2024,V2.2,20240.885304114403,11.751318248784042,61.592647552490234,1854,0.9234713276459916,31.78733712641245
1672,Kota Prabumulih,2024,V2.2,4302.251564401736,2.2580046699099383,236.2421417236328,2037,0.5074465895525461,36.54662454204915
1673,Kota Pagar Alam,2024,V2.2,881.1976089174842,0.31796567733265946,15.560956954956055,2926,0.12261407647124578,24.24628518304168
1674,Kota Lubuklinggau,2024,V2.2,2350.965394673862,1.3675574871497487,20.538698196411133,1852,0.31288181216780364,14.36672217533136
1701,Kabupaten Bengkulu Selatan,2024,V2.2,392.20063211041344,0.06812150784308155,7.337580680847168,5985,0.03503915527858929,24.464449649860494
1702,Kabupaten Rejang Lebong,2024,V2.2,928.2338990382118,0.1314318229042335,13.050804138183594,7341,0.05280046820227984,15.88730051290139
1703,Kabupaten Bengkulu Utara,2024,V2.2,723.142890510255,0.034782446748774794,11.353728294372559,21360,0.023099967066334735,21.885703205430232
1704,Kabupaten Kaur,2024,V2.2,235.77040416247698,0.019765058266861844,5.012052536010742,12274,0.016794304697375424,27.754305091878052
1705,Kabupaten Seluma,2024,V2.2,383.78127266472455,0.03334716475449687,9.097050666809082,11828,0.02287552190012706,23.867401163113612
1706,Kabupaten Mukomuko,2024,V2.2,636.480817931423,0.0319010349827678,5.582451343536377,20363,0.025919223474853335,19.43673210499616
1707,Kabupaten Lebong,2024,V2.2,158.62389400601387,0.0203209286503554,4.337015628814697,8117,0.015116698500990193,17.946048106167545
1708,Kabupaten Kepahiang,2024,V2.2,319.18212335144773,0.09646736056347978,5.230724334716797,3473,0.05976508794386763,21.06701986441
1709,Kabupaten Bengkulu Tengah,2024,V2.2,562.219309097996,0.1147801556225132,33.35771560668945,5084,0.06202403750696525,23.679308561400326
1771,Kota Bengkulu,2024,V2.2,4619.2651068598625,5.275920677272732,24.9542293548584,978,0.8715276222554666,22.868956651826092
1801,Kabupaten Lampung Barat,2024,V2.2,644.075834811435,0.0566489440975439,3.9498894214630127,11819,0.05285508518070895,33.429011936888486
1802,Kabupaten Tanggamus,2024,V2.2,2686.045525572114,0.20597684773852398,11.882402420043945,13681,0.13766500978999702,34.62124484976393
1803,Kabupaten Lampung Selatan,2024,V2.2,17199.539793342945,1.6886633780495033,24.70603370666504,10822,0.6863533790149657,41.76787380195447
1804,Kabupaten Lampung Timur,2024,V2.2,11609.66123964272,0.631351282393302,426.2246398925781,18901,0.4150612560088932,40.99246186521007
1805,Kabupaten Lampung Tengah,2024,V2.2,16910.411915890734,0.7800393512361131,23.673580169677734,22339,0.4533575127190505,41.48274125494631
1806,Kabupaten Lampung Utara,2024,V2.2,6106.744228643763,0.5095906271806009,21.615257263183594,12328,0.30060458305040383,40.25579704335163
1807,Kabupaten Way Kanan,2024,V2.2,2983.8170889814696,0.17411249806986145,10.842490196228027,17593,0.1457328472932557,40.00484598433411
1808,Kabupaten Tulangbawang,2024,V2.2,5057.106831999619,0.3484454845346857,15.646011352539062,14988,0.24580825047738378,39.48467710970928
1809,Kabupaten Pesawaran,2024,V2.2,5063.690953046662,0.7929167826407006,18.666175842285156,6921,0.4199850166106843,40.73175864461742
1810,Kabupaten Pringsewu,2024,V2.2,3980.7027168124355,1.403264156361434,21.98898696899414,3050,0.581803226564552,43.62933215366961
1811,Kabupaten Mesuji,2024,V2.2,2822.1280079270073,0.2764908497637854,11.071224212646484,10601,0.2190752782033925,38.89215075312016
1812,Kabupaten Tulang Bawang Barat,2024,V2.2,3477.0838150628633,0.5672382657668135,13.875633239746094,6465,0.4234158674591886,40.45569252599463
1813,Kabupaten Pesisir Barat,2024,V2.2,455.53083866939807,0.036112363272789695,9.572269439697266,13162,0.0321313844241672,29.854818868277594
1871,Kota Bandar Lampung,2024,V2.2,12650.666500156538,15.312668901789138,52.544891357421875,941,0.9949731808041011,38.73406749893195
1872,Kota Metro,2024,V2.2,2170.525999307632,5.935422996251476,28.348472595214844,441,0.9920965995002735,42.34675231364812
1901,Kabupaten Bangka,2024,V2.2,4354.267973490787,0.30831666336419006,16.044769287109375,14583,0.17706312068002264,30.119509887007226
1902,Kabupaten Belitung,2024,V2.2,2960.709917972602,0.27350223121228434,22.3823184967041,11712,0.14507357576021046,33.76534440411244
1903,Kabupaten Bangka Barat,2024,V2.2,1430.2768969643353,0.10578694973327234,9.115307807922363,13930,0.07292273957345356,32.942082089747075
1904,Kabupaten Bangka Tengah,2024,V2.2,2342.222488641973,0.23525061695328647,19.632625579833984,10476,0.12949115210687637,31.81785318015653
1905,Kabupaten Bangka Selatan,2024,V2.2,1332.642058257963,0.0767531147676598,9.9654541015625,18042,0.05702055633766397,35.331377071122255
1906,Kabupaten Belitung Timur,2024,V2.2,1412.6939768182297,0.11812914830758463,8.641255378723145,12594,0.08678617407734608,33.91369127842502
1971,Kota Pangkalpinang,2024,V2.2,3286.404917308862,6.70013874584264,29.134326934814453,563,0.8862140921192546,22.999168512196494
2101,Kabupaten Karimun,2024,V2.2,3733.261055442752,0.8685186626906566,178.62216186523438,5442,0.2132884103428712,26.72677351842633
2102,Kabupaten Bintan,2024,V2.2,4832.321795196505,0.7744334188950476,199.91116333007812,7337,0.3177500843727796,27.427249925054422
2103,Kabupaten Natuna,2024,V2.2,807.9416388038328,0.08677814665950238,22.061155319213867,10360,0.04681278718063958,36.19913198736902
2104,Kabupaten Lingga,2024,V2.2,390.62031854437845,0.037891914669858244,8.291309356689453,12550,0.024096289293940643,24.466103787168418
2105,Kabupaten Kepulauan Anambas,2024,V2.2,162.67668527925713,0.054662432494749696,4.972083568572998,4374,0.04456532338190458,30.444319700192217
2171,Kota Batam,2024,V2.2,27437.69257013354,5.840891856428194,181.81362915039062,6288,0.45070863459799965,29.00376836493547
2172,Kota Tanjung Pinang,2024,V2.2,4387.493398880491,6.324860036488711,35.00442886352539,836,0.9089665387159325,26.680696021843954
3101,Kabupaten Kepulauan Seribu,2024,V2.2,83.15485550398914,1.8845083677139383,55.885963439941406,280,0.4429434767152505,37.96125133309636
3171,Kota Jakarta Selatan,2024,V2.2,23518.426792361668,34.4510183999921,94.68753051757812,764,1.0,47.00659470700083
3172,Kota Jakarta Timur,2024,V2.2,25577.481477494322,29.47034004211648,65.59493255615234,987,1.0,45.90373944947498
3173,Kota Jakarta Pusat,2024,V2.2,11884.824185494812,52.79107732896422,102.50301361083984,274,1.0,37.80326783723524
3174,Kota Jakarta Barat,2024,V2.2,21109.34553798601,35.80949382774371,64.59115600585938,664,1.0,40.12187333688132
3175,Kota Jakarta Utara,2024,V2.2,24245.188570097373,36.68456486231,135.43409729003906,779,1.0,37.31804642441792
3201,Kabupaten Bogor,2024,V2.2,55748.917185790575,3.954634528723202,44.53863525390625,14637,0.6841566467664216,48.44881401082631
3202,Kabupaten Sukabumi,2024,V2.2,10717.96878301992,0.5459177424072829,13.149506568908691,20130,0.27223439442201863,44.329587793541776
3203,Kabupaten Cianjur,2024,V2.2,10074.57419982015,0.5948471655341269,21.755826950073242,17511,0.23123754278982228,45.8969973955632
3204,Kabupaten Bandung,2024,V2.2,24844.103760867376,3.003697917511367,35.096065521240234,8663,0.6776946531515795,50.61513055739545
3205,Kabupaten Garut,2024,V2.2,10911.450954424392,0.7487719231325429,24.124574661254883,15013,0.33563734769150955,44.43917994132367
3206,Kabupaten Tasikmalaya,2024,V2.2,7052.753585827935,0.5545333931057574,10.885812759399414,13196,0.30381005562131747,40.75794937131169
3207,Kabupaten Ciamis,2024,V2.2,6050.348615732143,0.8051621853703491,20.713010787963867,7895,0.3652952952326082,39.95832968023949
3208,Kabupaten Kuningan,2024,V2.2,9708.913906254254,1.7373650864936494,20.820810317993164,5834,0.6505519938021745,48.51989942569064
3209,Kabupaten Cirebon,2024,V2.2,20598.16191592941,4.0925764405837795,57.938846588134766,5381,0.8899900189258613,50.369663612089184
3210,Kabupaten Majalengka,2024,V2.2,10540.043936977672,1.6684252010980676,80.25482940673828,6616,0.7215547321511153,52.80499178423354
3211,Kabupaten Sumedang,2024,V2.2,8802.174079767397,1.199639550503193,27.444067001342773,7620,0.48993919906960026,50.87733294709209
3212,Kabupaten Indramayu,2024,V2.2,20252.85340192305,2.0645077489793846,471.5272521972656,10203,0.7365861380565843,51.18920279154473
3213,Kabupaten Subang,2024,V2.2,19060.40605479177,1.8643522274366522,168.50753784179688,10559,0.7389229848639443,52.57535040007365
3214,Kabupaten Purwakarta,2024,V2.2,10065.767952551098,2.1611290637615506,22.393993377685547,4884,0.6365720607662382,46.83277833861944
3215,Kabupaten Karawang,2024,V2.2,36179.740990042475,4.015827656892949,132.66754150390625,9382,0.7558027272948875,45.746990904374066
3216,Kabupaten Bekasi,2024,V2.2,61731.04671807172,10.345271547548988,76.4176025390625,6282,0.9035321256173579,44.70427476250404
3217,Kabupaten Bandung Barat,2024,V2.2,12914.744021995984,2.1469062512933705,27.182598114013672,6352,0.6306080487315149,49.68414543833064
3218,Kabupaten Pangandaran,2024,V2.2,2133.796113444076,0.39888249808170334,11.822142601013184,5647,0.25136096461711943,41.15968113914905
3271,Kota Bogor,2024,V2.2,8397.006301857442,15.946057543741796,30.211774826049805,606,1.0,51.64089961274949
3272,Kota Sukabumi,2024,V2.2,1612.277034461265,6.9971347037395155,30.4869441986084,281,1.0,46.07852681382646
3273,Kota Bandung,2024,V2.2,18048.999876523485,22.81184466870616,66.55995178222656,896,1.0,56.56561045603908
3274,Kota Cirebon,2024,V2.2,2871.7012894621084,15.298941372878671,32.77703094482422,237,1.0,46.1745743236185
3275,Kota Bekasi,2024,V2.2,27231.446535525578,27.026679691743436,50.38003158569336,1134,1.0,45.75528155309578
3276,Kota Depok,2024,V2.2,19279.626345563403,20.509214049019953,42.10976028442383,1046,1.0,49.32278317314111
3277,Kota Cimahi,2024,V2.2,3174.6134862450986,16.343833942228105,29.89198875427246,239,1.0,52.90811814823042
3278,Kota Tasikmalaya,2024,V2.2,5575.993258295805,6.431801152872076,26.78258514404297,973,0.9427375944271044,42.66874293210293
3279,Kota Banjar,2024,V2.2,1457.4894025648339,2.3713833459074225,13.384841918945312,704,0.8324602653020856,39.554575791025165
3301,Kabupaten Cilacap,2024,V2.2,14102.090828205557,1.2740744749867465,587.7586669921875,11511,0.4359161683732707,40.811260857965735
3302,Kabupaten Banyumas,2024,V2.2,10808.829390835763,1.6482628408430007,21.66603660583496,6832,0.5940291206399175,41.8135342563401
3303,Kabupaten Purbalingga,2024,V2.2,3445.3280285062738,0.9043237347972073,13.06166934967041,4006,0.38978640444916124,40.50027946215633
3304,Kabupaten Banjarnegara,2024,V2.2,3890.478965907939,0.7176857881103768,15.464463233947754,5719,0.3870475815675226,41.16266771610938
3305,Kabupaten Kebumen,2024,V2.2,5211.201915074794,0.8295600536769412,15.908279418945312,6523,0.4534544076619925,42.21344282128326
3306,Kabupaten Purworejo,2024,V2.2,3835.138958252411,0.7454188305554545,16.009042739868164,5350,0.44204439003903306,46.324729164967565
3307,Kabupaten Wonosobo,2024,V2.2,3950.2687052743086,0.8423726825099871,14.79741382598877,4928,0.42933875001986144,40.850933801411855
3308,Kabupaten Magelang,2024,V2.2,7408.529533932726,1.3879746199424032,13.980317115783691,5592,0.6446379477805484,47.94000523105544
3309,Kabupaten Boyolali,2024,V2.2,12492.71389012489,2.441557776983815,19.757949829101562,5539,0.8107924994520063,48.231547919231026
3310,Kabupaten Klaten,2024,V2.2,14605.470599400067,4.412748460733803,23.00941276550293,3501,0.9692076378422951,52.336777613482305
3311,Kabupaten Sukoharjo,2024,V2.2,12215.346071790247,5.246973849139851,26.347198486328125,2512,0.9886012003523911,52.957728258141465
3312,Kabupaten Wonogiri,2024,V2.2,10231.220346537992,1.1265888370473125,17.488637924194336,9425,0.7109986760549027,58.89376398541159
3313,Kabupaten Karanganyar,2024,V2.2,12129.460275493886,3.1972391699522116,27.621034622192383,4036,0.8988113512390412,55.81529272762796
3314,Kabupaten Sragen,2024,V2.2,12308.62194726888,2.6692632725925356,19.11021614074707,4864,0.9303756292165699,53.94470803245609
3315,Kabupaten Grobogan,2024,V2.2,13237.499318148453,1.382970349191151,19.549270629882812,9974,0.7144287583691611,52.86711602642733
3316,Kabupaten Blora,2024,V2.2,8661.569121846029,0.9427717179900645,31.97657012939453,9509,0.5603270141836192,64.18934527587606
3317,Kabupaten Rembang,2024,V2.2,8153.973551170966,1.6655625112033525,21.574508666992188,5127,0.8148543918743018,59.034268274610845
3318,Kabupaten Pati,2024,V2.2,16117.725636915953,2.1631342859921,22.6910343170166,7760,0.8136050483413421,54.12702431014249
3319,Kabupaten Kudus,2024,V2.2,9957.911802544779,4.853581236164106,56.00849914550781,2234,0.9152805758695961,52.43626785734767
3320,Kabupaten Jepara,2024,V2.2,12760.764358513847,2.649476993255005,57.79668045043945,5222,0.8228812903803653,52.543909002454924
3321,Kabupaten Demak,2024,V2.2,14140.328156396443,2.9940188103758145,29.67502212524414,5016,0.8722300965932063,51.86805764869898
3322,Kabupaten Semarang,2024,V2.2,10681.929235683703,2.25623903423452,17.66425895690918,5078,0.7936734999846762,45.46667235442576
3323,Kabupaten Temanggung,2024,V2.2,3663.3703575759537,0.8900426949226384,11.256709098815918,4312,0.4898143710692128,48.15120902238736
3324,Kabupaten Kendal,2024,V2.2,9971.458326474825,2.1119601459937565,21.396728515625,5011,0.7073415046807918,47.13502657473695
3325,Kabupaten Batang,2024,V2.2,8485.815988280725,2.095019776943453,76.30140686035156,4237,0.7439755245093768,44.50719742077901
3326,Kabupaten Pekalongan,2024,V2.2,7099.4750797186425,1.6873970829111067,14.523297309875488,4426,0.5521575206804147,44.15229826401024
3327,Kabupaten Pemalang,2024,V2.2,8434.676874859895,1.5732285825491772,18.58485221862793,5620,0.6701603040481233,42.62651117066718
3328,Kabupaten Tegal,2024,V2.2,15856.578544028831,3.3813124500151797,25.10379981994629,4942,0.8239528489332807,41.23032389598399
3329,Kabupaten Brebes,2024,V2.2,15584.953624249918,1.8846079162534959,25.27630615234375,8660,0.646040209640981,44.150341814194924
3371,Kota Magelang,2024,V2.2,839.1941083562141,9.967140085274085,21.101476669311523,111,1.0,47.792408011178395
3372,Kota Surakarta,2024,V2.2,5405.208017233304,24.74867657325862,43.108367919921875,264,1.0,50.918643276533835
3373,Kota Salatiga,2024,V2.2,2076.134909604576,8.296600930077366,25.86431312561035,297,1.0,41.707448559025885
3374,Kota Semarang,2024,V2.2,26097.42905526114,14.353937792594433,59.688194274902344,1953,0.9955028309517389,48.52582151523323
3375,Kota Pekalongan,2024,V2.2,2168.4582432644042,10.07849908014988,21.180267333984375,252,1.0,42.08409732980955
3376,Kota Tegal,2024,V2.2,3116.9392861029683,16.965559946984072,39.225372314453125,220,0.9923157377958974,37.889154517705826
3401,Kabupaten Kulon Progo,2024,V2.2,4271.169753012938,1.5725252515745485,24.346738815307617,2889,0.6635239694431653,46.378726298023
3402,Kabupaten Bantul,2024,V2.2,11727.917670725607,4.819148534468358,27.591352462768555,2655,0.9774691009878017,54.27558534895333
3403,Kabupaten Gunungkidul,2024,V2.2,7797.865071844938,1.11964859271948,15.124815940856934,7244,0.706125799847294,58.86373766585358
3404,Kabupaten Sleman,2024,V2.2,16355.557023659425,6.026461676003274,36.32107162475586,2902,0.9423878599945953,52.146158058778155
3471,Kota Yogyakarta,2024,V2.2,4245.688026364645,27.401934870235003,63.74763488769531,193,1.0,52.52930903568719
3501,Kabupaten Pacitan,2024,V2.2,3101.976940234268,0.4626252881945999,16.90202522277832,7015,0.3696929962054394,56.40598579028386
3502,Kabupaten Ponorogo,2024,V2.2,7990.274662599371,1.1942559281184228,25.54633331298828,6972,0.6229810679327126,59.95909735654418
3503,Kabupaten Trenggalek,2024,V2.2,3440.4954124968435,0.5834128529094258,8.457249641418457,6291,0.40157589226637086,52.838514599513324
3504,Kabupaten Tulungagung,2024,V2.2,9092.857276703799,1.6726458920784426,21.475984573364258,5731,0.5820474753901578,59.366649497848066
3505,Kabupaten Blitar,2024,V2.2,11917.558881564702,1.4378239515134161,14.640364646911621,8625,0.7012365188221965,69.5968002384563
3506,Kabupaten Kediri,2024,V2.2,16927.718118728968,2.3542109088129983,35.71582794189453,7541,0.8345642774243653,68.11439762821026
3507,Kabupaten Malang,2024,V2.2,25223.364710137088,1.5442761413024177,19.863483428955078,16948,0.6578481648756027,68.02236285876378
3508,Kabupaten Lumajang,2024,V2.2,7452.110412504395,0.8710684808983574,17.04387664794922,8814,0.5308416912668,68.09756000293365
3509,Kabupaten Jember,2024,V2.2,23486.42495099235,1.5027804302313224,39.191619873046875,16155,0.6044945117124026,80.55620209745535
3510,Kabupaten Banyuwangi,2024,V2.2,52187.35052800994,3.0631751183104767,137.9364013671875,17582,0.5236665824210172,74.34878803656537
3511,Kabupaten Bondowoso,2024,V2.2,6484.679164016009,0.8826931362660914,22.396875381469727,7639,0.4923313849520913,78.95909306856703
3512,Kabupaten Situbondo,2024,V2.2,9545.337008618488,1.2189594719632393,34.856201171875,8244,0.4870783014119845,75.19636074087256
3513,Kabupaten Probolinggo,2024,V2.2,12802.365233946903,1.5711931520649678,63.26563262939453,8526,0.6300138705333466,72.1691391702514
3514,Kabupaten Pasuruan,2024,V2.2,20523.834738606103,2.915291451471331,46.802879333496094,7296,0.82094912255684,68.64418933431969
3515,Kabupaten Sidoarjo,2024,V2.2,35255.76831936231,10.294043938614415,50.115848541259766,3611,0.8971193415637865,65.1543977044503
3516,Kabupaten Mojokerto,2024,V2.2,24315.194348533016,5.2898984050008035,35.305885314941406,4854,0.8613311310484629,66.03501189302092
3517,Kabupaten Jombang,2024,V2.2,14741.829224728843,2.788080724161224,25.264719009399414,5527,0.816836621550561,67.30857324673532
3518,Kabupaten Nganjuk,2024,V2.2,10236.29920571271,1.6809033340159791,20.058881759643555,6343,0.6786795450286526,65.0711718609636
3519,Kabupaten Madiun,2024,V2.2,9529.822417599904,1.8072839451590863,21.868322372436523,5547,0.6920669603314549,63.583551301225484
3520,Kabupaten Magetan,2024,V2.2,6643.973303011932,2.0048602777199105,23.03331756591797,3488,0.8763107166059407,59.86407243095997
3521,Kabupaten Ngawi,2024,V2.2,9130.180104748168,1.3890488719764966,20.514209747314453,6837,0.7726471086588691,59.424387927269564
3522,Kabupaten Bojonegoro,2024,V2.2,24361.99687793467,2.2323927363429372,675.6245727539062,11322,0.701963092608423,63.451712535885484
3523,Kabupaten Tuban,2024,V2.2,19443.18605125898,2.0868294133073713,1128.6448974609375,9630,0.7628419868350769,60.54178509751626
3524,Kabupaten Lamongan,2024,V2.2,16490.394962621664,1.9967381695134399,41.27555847167969,8584,0.8647856559478811,64.64391726338582
3525,Kabupaten Gresik,2024,V2.2,27897.710469838446,4.72736031549475,169.8023223876953,6374,0.849802537015588,64.65312169607519
3526,Kabupaten Bangkalan,2024,V2.2,16500.060603532598,2.6855618812464606,22.22559928894043,6379,0.9855672722004037,68.34141583961873
3527,Kabupaten Sampang,2024,V2.2,17987.735823420913,3.1118982258039845,29.922544479370117,6029,0.9771278966660989,72.58320437401073
3528,Kabupaten Pamekasan,2024,V2.2,15394.001691252339,4.0917467436927915,31.079273223876953,3948,0.9936113858883447,71.05766326197697
3529,Kabupaten Sumenep,2024,V2.2,14929.472158470922,1.5177453899358326,34.90492248535156,11132,0.6959964693725245,70.81024551734691
3571,Kota Kediri,2024,V2.2,2869.7079640846623,8.779655794809644,33.67001724243164,392,0.9958127871960072,70.38450371330194
3572,Kota Blitar,2024,V2.2,1592.0571683444234,10.08457107901304,28.31300163269043,197,1.0,70.37884094691607
3573,Kota Malang,2024,V2.2,6887.661368967506,13.261404316538798,30.260147094726562,598,1.0,70.3699081100264
3574,Kota Probolinggo,2024,V2.2,2886.8384031001247,11.150146056414346,30.37820053100586,314,1.0,67.57531694460853
3575,Kota Pasuruan,2024,V2.2,2050.1169519985424,11.161208026636533,38.88550567626953,226,0.986229424197784,68.95273169794406
3576,Kota Mojokerto,2024,V2.2,1611.0755794263353,16.947496916534615,36.433929443359375,126,1.0,65.68062373664455
3577,Kota Madiun,2024,V2.2,3146.5775937089725,19.25736299130677,60.93685531616211,203,1.0,61.96577545240722
3578,Kota Surabaya,2024,V2.2,46842.27033158844,29.561747787604506,107.9197769165039,1718,1.0,65.89133350822401
3579,Kota Batu,2024,V2.2,3214.2536376780163,3.4681493729494712,29.280241012573242,1028,0.6339090770610836,64.30713149298447
3601,Kabupaten Pandeglang,2024,V2.2,6116.154890312284,0.46707948308928415,13.546853065490723,13811,0.2611377717508492,40.75204397128792
3602,Kabupaten Lebak,2024,V2.2,7285.320905203324,0.467597360278029,23.115732192993164,15996,0.23454385922520657,44.38508838696549
3603,Kabupaten Tangerang,2024,V2.2,52317.5415070113,10.831868283280501,82.95835876464844,5103,0.9890008533330733,43.09152179896574
3604,Kabupaten Serang,2024,V2.2,21765.0266980842,3.1537315242421635,61.3001594543457,7438,0.7643600633237239,40.229529174711914
3671,Kota Tangerang,2024,V2.2,23496.494859055907,27.49616207400064,77.87776184082031,947,1.0,43.03794279210855
3672,Kota Cilegon,2024,V2.2,13064.840870424345,16.922165557454047,206.55958557128906,892,0.9905167772280746,33.26413340512207
3673,Kota Serang,2024,V2.2,8822.495042861201,7.076511518544541,31.686521530151367,1370,0.9558971552233921,42.30539828130701
3674,Kota Tangerang Selatan,2024,V2.2,19794.542800645257,25.614836312986743,54.54368591308594,854,1.0,47.57004029270573
5101,Kabupaten Jembrana,2024,V2.2,2598.8134658381077,0.6442731543925538,15.932077407836914,4245,0.38839409409127185,77.75084119436475
5102,Kabupaten Tabanan,2024,V2.2,4131.642943276378,1.0139557281481828,17.864179611206055,4267,0.5651112342984289,74.38685629814405
5103,Kabupaten Badung,2024,V2.2,13439.739394384858,7.190434274329739,75.92205810546875,2143,0.947147017355399,72.97625591661348
5104,Kabupaten Gianyar,2024,V2.2,5944.304714479401,3.4385943033132595,22.389768600463867,1870,0.9426590051699224,69.98199260921156
5105,Kabupaten Klungkung,2024,V2.2,2217.759652378747,1.4970423633712595,15.37849235534668,1671,0.8417848180345403,68.84950921739497
5106,Kabupaten Bangli,2024,V2.2,1980.7822791267845,0.8006624076286196,10.50008773803711,2659,0.6242668644943662,69.50927951405397
5107,Kabupaten Karangasem,2024,V2.2,2999.0167344078127,0.7550722611747763,7.707202434539795,4179,0.5935273534383343,67.65165933397579
5108,Kabupaten Buleleng,2024,V2.2,5766.825105661737,0.9309680674657878,20.967430114746094,6607,0.5350206573637838,77.79909495043636
5171,Kota Denpasar,2024,V2.2,8453.812775906392,14.225997187800285,34.885841369628906,676,1.0,70.93367165124653
5201,Kabupaten Lombok Barat,2024,V2.2,5859.997892589668,1.3410243970955367,18.902109146118164,4815,0.516036568347577,79.09278944482472
5202,Kabupaten Lombok Tengah,2024,V2.2,7469.859458141231,1.3529566669455824,17.852506637573242,5821,0.7821981830966913,81.67853738573338
5203,Kabupaten Lombok Timur,2024,V2.2,8006.298405028086,1.0536087350190004,19.344316482543945,8024,0.5364037348914478,76.4698876570333
5204,Kabupaten Sumbawa,2024,V2.2,5527.852068096981,0.17574512676042273,23.631101608276367,32687,0.11698776630873127,80.33454494540966
5205,Kabupaten Dompu,2024,V2.2,2083.940060736735,0.19310157310172946,14.166848182678223,11390,0.14390808824598134,82.88290532074753
5206,Kabupaten Bima,2024,V2.2,3052.3105423655015,0.1533056127953224,10.200947761535645,21088,0.11224683344222204,80.06346607661186
5207,Kabupaten Sumbawa Barat,2024,V2.2,6612.630615225961,0.7968711576476477,58.15825653076172,8648,0.28058715003222984,77.33150744877729
5208,Kabupaten Lombok Utara,2024,V2.2,1716.3490848653453,0.44710745501605215,11.533791542053223,4052,0.36185884011482433,77.25345033660575
5271,Kota Mataram,2024,V2.2,4140.952112265195,14.50291569212083,36.447696685791016,332,1.0,78.37841475641756
5272,Kota Bima,2024,V2.2,1486.9939200365077,1.4896928930427265,25.975032806396484,1107,0.5301762408756258,85.09351845304043
5301,Kabupaten Sumba Barat,2024,V2.2,594.2582766908056,0.1763736847046939,12.646529197692871,3618,0.10361335001600372,90.28332993860384
5302,Kabupaten Sumba Timur,2024,V2.2,1422.9224027858063,0.042902502579727254,22.635221481323242,33792,0.023562930471725665,92.1369788506849
5303,Kabupaten Kupang,2024,V2.2,3844.7830782094393,0.15843909355126862,31.741968154907227,25045,0.10975856299726376,93.70413563949921
5304,Kabupaten Timor Tengah Selatan,2024,V2.2,1883.4829402599858,0.10034993799092022,8.43510913848877,19181,0.06944959532048116,86.69480789606148
5305,Kabupaten Timor Tengah Utara,2024,V2.2,1509.3587412893773,0.12171620470823004,8.197166442871094,12826,0.09281178737465454,84.92009488441913
5306,Kabupaten Belu,2024,V2.2,1386.3850359428163,0.26052782647607875,12.293134689331055,5588,0.1665498622297193,82.21925113985652
5307,Kabupaten Alor,2024,V2.2,708.1128524911173,0.05088458316185276,9.65827751159668,14659,0.031431594757925306,81.83217386035878
5308,Kabupaten Lembata,2024,V2.2,768.6655687607969,0.12905743365822359,15.182697296142578,6398,0.07521173258255477,79.41931117035455
5309,Kabupaten Flores Timur,2024,V2.2,1118.2400708531636,0.13526411044010417,8.585559844970703,8871,0.09736839733467033,79.48717308941148
5310,Kabupaten Sikka,2024,V2.2,1334.0729592248504,0.1663404963206992,14.967052459716797,8509,0.09640590787694107,78.89655445560048
5311,Kabupaten Ende,2024,V2.2,1067.822442891084,0.10909781328856605,12.95993709564209,10156,0.062070366448346626,78.52989430168232
5312,Kabupaten Ngada,2024,V2.2,491.3356174589373,0.060619625809949194,9.6565580368042,8405,0.043785851970552,79.01133086772403
5313,Kabupaten Manggarai,2024,V2.2,1123.153502696168,0.17695117243130903,11.694704055786133,6683,0.12302068086909941,81.16193269403645
5314,Kabupaten Rote Ndao,2024,V2.2,943.7148453401587,0.15427977207606594,5.421520233154297,6660,0.121926310302979,94.96670686384438
5315,Kabupaten Manggarai Barat,2024,V2.2,1358.0247806643156,0.09156574031791093,19.519237518310547,16183,0.04931751994081351,82.55847048949987
5316,Kabupaten Sumba Tengah,2024,V2.2,199.05965270902595,0.023129290390677255,2.6201746463775635,8916,0.015995869916965468,89.5926678267717
5317,Kabupaten Sumba Barat Daya,2024,V2.2,785.4858519572837,0.11783507718981921,5.512641429901123,6884,0.09419975244495896,90.77668040926577
5318,Kabupaten Nagekeo,2024,V2.2,635.3756556855695,0.09502379231157962,5.780205726623535,6952,0.06989921146238691,79.3768775787292
5319,Kabupaten Manggarai Timur,2024,V2.2,563.0466566088152,0.04955336038104513,3.939655303955078,11703,0.03998384769898735,81.60709148138687
5320,Kabupaten Sabu Raijua,2024,V2.2,694.4291636283492,0.31675289104157633,4.462252140045166,2354,0.28997256039753444,96.52479581286688
5321,Kabupaten Malaka,2024,V2.2,1024.3827128653434,0.19347014952240293,7.911506175994873,5573,0.1614974410629774,81.62564417814063
5371,Kota Kupang,2024,V2.2,7337.7738509801065,9.929434003915917,40.871952056884766,831,0.9368986908508145,92.43648211926151
6101,Kabupaten Sambas,2024,V2.2,1819.9690190776892,0.0668286411414847,17.101900100708008,27775,0.0364336773125357,22.08795783834393
6102,Kabupaten Bengkayang,2024,V2.2,983.8465764420876,0.03732261695265239,16.072322845458984,27086,0.020172857501383923,17.69390413768144
6103,Kabupaten Landak,2024,V2.2,645.755386525743,0.016721546894279897,9.128300666809082,39345,0.009800935879908577,15.2348359722252
6104,Kabupaten Mempawah,2024,V2.2,2579.2974866396066,0.2754085812754483,30.59044647216797,9726,0.11437698583514368,15.73743762991151
6105,Kabupaten Sanggau,2024,V2.2,1575.8293053789466,0.026397239963267358,14.626799583435059,60671,0.015529404499999002,16.411558222046455
6106,Kabupaten Ketapang,2024,V2.2,4522.79399562478,0.03247965590705053,33.502166748046875,140907,0.016368324834727426,22.644570629251692
6107,Kabupaten Sintang,2024,V2.2,1355.097619191338,0.01292747494980772,11.872429847717285,106314,0.006243760962215959,17.780285906975372
6108,Kabupaten Kapuas Hulu,2024,V2.2,430.6373618711443,0.0029569960260714245,6.350555419921875,146926,0.0018911036751833074,15.215998108600122
6109,Kabupaten Sekadau,2024,V2.2,551.5845663761392,0.0206801240309794,13.383931159973145,27224,0.012281124525153836,14.551767404802538
6110,Kabupaten Melawi,2024,V2.2,510.6713411808014,0.01088500335784521,9.77066707611084,47613,0.006053484314353879,21.231512757538486
6111,Kabupaten Kayong Utara,2024,V2.2,384.82193719955063,0.0178054083785898,14.253035545349121,22480,0.012171706321499515,18.393607844645718
6112,Kabupaten Kubu Raya,2024,V2.2,7720.095456325307,0.19199323607814664,37.965919494628906,41639,0.0483652932873515,18.70131533148361
6171,Kota Pontianak,2024,V2.2,8549.570137525543,16.876502802782234,71.2979736328125,597,0.9937297765942624,19.785093898530768
6172,Kota Singkawang,2024,V2.2,2393.6691999304535,1.134366588888866,28.672332763671875,2246,0.3231218116096899,15.951870057704634
6201,Kabupaten Kotawaringin Barat,2024,V2.2,4869.7470994459645,0.1240564050994113,22.677268981933594,40013,0.06075498064605594,25.420346127203178
6202,Kabupaten Kotawaringin Timur,2024,V2.2,5602.315236653534,0.07620438303221402,24.092466354370117,74316,0.03840111182548387,24.995380764968917
6203,Kabupaten Kapuas,2024,V2.2,4008.731419590291,0.049496528578009374,28.37845802307129,82219,0.021196621869644865,24.203365027818197
6204,Kabupaten Barito Selatan,2024,V2.2,1414.786225846819,0.04555640789035601,34.29275894165039,31660,0.02501741336629288,29.569070199479647
6205,Kabupaten Barito Utara,2024,V2.2,4686.050736608811,0.10078515280604294,35.45907211303711,47217,0.046457426698072624,27.81753313565002
6206,Kabupaten Sukamara,2024,V2.2,694.7037458597446,0.045170169593085965,12.096837997436523,15830,0.026610577119217983,24.586267257276173
6207,Kabupaten Lamandau,2024,V2.2,727.6639394964658,0.02123156035951947,6.8744025230407715,34772,0.016092131048837634,19.757088779503658
6208,Kabupaten Seruyan,2024,V2.2,1536.398886818278,0.0197523139916818,7.036172389984131,78958,0.013431494512779982,26.4330552604082
6209,Kabupaten Katingan,2024,V2.2,862.3022948509338,0.009493009629904495,8.711067199707031,92099,0.006008707056017187,21.616272474962607
6210,Kabupaten Pulang Pisau,2024,V2.2,964.5926731122474,0.02114033809633691,13.678140640258789,46361,0.01648710167702091,28.779184224087714
6211,Kabupaten Gunung Mas,2024,V2.2,712.1050739901907,0.015059462987226779,22.0981502532959,47855,0.008565609547066984,16.313832011415506
6212,Kabupaten Barito Timur,2024,V2.2,1055.3010576444515,0.06844718986818736,20.55111312866211,15767,0.04702324086028732,33.304652597822155
6213,Kabupaten Murung Raya,2024,V2.2,2663.3596592011404,0.023848877291225905,28.158641815185547,112784,0.010747743315927899,18.335048955995553
6271,Kota Palangka Raya,2024,V2.2,5154.448814185927,0.42298936001100995,37.00151443481445,12532,0.08893276307617057,22.386405545525623
6301,Kabupaten Tanah Laut,2024,V2.2,6465.690828363335,0.35888455195080715,45.8785514831543,18421,0.21727241837844605,36.85083995795479
6302,Kabupaten Kotabaru,2024,V2.2,4155.716274554353,0.09673176867713068,25.154239654541016,44704,0.05823343707482785,36.532802074647485
6303,Kabupaten Banjar,2024,V2.2,6015.693293411943,0.2716491723776759,30.30696678161621,22766,0.12272719867341861,38.3505538165778
6304,Kabupaten Barito Kuala,2024,V2.2,2584.3701807971092,0.2317511054895548,31.037845611572266,11558,0.12521108583043503,33.3293033903848
6305,Kabupaten Tapin,2024,V2.2,5730.943509865509,0.5583881586925767,45.07683181762695,10641,0.20495659606466404,37.016712779009545
6306,Kabupaten Hulu Sungai Selatan,2024,V2.2,1795.3925205083456,0.22579020649430753,21.42096519470215,8258,0.11851659328969347,35.151041325036736
6307,Kabupaten Hulu Sungai Tengah,2024,V2.2,971.7284648942012,0.12471356260145755,12.150465965270996,8066,0.08837780257378534,39.08296932022536
6308,Kabupaten Hulu Sungai Utara,2024,V2.2,820.3040474479105,0.19668156551574026,16.557321548461914,4363,0.1223769056748539,34.7978447327495
6309,Kabupaten Tabalong,2024,V2.2,7144.196141419924,0.4830318332343675,42.90296173095703,15286,0.14398154383947956,37.35937147026726
6310,Kabupaten Tanah Bumbu,2024,V2.2,11602.463943034172,0.5260095051802561,39.518558502197266,22536,0.24091026188750403,40.501697967186324
6311,Kabupaten Balangan,2024,V2.2,3677.045194463286,0.4128020962174473,38.67110824584961,9203,0.15732544281790373,40.14632527067883
6371,Kota Banjarmasin,2024,V2.2,6012.913285642046,13.115716931172509,56.70796203613281,529,0.9784696976177241,34.98463709849878
6372,Kota Banjarbaru,2024,V2.2,6969.603130824425,4.5934661427528765,37.02696990966797,1636,0.7763809484425245,35.18863140591565
6401,Kabupaten Paser,2024,V2.2,6496.918641403727,0.13067752591150084,39.75954818725586,50599,0.05550382942513583,40.931305008202436
6402,Kabupaten Kutai Barat,2024,V2.2,5076.97529676767,0.07941275737577365,20.043880462646484,64603,0.045935697825515175,35.916595880099116
6403,Kabupaten Kutai Kartanegara,2024,V2.2,37488.87553381418,0.317812550185571,523.7044067382812,120777,0.11714677389782781,33.59725734065651
6404,Kabupaten Kutai Timur,2024,V2.2,24191.52155085721,0.164327497706203,104.67289733886719,149019,0.05911968174876113,36.80297761040976
6405,Kabupaten Berau,2024,V2.2,9659.0016478431,0.0915937498366084,24.31462860107422,107543,0.04220077240034826,40.20353883014369
6409,Kabupaten Penajam Paser Utara,2024,V2.2,6201.741425043229,0.4098388817225148,92.59931945800781,15495,0.1589821641865116,39.833212092061096
6411,Kabupaten Mahakam Ulu,2024,V2.2,82.59338828407081,9.739873285235135E-4,3.7045907974243164,86010,8.558159994676236E-4,18.627863123269652
6471,Kota Balikpapan,2024,V2.2,14446.166055487878,5.6923182087395885,360.8105163574219,2673,0.6599927682693909,30.043356388337727
6472,Kota Samarinda,2024,V2.2,16701.01986075593,4.929656773413728,205.63294982910156,3564,0.8023060379254224,38.330507022754766
6474,Kota Bontang,2024,V2.2,8336.761273283817,10.77565007318029,781.6409912109375,930,0.72128139493626,32.504919279215336
6501,Kabupaten Malinau,2024,V2.2,1134.4462805688381,0.006068061781174524,15.47560977935791,188612,0.0035463335988914517,25.145237552854667
6502,Kabupaten Bulungan,2024,V2.2,4173.424105280637,0.0701236029679367,134.32095336914062,61555,0.027550359472839122,40.80574293359629
6503,Kabupaten Tana Tidung,2024,V2.2,1096.342319551753,0.08026296128199674,40.58526611328125,14694,0.032456615320305596,40.152376503742836
6504,Kabupaten Nunukan,2024,V2.2,1878.2407870712234,0.028235717096283912,20.16740608215332,68234,0.016448473017828404,39.226315729279385
6571,Kota Tarakan,2024,V2.2,3798.431315466468,3.2315534725820068,118.34294891357422,1267,0.5835713237158533,35.75642574032803
7101,Kabupaten Bolaang Mongondow,2024,V2.2,1855.7945951579836,0.1224798870531371,7.818008899688721,15592,0.10397293590602003,44.011331575268095
7102,Kabupaten Minahasa,2024,V2.2,2738.6688444628426,0.5269190211141865,17.1673526763916,5587,0.326823684929295,43.45534591954226
7103,Kabupaten Kepulauan Sangihe,2024,V2.2,300.5683068908313,0.10696067557459342,5.021903991699219,3272,0.07678932024879602,52.76999487838612
7104,Kabupaten Kepulauan Talaud,2024,V2.2,247.84450393032802,0.05214636256558169,3.8268258571624756,5247,0.03659631347051935,43.64411046386911
7105,Kabupaten Minahasa Selatan,2024,V2.2,1155.4641536580582,0.16624698724939238,7.694486618041992,7296,0.12815891911350247,46.38829547435768
7106,Kabupaten Minahasa Utara,2024,V2.2,3777.0365240377537,0.7951334176199495,24.864986419677734,5190,0.38568594541892637,42.55302448033063
7107,Kabupaten Bolaang Mongondow Utara,2024,V2.2,793.2476780869213,0.101203748151151,9.480026245117188,8142,0.06779782280877476,40.93768868306846
7108,Kabupaten Siau Tagulandang Biaro,2024,V2.2,124.75242158770561,0.12125088619195057,3.7513763904571533,1269,0.11396761750849964,42.74532710280374
7109,Kabupaten Minahasa Tenggara,2024,V2.2,1080.4557419806133,0.3282092198194022,10.707527160644531,3505,0.19726774459082302,41.96448520643805
7110,Kabupaten Bolaang Mongondow Selatan,2024,V2.2,559.7008092671049,0.06643994857141147,13.082443237304688,8882,0.041227822309407934,34.8686658029822
7111,Kabupaten Bolaang Mongondow Timur,2024,V2.2,620.3173473583718,0.1508366853659182,8.045825958251953,4379,0.10249358723741052,37.928388751680664
7171,Kota Manado,2024,V2.2,5554.013000650734,7.375271130375134,41.64006423950195,890,0.8825235640264543,41.59305316877571
7172,Kota Bitung,2024,V2.2,2325.670024285013,1.5969438425278726,42.32062530517578,1659,0.42637527163449246,40.24066479428484
7173,Kota Tomohon,2024,V2.2,1092.7089570415956,1.5526882988437722,15.350746154785156,778,0.67978958747778,45.76270638648812
7174,Kota Kotamobagu,2024,V2.2,924.8773877494473,1.8506837461636354,19.02686882019043,564,0.6061630936313129,49.82478263598983
7201,Kabupaten Banggai Kepulauan,2024,V2.2,303.7422691561428,0.027443235548742773,5.942816257476807,11702,0.020288802396588656,25.353619419312654
7202,Kabupaten Banggai,2024,V2.2,8095.635751173778,0.2079300692838629,479.4218444824219,39912,0.055524644963536464,33.599932959156234
7203,Kabupaten Morowali,2024,V2.2,18480.683578662418,0.9541868578315222,628.59619140625,20287,0.10496213886748267,23.39598585740211
7204,Kabupaten Poso,2024,V2.2,1375.8167411575132,0.04018741838365285,17.633344650268555,34854,0.02250992218950717,22.28180736427608
7205,Kabupaten Donggala,2024,V2.2,1597.0454607014562,0.06954710961311696,43.38632583618164,24222,0.04483670082487234,20.428568159470093
7206,Kabupaten Toli-toli,2024,V2.2,1003.3227890097629,0.059719294471032164,14.861007690429688,17560,0.04176333077740937,35.17832786552338
7207,Kabupaten Buol,2024,V2.2,513.4162038097195,0.028385486835830115,9.437955856323242,18722,0.02089302935483199,39.94391182969891
7208,Kabupaten Parigi Moutong,2024,V2.2,1887.6770828914991,0.06977802809680028,8.153907775878906,28192,0.05515080062617301,22.704749048802977
7209,Kabupaten Tojo Una-una,2024,V2.2,660.9843863618726,0.025937422253185443,9.623339653015137,26889,0.018306123441378823,31.864391265997064
7210,Kabupaten Sigi,2024,V2.2,2443.3772430436284,0.09617924893022672,18.483869552612305,26018,0.03794878919440423,22.205210921369982
7211,Kabupaten Banggai Laut,2024,V2.2,250.11282597873736,0.07826028934603671,7.76592493057251,4032,0.056318308818747484,28.358233624596178
7212,Kabupaten Morowali Utara,2024,V2.2,1954.79544910882,0.046650777353117096,146.28443908691406,42792,0.013021095816746145,21.752067322283843
7271,Kota Palu,2024,V2.2,7205.910321520827,3.9665989530114976,50.354705810546875,2031,0.5223391509892176,18.301751772820005
7301,Kabupaten Kepulauan Selayar,2024,V2.2,288.7831146020515,0.05231117337171437,9.01976203918457,6488,0.030406528552471973,65.83033534982722
7302,Kabupaten Bulukumba,2024,V2.2,2161.2315439711588,0.39444346576971107,14.333287239074707,5741,0.3246027394907223,49.388311143620754
7303,Kabupaten Bantaeng,2024,V2.2,1942.510205052998,1.0363175571592058,86.41545867919922,2010,0.6113527525152672,52.60865599260222
7304,Kabupaten Jeneponto,2024,V2.2,3071.3785816158743,0.8206803694228512,24.31145668029785,4030,0.646976104751806,55.91178332068925
7305,Kabupaten Takalar,2024,V2.2,2064.7866742859874,0.7668844182800137,19.43610954284668,3046,0.5204836790368375,56.57656673526856
7306,Kabupaten Gowa,2024,V2.2,7418.991306323047,0.8748231980184339,34.91370391845703,8894,0.33439150111697225,49.64136343184856
7307,Kabupaten Sinjai,2024,V2.2,543.9827460699221,0.13292435207655862,12.139002799987793,4335,0.08469309139414008,42.77591302148019
7308,Kabupaten Maros,2024,V2.2,6116.376563245639,0.9035508371038187,64.47959899902344,7066,0.35296724585105843,44.254251191805196
7309,Kabupaten Pangkajene dan Kepulauan,2024,V2.2,2170.2315339929924,0.5257174026984737,21.294179916381836,4845,0.309364532609336,43.3626573849074
7310,Kabupaten Barru,2024,V2.2,1166.5812824986726,0.20918529691519575,19.109622955322266,5893,0.1309026215121512,35.48705065819085
7311,Kabupaten Bone,2024,V2.2,2234.830610564059,0.10354241289937921,17.227020263671875,22224,0.0725822964983233,40.21199800357897
7312,Kabupaten Soppeng,2024,V2.2,986.7088350615081,0.15447652925270244,20.117176055908203,6626,0.1107640244696083,34.874790335929156
7313,Kabupaten Wajo,2024,V2.2,1587.6126017688534,0.13514726930528345,18.029314041137695,12097,0.09063425954981315,25.64961362765375
7314,Kabupaten Sidenreng Rappang,2024,V2.2,1890.7573070909464,0.20357274459507654,18.69819450378418,9672,0.129038632295885,21.900674166222277
7315,Kabupaten Pinrang,2024,V2.2,1993.1182647063454,0.2225256109388276,14.843157768249512,9297,0.15842660963184962,23.142523265257886
7316,Kabupaten Enrekang,2024,V2.2,541.6601801448008,0.06331971460834787,7.970650672912598,8834,0.04755510772159068,23.69513432879609
7317,Kabupaten Luwu,2024,V2.2,757.1358618567972,0.055747032331572056,9.54814624786377,14067,0.035967253358557674,14.963732167745542
7318,Kabupaten Tana Toraja,2024,V2.2,321.2218619516083,0.033898648176233205,10.002694129943848,9895,0.019121267588905158,18.293118553597186
7322,Kabupaten Luwu Utara,2024,V2.2,484.92957377067086,0.013681057048089303,7.37389612197876,36024,0.009997390070695998,16.329419213837056
7325,Kabupaten Luwu Timur,2024,V2.2,20379.169737350912,0.6484482518641329,4075.046875,32078,0.058609537240718976,16.13215087477134
7326,Kabupaten Toraja Utara,2024,V2.2,381.5669586658478,0.06575135234147549,10.804535865783691,6062,0.032912986861159975,13.754775440917788
7371,Kota Makassar,2024,V2.2,15614.209885804317,18.23404951814006,63.70180130004883,1045,0.9753391157802183,49.185476410730736
7372,Kota Parepare,2024,V2.2,1221.8535996264109,2.9682633555439257,24.474411010742188,466,0.6268291288773723,27.09412392348145
7373,Kota Palopo,2024,V2.2,1215.3212450382753,0.9236009724110842,23.4284725189209,1420,0.21231321265296135,11.593439867438345
7401,Kabupaten Buton,2024,V2.2,534.0636217102117,0.0687396771715274,5.136446475982666,8161,0.05085484063097495,49.681099925903034
7402,Kabupaten Muna,2024,V2.2,953.2329686690781,0.10457120517800914,12.041902542114258,9758,0.0730784900066122,47.37911418734542
7403,Kabupaten Konawe,2024,V2.2,5887.739783503962,0.2476516302825676,173.05747985839844,24652,0.10589825024305388,33.81586924872847
7404,Kabupaten Kolaka,2024,V2.2,3274.6750624223087,0.2269905429686875,35.36017990112305,15050,0.11935158462663836,35.27957489942919
7405,Kabupaten Konawe Selatan,2024,V2.2,3316.521430268943,0.16628351420055204,13.378165245056152,20620,0.1321030206627253,44.45907978222455
7406,Kabupaten Bombana,2024,V2.2,1194.3603952297976,0.07631470165978889,20.0779972076416,16335,0.05474022192665856,43.68791551111186
7407,Kabupaten Wakatobi,2024,V2.2,563.7149359111694,0.258965431579328,9.621111869812012,2595,0.16925576895707473,56.63123352723825
7408,Kabupaten Kolaka Utara,2024,V2.2,473.0507383761453,0.031051364794496356,5.647182464599609,15767,0.024160397983209906,23.17131158027455
7409,Kabupaten Buton Utara,2024,V2.2,194.92042522442108,0.024964582496727734,3.610093355178833,8348,0.019302775627834938,45.06735378895827
7410,Kabupaten Konawe Utara,2024,V2.2,1794.1392030449465,0.08179977671637316,86.02041625976562,22693,0.05017511199729948,30.521612224726944
7411,Kabupaten Kolaka Timur,2024,V2.2,564.8050306841438,0.03238911998117639,4.424258708953857,17998,0.03039882448133658,34.82168489209344
7412,Kabupaten Konawe Kepulauan,2024,V2.2,225.6966655112949,0.0675778191808609,4.330881595611572,3487,0.05320965185228673,37.532576762754644
7413,Kabupaten Muna Barat,2024,V2.2,329.70895170733047,0.08639230597785963,2.107020139694214,4222,0.07977817190136319,46.35437110685935
7414,Kabupaten Buton Tengah,2024,V2.2,586.3522279770933,0.14747623987816713,5.030594348907471,4358,0.10971073829938549,51.88642875671814
7415,Kabupaten Buton Selatan,2024,V2.2,365.62976725872807,0.1441945057670875,3.341362714767456,2783,0.11375573000760916,54.974916331063
7471,Kota Kendari,2024,V2.2,6410.0622141050335,5.082636908801619,36.1948127746582,1391,0.8518647504026766,37.596300350126555
7472,Kota Baubau,2024,V2.2,1811.7693014571473,1.3284752244932612,26.81093978881836,1494,0.4451645924869452,54.25892836603719
7501,Kabupaten Boalemo,2024,V2.2,1086.1061811530121,0.12615203366003624,9.223400115966797,8998,0.10053871167424215,40.245512595978106
7502,Kabupaten Gorontalo,2024,V2.2,3470.1235736042854,0.3427658248356411,17.68802833557129,10532,0.20053788514993845,39.476086461377314
7503,Kabupaten Pohuwato,2024,V2.2,2074.5014512535395,0.10167330526247999,15.522601127624512,20975,0.0628487706321721,36.58035952133009
7504,Kabupaten Bone Bolango,2024,V2.2,1661.3305578259858,0.18673900982211916,12.210429191589355,9159,0.09771415800904255,39.240401971774
7505,Kabupaten Gorontalo Utara,2024,V2.2,840.8031012360959,0.10568121992795917,28.36113739013672,8578,0.08056928570161102,33.821440682811584
7571,Kota Gorontalo,2024,V2.2,2494.616674562997,7.898767641566587,30.747119903564453,379,0.9123486682808722,37.2021729682747
7601,Kabupaten Majene,2024,V2.2,346.0303245371462,0.0828210691898197,8.848719596862793,4470,0.048090767616355154,19.525498356488917
7602,Kabupaten Polewali Mandar,2024,V2.2,995.4769787870204,0.10183642153283808,10.84107494354248,10097,0.05721730339512736,22.062736240768007
7603,Kabupaten Mamasa,2024,V2.2,110.74886032938957,0.007958650069422873,5.722071647644043,14302,0.006036419732385395,17.389486878959673
7604,Kabupaten Mamuju,2024,V2.2,779.0579060050787,0.034696529195749864,13.216784477233887,23117,0.013745367765129392,17.770217222954017
7605,Kabupaten Pasangkayu,2024,V2.2,452.9456535240014,0.032782686612143015,6.683554172515869,14347,0.02444287013416075,17.196340239484375
7606,Kabupaten Mamuju Tengah,2024,V2.2,223.04010202908051,0.01656473780124128,3.7349774837493896,13855,0.014713506170941013,19.66712217694303
8101,Kabupaten Kepulauan Tanimbar,2024,V2.2,506.6729879156634,0.024233546184210183,11.447705268859863,22684,0.015320024180725976,60.84062515767083
8102,Kabupaten Maluku Tenggara,2024,V2.2,325.44924596314354,0.06844764928669533,9.45984935760498,5513,0.046458708090128024,24.890608543176533
8103,Kabupaten Maluku Tengah,2024,V2.2,984.8379798012623,0.025904347370140485,11.090437889099121,39281,0.021591384282512817,24.497236621337915
8104,Kabupaten Buru,2024,V2.2,956.6099825176536,0.045777400658280586,12.609403610229492,21333,0.028010786053645372,30.900786359534244
8105,Kabupaten Kepulauan Aru,2024,V2.2,202.88797830156253,0.005314039848071945,5.623926639556885,41235,0.0031520775743054063,35.71451450168311
8106,Kabupaten Seram Bagian Barat,2024,V2.2,328.73034031075576,0.014053635018483241,4.1233320236206055,24379,0.011848804062945265,23.53625147261314
8107,Kabupaten Seram Bagian Timur,2024,V2.2,557.9163908413813,0.020481526888397498,31.25213050842285,28077,0.008547845259167072,24.55244043681472
8108,Kabupaten Maluku Barat Daya,2024,V2.2,1028.4323199740227,0.047345451156758124,25.011672973632812,23263,0.021371780151216446,65.1673568534847
8109,Kabupaten Buru Selatan,2024,V2.2,185.22233537827054,0.009538625304109045,4.894928932189941,19943,0.006607527831772392,30.2638713553631
8171,Kota Ambon,2024,V2.2,1874.16832376403,1.3477825855062378,34.488590240478516,1565,0.41861350509881795,17.798717963180223
8172,Kota Tual,2024,V2.2,524.8416575372219,0.48406269728948575,13.82648754119873,1480,0.17762458315550375,29.654078746536847
8201,Kabupaten Halmahera Barat,2024,V2.2,592.8635730749251,0.05820914570520672,7.514577865600586,10823,0.045293567278481724,28.468401618672445
8202,Kabupaten Halmahera Tengah,2024,V2.2,6715.292811705673,0.6336635362106539,94.60638427734375,11460,0.12299491559292179,26.14317675530458
8203,Kabupaten Kepulauan Sula,2024,V2.2,363.0856660304116,0.04338351643735813,14.810358047485352,9039,0.024704003658602883,24.05000684113751
8204,Kabupaten Halmahera Selatan,2024,V2.2,8507.393671222297,0.22306524873800687,549.8877563476562,41313,0.025457516138253287,21.975394382098745
8205,Kabupaten Halmahera Utara,2024,V2.2,1314.2396159311718,0.08074096074571821,23.85704231262207,17093,0.04654714451435241,32.31551125775326
8206,Kabupaten Halmahera Timur,2024,V2.2,1596.8069292125167,0.05276509613952446,23.93733787536621,31112,0.028848562379478016,29.328100093391804
8207,Kabupaten Pulau Morotai,2024,V2.2,614.5697241355973,0.05603129711589497,15.959991455078125,11400,0.030383735846951886,38.49779901062741
8208,Kabupaten Pulau Taliabu,2024,V2.2,527.1723939866414,0.037665816603794644,10.67647933959961,14700,0.022650659528141163,26.944467778147978
8271,Kota Ternate,2024,V2.2,1371.6308990737966,1.8113574556894916,30.02716827392578,893,0.38742387206363665,23.670718191987415
8272,Kota Tidore Kepulauan,2024,V2.2,887.2944150633675,0.11264151168440407,22.745037078857422,8329,0.059882290506075145,27.767270846339418
9101,Kabupaten Fakfak,2024,V2.2,329.14965933403556,0.006394068278136066,10.942414283752441,52768,0.002915807700063453,21.65847607205547
9102,Kabupaten Kaimana,2024,V2.2,255.6361734449863,0.0033750092793911955,9.124826431274414,77980,0.0017362441417616034,15.954521431367231
9103,Kabupaten Teluk Wondama,2024,V2.2,120.97898743246115,0.004012887932107857,4.515433311462402,31380,0.002707982851956795,13.592237072464757
9104,Kabupaten Teluk Bintuni,2024,V2.2,4036.105629481989,0.0415378194623192,293.98779296875,98779,0.004962307265836662,18.045694966180523
9105,Kabupaten Manokwari,2024,V2.2,2127.401740216859,0.232528534699975,17.505691528320312,9651,0.09672467941395443,27.1442104626975
9111,Kabupaten Manokwari Selatan,2024,V2.2,237.00434984991367,0.02130577454392801,4.688713073730469,11530,0.015816431391447602,22.405424508929148
9112,Kabupaten Pegunungan Arfak,2024,V2.2,42.13215014338493,0.0027401186380644296,2.396618366241455,15800,0.0028615966587160887,26.718804260667504
9201,Kabupaten Raja Ampat,2024,V2.2,364.0621401453719,0.009980060028927746,9.04464054107666,40498,0.0051928950059088545,12.823813204992863
9202,Kabupaten Sorong,2024,V2.2,1815.339559121693,0.04974136401568686,132.2769317626953,37332,0.02256980728578303,10.522383859401264
9203,Kabupaten Sorong Selatan,2024,V2.2,156.25715839862823,0.005913751658616819,4.125481605529785,27057,0.004125244164141233,11.114098658267878
9204,Kabupaten Maybrat,2024,V2.2,36.232732474803925,0.0023435730147087345,2.2347984313964844,15814,0.00226383852147628,13.38308028649415
9205,Kabupaten Tambrauw,2024,V2.2,45.26394997987093,8.241173386236057E-4,2.5981690883636475,55547,6.736562218417412E-4,21.907465838810893
9271,Kota Sorong,2024,V2.2,1604.8487233729925,1.1543492257356145,21.535091400146484,1552,0.2821049484227836,7.054750547928592
9403,Kabupaten Jayapura,2024,V2.2,1882.5147697024486,0.028000447401342887,30.62734031677246,68160,0.011858220023416858,21.269709964216744
9408,Kabupaten Kepulauan Yapen,2024,V2.2,529.8387807998002,0.046516561906492115,22.134553909301758,12381,0.015005166062840419,12.486211724914126
9409,Kabupaten Biak Numfor,2024,V2.2,1872.5714545677688,0.17775638060136414,20.95437240600586,11196,0.06180859645615712,21.639656582509776
9419,Kabupaten Sarmi,2024,V2.2,159.20397295098678,0.00242127550622705,5.63041877746582,66966,0.0017227509526571217,23.580040494339173
9420,Kabupaten Keerom,2024,V2.2,692.8960520295536,0.016279663327862494,5.018731117248535,43144,0.013339505327675617,22.431278393369972
9426,Kabupaten Waropen,2024,V2.2,80.19739631367665,0.0015856092054683576,3.009422779083252,51389,0.0013177010083300876,12.579113969933468
9427,Kabupaten Supiori,2024,V2.2,91.41954049731002,0.02914354861822332,4.33249044418335,3513,0.02379791524461748,21.62290880632877
9428,Kabupaten Mamberamo Raya,2024,V2.2,13.944048047065735,1.0300020691396523E-4,1.1945825815200806,136762,9.602682702770206E-5,20.01391664807688
9471,Kota Jayapura,2024,V2.2,4186.037125046696,1.1784467984028615,33.390777587890625,3778,0.24483606792654491,21.79111328965934
9501,Kabupaten Merauke,2024,V2.2,2621.493956142781,0.012613487521582872,17.46137237548828,210191,0.006594956868946226,31.88316921117927
9502,Kabupaten Boven Digoel,2024,V2.2,252.34968397021294,0.0022678544178816352,4.229456424713135,112099,0.0013480427529380201,8.278095686788317
9503,Kabupaten Mappi,2024,V2.2,210.17490503191948,0.0017282017076204494,4.050212860107422,122656,0.001389633498554452,17.301132176443687
9504,Kabupaten Asmat,2024,V2.2,49.51695314049721,4.2104406355486214E-4,2.339531898498535,118590,3.5712719680326124E-4,10.05039968402079
9601,Kabupaten Mimika,2024,V2.2,5412.783934718313,0.06469283058376536,43.27439880371094,84860,0.01658627440071622,6.912401778567865
9602,Kabupaten Dogiyai,2024,V2.2,29.986743688583374,0.0013762393232368266,2.2995455265045166,22228,0.0010555832524922742,9.343684228524328
9603,Kabupaten Deiyai,2024,V2.2,61.86578595638275,0.0071788211835019326,3.4367434978485107,8856,0.004873622553177538,5.608255397844134
9604,Kabupaten Nabire,2024,V2.2,1194.7576039830842,0.020784000717648805,13.238815307617188,58828,0.008428667949558976,9.83358626886818
9605,Kabupaten Paniai,2024,V2.2,82.80567247505282,0.0037501743143512874,3.4841551780700684,22507,0.002456254515565514,7.030347619511082
9606,Kabupaten Intan Jaya,2024,V2.2,14.90928241237998,6.864315460374605E-4,1.4105645418167114,22221,7.366487824712255E-4,8.218468362740303
9607,Kabupaten Puncak,2024,V2.2,0.0,0.0,0.0,37960,0.0,9.09362973260437
9608,Kabupaten Puncak Jaya,2024,V2.2,15.925092339515686,7.686521669446897E-4,1.6155681610107422,21107,8.205344471149937E-4,9.562152408547792
9701,Kabupaten Nduga,2024,V2.2,0.0,0.0,0.0,33252,0.0,6.746144692658223
9702,Kabupaten Jayawijaya,2024,V2.2,459.46907514333725,0.03715091191862856,20.069015502929688,12769,0.012936987990162813,7.5364800865509896
9703,Kabupaten Lanny Jaya,2024,V2.2,25.944396197795868,0.001500414469058205,1.7398267984390259,17648,0.0012723024296894155,6.16046636574409
9704,Kabupaten Tolikara,2024,V2.2,25.882092207670212,0.0015150343452462686,2.6338961124420166,17428,0.0011121841437203603,11.99068542910223
9705,Kabupaten Mamberamo Tengah,2024,V2.2,-2.663467198610306,-1.8405640182619768E-4,0.3365328013896942,14879,0.0,12.751912624282301
9706,Kabupaten Yalimo,2024,V2.2,16.92560738325119,9.016492342884745E-4,1.6506776809692383,19189,9.056122262455405E-4,12.232439426867574
9707,Kabupaten Yahukimo,2024,V2.2,32.34456363320351,4.714822133407032E-4,2.7390410900115967,69387,3.49844667824203E-4,6.497417551844179
9708,Kabupaten Pegunungan Bintang,2024,V2.2,0.0,0.0,0.0,72472,0.0,8.333122993976072
