{"type":"FeatureCollection", "features": [
{"type":"Feature","geometry":{"type":"Polygon","coordinates":[[[95.805,2.93],[95.77,2.908],[95.765,2.848],[95.719,2.825],[95.692,2.773],[95.819,2.646],[95.95,2.57],[96.008,2.591],[96.075,2.57],[96.161,2.512],[96.228,2.442],[96.313,2.42],[96.314,2.359],[96.442,2.328],[96.499,2.363],[96.454,2.476],[96.35,2.546],[96.253,2.586],[96.185,2.653],[96.106,2.637],[96.118,2.738],[96.033,2.756],[95.972,2.813],[95.865,2.849],[95.903,2.896],[95.805,2.93]]]},"properties":{"kode_bps":"1101"}},
{"type":"Feature","geometry":{"type":"MultiPolygon","coordinates":[[[[97.113,2.114],[97.077,2.079],[97.121,2.04],[97.163,2.071],[97.113,2.114]]],[[[97.169,2.236],[97.174,2.178],[97.261,2.135],[97.307,2.063],[97.341,2.056],[97.339,2.164],[97.236,2.235],[97.169,2.236]]],[[[97.792,2.507],[97.732,2.423],[97.665,2.395],[97.783,2.231],[97.803,2.268],[97.949,2.27],[98.085,2.201],[98.131,2.164],[98.179,2.24],[98.197,2.312],[98.147,2.424],[98.086,2.504],[98.079,2.583],[98.043,2.567],[98.024,2.584],[97.854,2.564],[97.841,2.502],[97.792,2.507]]]]},"properties":{"kode_bps":"1102"}},
{"type":"Feature","geometry":{"type":"Polygon","coordinates":[[[96.97,3.623],[96.94,3.57],[97,3.545],[97.07,3.416],[97.122,3.352],[97.172,3.255],[97.258,3.221],[97.319,3.055],[97.393,2.963],[97.534,2.883],[97.592,2.879],[97.615,2.829],[97.648,2.678],[97.661,2.402],[97.664,2.394],[97.728,2.42],[97.791,2.5],[97.795,2.547],[97.825,2.636],[97.766,2.787],[97.857,2.842],[97.858,2.882],[97.905,2.912],[97.906,2.955],[97.9,2.966],[97.806,2.96],[97.777,2.966],[97.763,2.935],[97.751,2.927],[97.64,2.955],[97.634,3.008],[97.599,3.113],[97.52,3.168],[97.478,3.217],[97.474,3.332],[97.398,3.453],[97.469,3.576],[97.458,3.627],[97.358,3.626],[97.295,3.599],[97.28,3.648],[97.219,3.683],[97.154,3.746],[97.132,3.69],[97.035,3.606],[96.97,3.623]]]},"properties":{"kode_bps":"1103"}},
{"type":"Feature","geometry":{"type":"Polygon","coordinates":[[[97.806,2.96],[97.829,3],[97.902,3.008],[97.935,2.99],[97.946,3.003],[97.939,3.028],[97.93,3.054],[97.981,3.119],[97.938,3.164],[97.944,3.201],[97.925,3.225],[97.893,3.24],[97.882,3.238],[98.021,3.303],[98.002,3.37],[97.91,3.39],[97.921,3.422],[97.904,3.557],[97.868,3.571],[97.844,3.661],[97.8,3.723],[97.825,3.75],[97.635,3.733],[97.477,3.702],[97.316,3.677],[97.264,3.685],[97.255,3.695],[97.28,3.648],[97.295,3.599],[97.358,3.626],[97.458,3.627],[97.469,3.576],[97.398,3.453],[97.474,3.332],[97.478,3.217],[97.52,3.168],[97.599,3.113],[97.634,3.008],[97.641,2.954],[97.753,2.927],[97.777,2.966],[97.806,2.96]]]},"properties":{"kode_bps":"1104"}},
{"type":"Feature","geometry":{"type":"Polygon","coordinates":[[[98,4.399],[97.968,4.426],[97.967,4.445],[97.936,4.432],[97.877,4.458],[97.917,4.529],[97.955,4.535],[97.981,4.543],[98.01,4.621],[97.964,4.665],[97.956,4.75],[97.904,4.89],[97.865,4.894],[97.793,4.945],[97.645,5.076],[97.643,5.127],[97.591,5.144],[97.554,5.213],[97.5,5.213],[97.488,5.209],[97.497,5.203],[97.469,5.109],[97.507,5.062],[97.494,5.015],[97.504,5.012],[97.473,4.915],[97.497,4.875],[97.512,4.882],[97.459,4.846],[97.417,4.769],[97.388,4.76],[97.361,4.767],[97.355,4.771],[97.328,4.711],[97.275,4.632],[97.299,4.629],[97.306,4.621],[97.324,4.548],[97.281,4.525],[97.342,4.51],[97.347,4.445],[97.369,4.402],[97.369,4.366],[97.352,4.347],[97.348,4.238],[97.359,4.205],[97.455,4.162],[97.5,4.156],[97.576,4.211],[97.718,4.247],[97.763,4.32],[97.763,4.339],[97.796,4.344],[97.923,4.351],[98,4.399]]]},"properties":{"kode_bps":"1105"}},
{"type":"Feature","geometry":{"type":"Polygon","coordinates":[[[96.486,4.63],[96.544,4.601],[96.582,4.573],[96.604,4.477],[96.584,4.42],[96.648,4.377],[96.778,4.327],[96.792,4.305],[96.829,4.282],[96.887,4.221],[96.95,4.187],[97.067,4.22],[97.162,4.281],[97.273,4.17],[97.357,4.209],[97.348,4.238],[97.352,4.347],[97.368,4.361],[97.369,4.397],[97.347,4.445],[97.342,4.51],[97.281,4.525],[97.324,4.546],[97.313,4.603],[97.261,4.584],[97.194,4.575],[97.061,4.6],[96.954,4.651],[96.84,4.666],[96.711,4.753],[96.708,4.819],[96.672,4.938],[96.674,4.952],[96.617,4.956],[96.555,4.942],[96.536,4.935],[96.467,4.895],[96.45,4.925],[96.425,4.886],[96.376,4.842],[96.35,4.776],[96.271,4.775],[96.26,4.713],[96.282,4.692],[96.369,4.692],[96.444,4.627],[96.486,4.63]]]},"properties":{"kode_bps":"1106"}},
{"type":"Feature","geometry":{"type":"Polygon","coordinates":[[[96.492,4.555],[96.486,4.63],[96.444,4.627],[96.369,4.692],[96.26,4.713],[96.219,4.763],[96.117,4.74],[96.042,4.658],[96.029,4.614],[96.051,4.593],[95.961,4.512],[95.911,4.407],[95.877,4.367],[96.013,4.218],[96.06,4.202],[96.123,4.138],[96.192,4.107],[96.235,4.121],[96.279,4.156],[96.277,4.21],[96.266,4.227],[96.296,4.368],[96.372,4.417],[96.441,4.426],[96.48,4.458],[96.44,4.51],[96.492,4.555]]]},"properties":{"kode_bps":"1107"}},
{"type":"Feature","geometry":{"type":"MultiPolygon","coordinates":[[[[95.746,5.569],[95.611,5.628],[95.513,5.595],[95.433,5.657],[95.357,5.603],[95.369,5.589],[95.354,5.533],[95.315,5.515],[95.284,5.553],[95.194,5.527],[95.244,5.459],[95.239,5.325],[95.27,5.197],[95.333,5.181],[95.325,5.231],[95.365,5.254],[95.402,5.21],[95.475,5.21],[95.597,5.192],[95.644,5.141],[95.635,5.131],[95.63,5.099],[95.647,5.068],[95.705,5.053],[95.734,5.054],[95.754,5.071],[95.821,5.085],[95.84,5.142],[95.831,5.168],[95.793,5.212],[95.748,5.318],[95.791,5.453],[95.725,5.497],[95.746,5.569]]],[[[95.072,5.744],[95.039,5.707],[95.076,5.669],[95.133,5.686],[95.072,5.744]]]]},"properties":{"kode_bps":"1108"}},
{"type":"Feature","geometry":{"type":"Polygon","coordinates":[[[96.219,4.763],[96.281,4.779],[96.35,4.776],[96.376,4.842],[96.425,4.886],[96.45,4.925],[96.423,4.941],[96.397,4.942],[96.374,4.931],[96.351,4.945],[96.342,4.944],[96.324,4.916],[96.261,4.915],[96.211,4.959],[96.206,5.039],[96.193,5.077],[96.126,5.078],[96.021,5.145],[96.054,5.202],[96.058,5.3],[96.05,5.327],[95.927,5.411],[95.887,5.504],[95.746,5.569],[95.725,5.497],[95.791,5.453],[95.748,5.318],[95.793,5.212],[95.831,5.168],[95.841,5.138],[95.821,5.085],[95.761,5.073],[95.743,5.061],[95.784,5.009],[95.879,4.915],[95.902,4.866],[95.991,4.787],[96.042,4.658],[96.117,4.74],[96.219,4.763]]]},"properties":{"kode_bps":"1109"}},
{"type":"Feature","geometry":{"type":"Polygon","coordinates":[[[96.536,4.935],[96.589,4.952],[96.657,4.955],[96.663,4.974],[96.745,4.967],[96.786,4.942],[96.794,4.95],[96.817,4.99],[96.821,5.072],[96.859,5.095],[96.908,5.222],[96.859,5.275],[96.727,5.248],[96.64,5.214],[96.531,5.198],[96.465,5.237],[96.399,5.21],[96.342,5.227],[96.335,5.151],[96.356,5.092],[96.366,5.046],[96.325,4.962],[96.333,4.949],[96.363,4.942],[96.372,4.931],[96.399,4.942],[96.432,4.938],[96.462,4.914],[96.467,4.895],[96.536,4.935]]]},"properties":{"kode_bps":"1110"}},
{"type":"Feature","geometry":{"type":"Polygon","coordinates":[[[97.5,5.213],[97.484,5.241],[97.202,5.141],[97.177,5.142],[97.179,5.084],[97.13,5.091],[97.108,5.126],[97.053,5.193],[97.026,5.209],[97.037,5.23],[96.979,5.263],[96.908,5.222],[96.859,5.095],[96.821,5.072],[96.817,4.99],[96.786,4.942],[96.854,4.88],[96.911,4.876],[96.958,4.863],[96.999,4.867],[97.011,4.905],[97.081,4.911],[97.102,4.902],[97.144,4.913],[97.232,4.882],[97.258,4.867],[97.282,4.824],[97.273,4.795],[97.253,4.76],[97.251,4.735],[97.264,4.731],[97.275,4.729],[97.315,4.734],[97.355,4.771],[97.361,4.767],[97.388,4.76],[97.417,4.769],[97.459,4.846],[97.512,4.882],[97.497,4.875],[97.473,4.915],[97.504,5.012],[97.494,5.015],[97.507,5.062],[97.469,5.109],[97.497,5.203],[97.488,5.209],[97.5,5.213]]]},"properties":{"kode_bps":"1111"}},
{"type":"Feature","geometry":{"type":"Polygon","coordinates":[[[97.154,3.746],[97.106,3.845],[97.118,3.922],[97.043,3.961],[96.98,3.942],[96.836,3.959],[96.802,4.027],[96.792,4.051],[96.746,4.095],[96.725,4.097],[96.73,4.041],[96.697,3.988],[96.629,3.958],[96.581,3.845],[96.605,3.777],[96.617,3.736],[96.724,3.747],[96.808,3.725],[96.872,3.686],[96.902,3.601],[96.97,3.623],[97.035,3.606],[97.132,3.69],[97.154,3.746]]]},"properties":{"kode_bps":"1112"}},
{"type":"Feature","geometry":{"type":"Polygon","coordinates":[[[97.154,3.746],[97.206,3.694],[97.255,3.695],[97.264,3.685],[97.305,3.677],[97.477,3.702],[97.635,3.733],[97.825,3.75],[97.922,3.845],[97.916,3.885],[97.9,3.936],[97.861,3.923],[97.79,4.023],[97.795,4.056],[97.778,4.107],[97.73,4.145],[97.724,4.236],[97.718,4.247],[97.576,4.211],[97.5,4.156],[97.466,4.159],[97.404,4.18],[97.356,4.21],[97.273,4.17],[97.162,4.281],[97.067,4.22],[96.95,4.187],[96.887,4.221],[96.829,4.282],[96.793,4.286],[96.802,4.223],[96.751,4.171],[96.725,4.097],[96.747,4.094],[96.789,4.055],[96.802,4.027],[96.836,3.959],[96.98,3.942],[97.043,3.961],[97.118,3.922],[97.106,3.845],[97.154,3.746]]]},"properties":{"kode_bps":"1113"}},
{"type":"Feature","geometry":{"type":"Polygon","coordinates":[[[98.252,4.289],[98.28,4.33],[98.287,4.42],[98.233,4.463],[98.121,4.523],[98.079,4.513],[98.026,4.408],[98,4.399],[97.923,4.351],[97.796,4.344],[97.763,4.339],[97.763,4.32],[97.724,4.236],[97.73,4.145],[97.778,4.108],[97.795,4.056],[97.79,4.023],[97.861,3.923],[97.9,3.936],[97.912,3.886],[97.932,3.884],[97.936,3.895],[97.953,3.891],[97.995,3.945],[98.004,3.964],[98.026,4.016],[98.034,4.057],[98.045,4.074],[98.072,4.143],[98.074,4.231],[98.08,4.259],[98.143,4.26],[98.191,4.301],[98.252,4.289]]]},"properties":{"kode_bps":"1114"}},
{"type":"Feature","geometry":{"type":"Polygon","coordinates":[[[96.277,4.21],[96.279,4.155],[96.247,4.126],[96.192,4.107],[96.284,3.999],[96.385,3.849],[96.528,3.732],[96.617,3.736],[96.605,3.777],[96.581,3.845],[96.629,3.958],[96.697,3.988],[96.73,4.041],[96.724,4.093],[96.735,4.134],[96.754,4.174],[96.802,4.223],[96.793,4.286],[96.792,4.305],[96.778,4.327],[96.648,4.377],[96.584,4.42],[96.604,4.477],[96.582,4.573],[96.544,4.601],[96.492,4.555],[96.44,4.51],[96.48,4.458],[96.441,4.426],[96.372,4.417],[96.296,4.368],[96.266,4.227],[96.277,4.21]]]},"properties":{"kode_bps":"1115"}},
{"type":"Feature","geometry":{"type":"Polygon","coordinates":[[[96.042,4.658],[95.991,4.787],[95.902,4.866],[95.879,4.915],[95.784,5.009],[95.743,5.061],[95.734,5.054],[95.705,5.053],[95.64,5.074],[95.63,5.11],[95.644,5.141],[95.597,5.192],[95.475,5.21],[95.402,5.21],[95.367,5.254],[95.325,5.231],[95.333,5.181],[95.304,5.115],[95.367,5.032],[95.369,4.949],[95.395,4.875],[95.498,4.743],[95.54,4.656],[95.603,4.628],[95.763,4.492],[95.877,4.367],[95.911,4.407],[95.961,4.512],[96.051,4.593],[96.029,4.614],[96.042,4.658]]]},"properties":{"kode_bps":"1116"}},
{"type":"Feature","geometry":{"type":"Polygon","coordinates":[[[97.261,4.584],[97.299,4.629],[97.275,4.632],[97.328,4.711],[97.315,4.734],[97.275,4.729],[97.264,4.731],[97.251,4.735],[97.253,4.76],[97.282,4.82],[97.255,4.87],[97.136,4.913],[97.102,4.902],[97.081,4.911],[97.011,4.905],[97.001,4.869],[96.988,4.863],[96.873,4.875],[96.85,4.883],[96.801,4.935],[96.764,4.958],[96.72,4.971],[96.661,4.974],[96.657,4.956],[96.675,4.951],[96.672,4.938],[96.708,4.819],[96.711,4.753],[96.84,4.666],[96.954,4.651],[97.061,4.6],[97.194,4.575],[97.261,4.584]]]},"properties":{"kode_bps":"1117"}},
{"type":"Feature","geometry":{"type":"Polygon","coordinates":[[[96.356,5.092],[96.335,5.15],[96.342,5.227],[96.261,5.263],[96.195,5.259],[96.058,5.3],[96.054,5.202],[96.021,5.145],[96.126,5.078],[96.193,5.077],[96.206,5.039],[96.211,4.959],[96.261,4.915],[96.324,4.916],[96.325,4.962],[96.366,5.046],[96.356,5.092]]]},"properties":{"kode_bps":"1118"}},
{"type":"Feature","geometry":{"type":"Polygon","coordinates":[[[95.357,5.603],[95.283,5.559],[95.315,5.515],[95.354,5.533],[95.369,5.589],[95.357,5.603]]]},"properties":{"kode_bps":"1171"}},
{"type":"Feature","geometry":{"type":"Polygon","coordinates":[[[95.302,5.873],[95.22,5.875],[95.277,5.787],[95.329,5.772],[95.375,5.805],[95.374,5.847],[95.302,5.873]]]},"properties":{"kode_bps":"1172"}},
{"type":"Feature","geometry":{"type":"Polygon","coordinates":[[[98.079,4.513],[97.981,4.543],[97.955,4.535],[97.917,4.529],[97.877,4.458],[97.936,4.432],[97.967,4.445],[97.968,4.426],[98.026,4.408],[98.079,4.513]]]},"properties":{"kode_bps":"1173"}},
{"type":"Feature","geometry":{"type":"Polygon","coordinates":[[[97.177,5.142],[97.103,5.225],[97.037,5.23],[97.026,5.209],[97.053,5.193],[97.108,5.126],[97.13,5.091],[97.179,5.084],[97.177,5.142]]]},"properties":{"kode_bps":"1174"}},
{"type":"Feature","geometry":{"type":"Polygon","coordinates":[[[97.792,2.507],[97.841,2.502],[97.854,2.564],[98.024,2.584],[98.043,2.567],[98.079,2.583],[98.085,2.603],[98.11,2.604],[98.104,2.682],[98.07,2.764],[98.105,2.79],[98.039,2.848],[97.949,2.895],[97.952,2.986],[97.902,3.008],[97.9,2.966],[97.907,2.921],[97.886,2.894],[97.858,2.882],[97.86,2.847],[97.853,2.837],[97.766,2.787],[97.825,2.637],[97.795,2.547],[97.792,2.507]]]},"properties":{"kode_bps":"1175"}},
{"type":"Feature","geometry":{"type":"Polygon","coordinates":[[[97.51,1.274],[97.484,1.214],[97.489,1.153],[97.572,1.131],[97.611,1.08],[97.613,1.03],[97.685,1.007],[97.694,0.933],[97.751,0.95],[97.885,0.89],[97.945,0.969],[97.9,1.051],[97.873,1.052],[97.805,1.146],[97.69,1.178],[97.62,1.108],[97.586,1.12],[97.626,1.174],[97.587,1.2],[97.547,1.284],[97.51,1.274]]]},"properties":{"kode_bps":"1201"}},
{"type":"Feature","geometry":{"type":"Polygon","coordinates":[[[99.544,1.091],[99.51,1.131],[99.444,1.112],[99.44,1.022],[99.376,1.023],[99.336,1.024],[99.133,1.111],[99.139,1.159],[99.05,1.205],[99.03,1.272],[98.952,1.328],[98.906,1.292],[98.868,1.279],[98.864,1.218],[98.908,1.129],[98.974,0.922],[98.996,0.82],[99.058,0.743],[99.066,0.659],[99.105,0.585],[99.14,0.42],[99.109,0.346],[99.2,0.29],[99.249,0.333],[99.317,0.335],[99.407,0.491],[99.513,0.538],[99.573,0.51],[99.642,0.546],[99.665,0.516],[99.662,0.507],[99.676,0.476],[99.72,0.452],[99.729,0.455],[99.742,0.478],[99.849,0.47],[99.904,0.47],[99.965,0.546],[99.92,0.605],[99.911,0.68],[99.831,0.696],[99.846,0.762],[99.844,0.816],[99.8,0.857],[99.745,0.865],[99.693,0.931],[99.643,0.919],[99.586,0.971],[99.573,1.033],[99.547,1.071],[99.544,1.091]]]},"properties":{"kode_bps":"1202"}},
{"type":"Feature","geometry":{"type":"Polygon","coordinates":[[[99.459,2.126],[99.445,2.026],[99.457,1.955],[99.365,1.937],[99.347,1.854],[99.288,1.837],[99.258,1.744],[99.143,1.64],[99.116,1.649],[99.06,1.668],[98.988,1.522],[99.014,1.498],[98.971,1.439],[98.957,1.44],[98.856,1.467],[98.78,1.432],[98.837,1.354],[98.868,1.279],[98.906,1.292],[98.952,1.328],[99.03,1.272],[99.05,1.205],[99.139,1.159],[99.133,1.111],[99.336,1.024],[99.376,1.023],[99.44,1.022],[99.444,1.112],[99.484,1.142],[99.452,1.176],[99.419,1.225],[99.419,1.278],[99.391,1.333],[99.347,1.405],[99.346,1.429],[99.366,1.432],[99.438,1.518],[99.429,1.575],[99.435,1.625],[99.439,1.664],[99.511,1.726],[99.552,1.742],[99.566,1.757],[99.56,1.872],[99.555,1.921],[99.558,1.98],[99.546,2.062],[99.523,2.091],[99.512,2.123],[99.459,2.126]],[[99.237,1.468],[99.299,1.467],[99.31,1.304],[99.227,1.415],[99.237,1.468]]]},"properties":{"kode_bps":"1203"}},
{"type":"Feature","geometry":{"type":"Polygon","coordinates":[[[98.179,2.24],[98.132,2.165],[98.31,2.033],[98.447,2],[98.607,1.839],[98.685,1.734],[98.707,1.786],[98.769,1.756],[98.795,1.756],[98.809,1.73],[98.84,1.629],[98.773,1.568],[98.78,1.432],[98.856,1.467],[98.957,1.44],[98.971,1.439],[99.014,1.498],[98.988,1.522],[99.06,1.668],[99.052,1.714],[99.01,1.692],[98.985,1.772],[98.892,1.754],[98.816,1.869],[98.788,1.862],[98.793,1.918],[98.727,1.958],[98.68,1.986],[98.655,2.018],[98.644,2.003],[98.607,2.062],[98.45,2.093],[98.304,2.161],[98.284,2.2],[98.266,2.221],[98.27,2.262],[98.197,2.312],[98.179,2.24]]]},"properties":{"kode_bps":"1204"}},
{"type":"Feature","geometry":{"type":"Polygon","coordinates":[[[99.005,2.268],[98.954,2.321],[98.972,2.273],[98.922,2.229],[98.811,2.188],[98.817,2.161],[98.725,2.126],[98.678,1.988],[98.727,1.958],[98.793,1.918],[98.788,1.862],[98.816,1.869],[98.892,1.754],[98.985,1.772],[99.01,1.692],[99.052,1.714],[99.116,1.649],[99.143,1.64],[99.258,1.744],[99.288,1.837],[99.347,1.854],[99.365,1.937],[99.457,1.955],[99.445,2.026],[99.459,2.126],[99.436,2.124],[99.369,2.144],[99.334,2.123],[99.247,2.127],[99.208,2.186],[99.199,2.231],[99.084,2.272],[99.005,2.268]]]},"properties":{"kode_bps":"1205"}},
{"type":"Feature","geometry":{"type":"Polygon","coordinates":[[[99.181,2.553],[99.161,2.568],[99.098,2.573],[99.042,2.634],[98.975,2.603],[98.958,2.647],[98.908,2.63],[98.948,2.564],[99.034,2.524],[99.059,2.443],[99.148,2.385],[99.058,2.335],[98.989,2.337],[99.005,2.268],[99.084,2.272],[99.199,2.231],[99.208,2.186],[99.247,2.127],[99.334,2.123],[99.369,2.144],[99.417,2.213],[99.537,2.248],[99.561,2.302],[99.583,2.328],[99.52,2.351],[99.503,2.395],[99.419,2.46],[99.453,2.54],[99.461,2.551],[99.446,2.594],[99.406,2.59],[99.386,2.564],[99.304,2.574],[99.214,2.524],[99.181,2.553]]]},"properties":{"kode_bps":"1206"}},
{"type":"Feature","geometry":{"type":"Polygon","coordinates":[[[100.323,2.545],[100.234,2.643],[100.22,2.705],[100.159,2.704],[100.091,2.618],[100.089,2.711],[100.049,2.741],[100.075,2.545],[100.023,2.461],[99.933,2.262],[99.964,2.203],[99.899,2.181],[99.774,2.182],[99.766,2.138],[99.672,2.069],[99.684,2.036],[99.691,1.97],[99.791,2.025],[99.842,1.979],[99.812,1.867],[99.839,1.799],[99.856,1.906],[99.94,1.971],[100.031,1.935],[100.059,1.985],[100.045,2.085],[100.095,2.108],[100.135,2.191],[100.213,2.21],[100.365,2.21],[100.301,2.34],[100.295,2.428],[100.323,2.545]]]},"properties":{"kode_bps":"1207"}},
{"type":"Feature","geometry":{"type":"Polygon","coordinates":[[[99.868,2.739],[99.988,2.855],[99.99,2.961],[99.918,2.991],[99.772,3.132],[99.752,3.17],[99.694,3.105],[99.611,3.1],[99.57,3.038],[99.557,3.049],[99.572,3.049],[99.572,3.07],[99.561,3.07],[99.544,3.038],[99.371,2.883],[99.333,2.894],[99.266,2.86],[99.248,2.813],[99.17,2.748],[99.119,2.681],[99.074,2.643],[99.075,2.598],[99.099,2.572],[99.181,2.553],[99.214,2.524],[99.304,2.574],[99.386,2.564],[99.406,2.59],[99.446,2.594],[99.461,2.551],[99.5,2.585],[99.556,2.606],[99.609,2.575],[99.697,2.587],[99.742,2.626],[99.751,2.625],[99.867,2.73],[99.868,2.739]],[[99.792,3.017],[99.816,2.924],[99.753,2.942],[99.792,3.017]]]},"properties":{"kode_bps":"1208"}},
{"type":"Feature","geometry":{"type":"Polygon","coordinates":[[[99.544,3.038],[99.566,3.077],[99.422,3.147],[99.363,3.151],[99.387,3.254],[99.309,3.3],[99.269,3.277],[99.26,3.266],[99.262,3.255],[99.233,3.251],[99.23,3.2],[99.208,3.224],[99.172,3.197],[99.157,3.167],[99.033,3.109],[99.01,3.048],[98.928,3.016],[98.981,3.079],[98.965,3.144],[99.005,3.206],[98.965,3.268],[98.909,3.254],[98.841,3.222],[98.75,3.209],[98.748,3.218],[98.709,3.103],[98.691,3.05],[98.673,3.071],[98.605,3.104],[98.583,3.078],[98.58,3.051],[98.554,2.969],[98.533,2.904],[98.636,2.858],[98.726,2.839],[98.81,2.765],[98.884,2.721],[98.958,2.647],[98.975,2.603],[99.042,2.634],[99.119,2.681],[99.17,2.748],[99.248,2.813],[99.266,2.86],[99.333,2.894],[99.371,2.883],[99.544,3.038]],[[99.037,3.007],[99.096,3.006],[99.049,2.907],[99.019,2.949],[99.037,3.007]]]},"properties":{"kode_bps":"1209"}},
{"type":"Feature","geometry":{"type":"Polygon","coordinates":[[[97.935,2.99],[97.952,2.986],[97.949,2.895],[98.039,2.848],[98.105,2.79],[98.161,2.768],[98.246,2.71],[98.295,2.704],[98.356,2.661],[98.423,2.636],[98.441,2.588],[98.467,2.553],[98.554,2.584],[98.573,2.731],[98.528,2.794],[98.524,2.875],[98.49,2.869],[98.44,2.89],[98.429,2.917],[98.311,2.971],[98.249,2.931],[98.206,2.972],[98.198,3.046],[98.077,3.075],[98.028,3.122],[98.028,3.106],[97.93,3.054],[97.939,3.028],[97.947,3.006],[97.935,2.99]]]},"properties":{"kode_bps":"1210"}},
{"type":"Feature","geometry":{"type":"Polygon","coordinates":[[[97.981,3.119],[98.028,3.106],[98.028,3.122],[98.077,3.075],[98.198,3.046],[98.206,2.972],[98.249,2.931],[98.311,2.971],[98.429,2.917],[98.436,2.894],[98.473,2.874],[98.514,2.87],[98.522,2.875],[98.528,2.898],[98.541,2.874],[98.549,2.895],[98.533,2.904],[98.554,2.969],[98.58,3.051],[98.583,3.078],[98.606,3.11],[98.622,3.105],[98.601,3.163],[98.615,3.184],[98.612,3.195],[98.553,3.22],[98.5,3.242],[98.476,3.223],[98.432,3.236],[98.398,3.263],[98.366,3.245],[98.298,3.229],[98.288,3.255],[98.218,3.284],[98.141,3.266],[98.099,3.314],[98.056,3.316],[98.021,3.303],[97.882,3.238],[97.922,3.228],[97.941,3.205],[97.938,3.164],[97.981,3.119]]]},"properties":{"kode_bps":"1211"}},
{"type":"Feature","geometry":{"type":"Polygon","coordinates":[[[98.681,3.788],[98.71,3.794],[98.688,3.895],[98.651,3.905],[98.636,3.884],[98.609,3.866],[98.606,3.856],[98.532,3.787],[98.501,3.673],[98.537,3.573],[98.511,3.553],[98.509,3.308],[98.471,3.278],[98.472,3.238],[98.5,3.242],[98.553,3.22],[98.612,3.195],[98.615,3.184],[98.601,3.163],[98.622,3.105],[98.605,3.104],[98.625,3.064],[98.673,3.071],[98.691,3.05],[98.709,3.103],[98.748,3.218],[98.753,3.24],[98.845,3.337],[98.919,3.367],[98.914,3.449],[98.935,3.491],[98.919,3.6],[98.949,3.665],[98.782,3.727],[98.707,3.772],[98.697,3.678],[98.668,3.672],[98.703,3.663],[98.726,3.538],[98.662,3.515],[98.658,3.522],[98.612,3.554],[98.653,3.615],[98.658,3.675],[98.628,3.767],[98.681,3.788]]]},"properties":{"kode_bps":"1212"}},
{"type":"Feature","geometry":{"type":"Polygon","coordinates":[[[97.916,3.885],[97.922,3.845],[97.8,3.723],[97.844,3.661],[97.868,3.571],[97.904,3.557],[97.921,3.422],[97.91,3.39],[98.002,3.37],[98.056,3.316],[98.099,3.314],[98.141,3.266],[98.218,3.284],[98.288,3.255],[98.298,3.229],[98.366,3.245],[98.398,3.263],[98.432,3.236],[98.472,3.238],[98.471,3.278],[98.509,3.308],[98.511,3.553],[98.494,3.555],[98.453,3.529],[98.461,3.594],[98.447,3.656],[98.472,3.648],[98.501,3.668],[98.507,3.737],[98.532,3.787],[98.606,3.856],[98.609,3.866],[98.636,3.884],[98.651,3.905],[98.56,3.939],[98.542,4.012],[98.431,4.041],[98.391,4.076],[98.311,4.074],[98.249,4.13],[98.171,4.104],[98.186,4.175],[98.254,4.202],[98.252,4.289],[98.191,4.301],[98.143,4.26],[98.08,4.259],[98.074,4.231],[98.072,4.143],[98.045,4.074],[98.034,4.057],[98.026,4.016],[98.004,3.964],[97.995,3.945],[97.958,3.929],[97.952,3.89],[97.939,3.895],[97.934,3.885],[97.916,3.885]]]},"properties":{"kode_bps":"1213"}},
{"type":"Feature","geometry":{"type":"MultiPolygon","coordinates":[[[[98.446,-0.246],[98.372,-0.382],[98.376,-0.458],[98.349,-0.514],[98.395,-0.564],[98.474,-0.532],[98.506,-0.494],[98.51,-0.371],[98.491,-0.301],[98.446,-0.246]]],[[[98.386,0.006],[98.368,-0.108],[98.436,-0.212],[98.542,-0.348],[98.573,-0.28],[98.493,-0.21],[98.469,-0.108],[98.386,0.006]]],[[[98.613,0.181],[98.526,0.143],[98.537,0.101],[98.749,0.071],[98.854,0.118],[98.798,0.171],[98.754,0.156],[98.613,0.181]]],[[[97.613,1.03],[97.596,1.021],[97.552,1.001],[97.567,0.925],[97.545,0.887],[97.602,0.839],[97.655,0.744],[97.661,0.677],[97.71,0.561],[97.781,0.553],[97.837,0.57],[97.901,0.626],[97.891,0.767],[97.912,0.799],[97.885,0.89],[97.751,0.95],[97.694,0.933],[97.685,1.007],[97.613,1.03]]]]},"properties":{"kode_bps":"1214"}},
{"type":"Feature","geometry":{"type":"Polygon","coordinates":[[[98.954,2.321],[98.834,2.321],[98.807,2.375],[98.749,2.439],[98.66,2.426],[98.611,2.453],[98.582,2.487],[98.511,2.487],[98.446,2.487],[98.415,2.48],[98.338,2.425],[98.289,2.421],[98.29,2.366],[98.251,2.329],[98.253,2.276],[98.27,2.262],[98.266,2.221],[98.284,2.2],[98.304,2.161],[98.45,2.093],[98.607,2.062],[98.644,2.003],[98.655,2.018],[98.679,1.989],[98.725,2.126],[98.817,2.161],[98.811,2.188],[98.922,2.229],[98.972,2.273],[98.954,2.321]]]},"properties":{"kode_bps":"1215"}},
{"type":"Feature","geometry":{"type":"Polygon","coordinates":[[[98.197,2.312],[98.253,2.276],[98.251,2.329],[98.29,2.366],[98.289,2.421],[98.338,2.425],[98.415,2.48],[98.449,2.526],[98.441,2.588],[98.42,2.638],[98.356,2.661],[98.295,2.704],[98.246,2.71],[98.161,2.768],[98.07,2.764],[98.104,2.682],[98.11,2.604],[98.085,2.602],[98.078,2.578],[98.081,2.519],[98.097,2.481],[98.147,2.424],[98.197,2.312]]]},"properties":{"kode_bps":"1216"}},
{"type":"Feature","geometry":{"type":"MultiPolygon","coordinates":[[[[98.467,2.553],[98.449,2.526],[98.415,2.48],[98.446,2.487],[98.511,2.487],[98.582,2.487],[98.611,2.453],[98.66,2.426],[98.749,2.439],[98.807,2.375],[98.815,2.409],[98.722,2.528],[98.673,2.629],[98.573,2.731],[98.554,2.584],[98.467,2.553]]],[[[98.686,2.65],[98.724,2.537],[98.891,2.427],[98.993,2.463],[98.972,2.511],[98.908,2.565],[98.888,2.622],[98.781,2.742],[98.698,2.733],[98.686,2.65]]]]},"properties":{"kode_bps":"1217"}},
{"type":"Feature","geometry":{"type":"Polygon","coordinates":[[[99.229,3.245],[99.315,3.443],[99.273,3.49],[99.122,3.569],[99.056,3.619],[98.949,3.665],[98.919,3.6],[98.935,3.491],[98.914,3.449],[98.919,3.367],[98.845,3.337],[98.753,3.24],[98.75,3.209],[98.841,3.222],[98.909,3.254],[98.965,3.268],[99.005,3.206],[98.965,3.144],[98.981,3.079],[98.928,3.016],[99.01,3.048],[99.033,3.109],[99.157,3.167],[99.172,3.197],[99.229,3.245]],[[99.171,3.376],[99.193,3.311],[99.132,3.308],[99.171,3.376]]]},"properties":{"kode_bps":"1218"}},
{"type":"Feature","geometry":{"type":"MultiPolygon","coordinates":[[[[99.208,3.224],[99.23,3.2],[99.229,3.245],[99.208,3.224]]],[[[99.752,3.17],[99.688,3.206],[99.558,3.237],[99.488,3.345],[99.315,3.443],[99.234,3.265],[99.235,3.252],[99.261,3.255],[99.26,3.266],[99.269,3.277],[99.309,3.3],[99.387,3.254],[99.363,3.151],[99.422,3.147],[99.566,3.077],[99.561,3.07],[99.572,3.07],[99.572,3.049],[99.557,3.049],[99.57,3.038],[99.611,3.1],[99.694,3.105],[99.752,3.17]]]]},"properties":{"kode_bps":"1219"}},
{"type":"Feature","geometry":{"type":"Polygon","coordinates":[[[99.684,2.036],[99.637,2.042],[99.623,1.996],[99.558,1.98],[99.555,1.921],[99.56,1.872],[99.566,1.757],[99.552,1.742],[99.511,1.726],[99.439,1.664],[99.435,1.625],[99.429,1.575],[99.438,1.518],[99.366,1.432],[99.346,1.429],[99.347,1.406],[99.391,1.333],[99.419,1.278],[99.461,1.24],[99.626,1.315],[99.716,1.415],[99.744,1.42],[99.897,1.549],[99.949,1.428],[100.025,1.357],[100.032,1.382],[100.051,1.395],[100.087,1.4],[100.117,1.395],[100.136,1.404],[100.201,1.399],[100.266,1.423],[100.308,1.417],[100.279,1.466],[100.303,1.472],[100.257,1.537],[100.173,1.595],[100.108,1.691],[100.049,1.72],[100.003,1.64],[99.955,1.625],[99.913,1.716],[99.899,1.717],[99.846,1.637],[99.765,1.711],[99.702,1.763],[99.695,1.806],[99.746,1.83],[99.839,1.799],[99.812,1.867],[99.842,1.979],[99.791,2.025],[99.691,1.97],[99.684,2.036]]]},"properties":{"kode_bps":"1220"}},
{"type":"Feature","geometry":{"type":"Polygon","coordinates":[[[99.8,0.857],[99.841,0.851],[99.831,0.88],[99.872,0.907],[99.952,0.879],[99.968,0.851],[100.074,0.801],[100.179,0.764],[100.12,0.826],[100.124,0.847],[100.134,0.866],[100.128,0.937],[100.167,0.998],[100.14,1.061],[100.169,1.123],[100.179,1.118],[100.135,1.168],[100.108,1.268],[100.05,1.313],[100.025,1.357],[99.949,1.428],[99.897,1.549],[99.744,1.42],[99.716,1.415],[99.626,1.315],[99.461,1.24],[99.452,1.176],[99.484,1.142],[99.51,1.133],[99.544,1.091],[99.547,1.071],[99.573,1.033],[99.586,0.971],[99.643,0.919],[99.693,0.931],[99.745,0.865],[99.8,0.857]]]},"properties":{"kode_bps":"1221"}},
{"type":"Feature","geometry":{"type":"Polygon","coordinates":[[[99.839,1.799],[99.746,1.83],[99.695,1.806],[99.702,1.763],[99.765,1.711],[99.846,1.637],[99.9,1.717],[99.914,1.715],[99.955,1.625],[100.003,1.64],[100.049,1.72],[100.108,1.691],[100.173,1.595],[100.257,1.537],[100.311,1.511],[100.324,1.459],[100.413,1.465],[100.413,1.541],[100.404,1.586],[100.403,1.624],[100.407,1.673],[100.319,1.69],[100.354,1.782],[100.296,1.791],[100.282,1.865],[100.311,1.893],[100.316,2.052],[100.364,2.169],[100.365,2.21],[100.213,2.21],[100.135,2.191],[100.095,2.108],[100.045,2.085],[100.059,1.985],[100.031,1.935],[99.94,1.971],[99.856,1.906],[99.839,1.799]]]},"properties":{"kode_bps":"1222"}},
{"type":"Feature","geometry":{"type":"Polygon","coordinates":[[[99.5,2.585],[99.453,2.54],[99.419,2.46],[99.503,2.395],[99.52,2.351],[99.583,2.328],[99.561,2.302],[99.537,2.248],[99.417,2.213],[99.394,2.166],[99.436,2.124],[99.512,2.123],[99.523,2.091],[99.546,2.062],[99.623,1.996],[99.637,2.042],[99.672,2.069],[99.766,2.138],[99.774,2.182],[99.899,2.181],[99.964,2.203],[99.933,2.262],[100.023,2.461],[100.075,2.545],[100.049,2.741],[99.998,2.725],[99.975,2.741],[99.994,2.783],[99.995,2.831],[99.987,2.855],[99.868,2.739],[99.867,2.73],[99.703,2.59],[99.609,2.575],[99.556,2.606],[99.5,2.585]]]},"properties":{"kode_bps":"1223"}},
{"type":"Feature","geometry":{"type":"Polygon","coordinates":[[[97.521,1.423],[97.483,1.479],[97.442,1.472],[97.35,1.542],[97.346,1.482],[97.276,1.419],[97.207,1.401],[97.155,1.362],[97.196,1.293],[97.263,1.239],[97.369,1.079],[97.469,1.125],[97.484,1.214],[97.51,1.274],[97.471,1.347],[97.521,1.423]]]},"properties":{"kode_bps":"1224"}},
{"type":"Feature","geometry":{"type":"Polygon","coordinates":[[[97.489,1.153],[97.469,1.125],[97.369,1.079],[97.409,0.969],[97.484,0.939],[97.544,0.887],[97.567,0.925],[97.552,1.001],[97.596,1.021],[97.613,1.03],[97.611,1.08],[97.572,1.131],[97.489,1.153]]]},"properties":{"kode_bps":"1225"}},
{"type":"Feature","geometry":{"type":"Polygon","coordinates":[[[98.769,1.756],[98.809,1.73],[98.795,1.756],[98.769,1.756]]]},"properties":{"kode_bps":"1271"}},
{"type":"Feature","geometry":{"type":"Polygon","coordinates":[[[99.792,3.017],[99.753,2.942],[99.816,2.924],[99.792,3.017]]]},"properties":{"kode_bps":"1272"}},
{"type":"Feature","geometry":{"type":"Polygon","coordinates":[[[99.037,3.007],[99.019,2.949],[99.049,2.907],[99.096,3.006],[99.037,3.007]]]},"properties":{"kode_bps":"1273"}},
{"type":"Feature","geometry":{"type":"Polygon","coordinates":[[[99.171,3.376],[99.132,3.308],[99.193,3.311],[99.171,3.376]]]},"properties":{"kode_bps":"1274"}},
{"type":"Feature","geometry":{"type":"Polygon","coordinates":[[[98.707,3.772],[98.681,3.788],[98.628,3.767],[98.658,3.675],[98.653,3.615],[98.612,3.554],[98.658,3.522],[98.662,3.515],[98.726,3.538],[98.703,3.663],[98.668,3.672],[98.697,3.678],[98.707,3.772]]]},"properties":{"kode_bps":"1275"}},
{"type":"Feature","geometry":{"type":"Polygon","coordinates":[[[98.501,3.673],[98.472,3.648],[98.447,3.656],[98.461,3.594],[98.453,3.529],[98.494,3.555],[98.537,3.573],[98.501,3.673]]]},"properties":{"kode_bps":"1276"}},
{"type":"Feature","geometry":{"type":"Polygon","coordinates":[[[99.237,1.468],[99.227,1.415],[99.31,1.304],[99.299,1.467],[99.237,1.468]]]},"properties":{"kode_bps":"1277"}},
{"type":"Feature","geometry":{"type":"Polygon","coordinates":[[[97.69,1.178],[97.599,1.329],[97.521,1.423],[97.471,1.347],[97.51,1.274],[97.547,1.284],[97.587,1.2],[97.626,1.174],[97.586,1.12],[97.62,1.108],[97.69,1.178]]]},"properties":{"kode_bps":"1278"}},
{"type":"Feature","geometry":{"type":"MultiPolygon","coordinates":[[[[100.24,-2.788],[100.176,-2.801],[100.195,-2.873],[100.187,-2.989],[100.324,-3.119],[100.339,-3.201],[100.396,-3.227],[100.392,-3.151],[100.47,-3.144],[100.455,-3.01],[100.355,-2.902],[100.31,-2.874],[100.24,-2.788]]],[[[99.994,-2.502],[99.973,-2.511],[100.012,-2.741],[99.991,-2.791],[100.074,-2.842],[100.216,-2.776],[100.218,-2.737],[100.172,-2.648],[100.071,-2.58],[99.994,-2.502]]],[[[99.593,-2.031],[99.547,-2.071],[99.589,-2.222],[99.644,-2.281],[99.738,-2.345],[99.838,-2.364],[99.822,-2.306],[99.782,-2.291],[99.718,-2.165],[99.702,-2.085],[99.593,-2.031]]],[[[98.899,-0.906],[98.798,-0.957],[98.712,-0.945],[98.664,-0.98],[98.657,-1.088],[98.604,-1.227],[98.654,-1.314],[98.804,-1.518],[98.825,-1.616],[98.877,-1.679],[99.108,-1.812],[99.167,-1.779],[99.263,-1.773],[99.305,-1.686],[99.267,-1.603],[99.198,-1.58],[99.195,-1.509],[99.148,-1.486],[99.167,-1.431],[99.099,-1.365],[99.069,-1.253],[99.008,-1.163],[99.002,-1.115],[98.949,-1.089],[98.945,-0.981],[98.899,-0.906]]]]},"properties":{"kode_bps":"1301"}},
{"type":"Feature","geometry":{"type":"Polygon","coordinates":[[[101.238,-2.32],[101.258,-2.311],[101.283,-2.285],[101.265,-2.102],[101.207,-2.009],[101.142,-1.924],[101.179,-1.861],[101.129,-1.764],[101.132,-1.685],[101.068,-1.659],[101.017,-1.606],[101.02,-1.565],[100.978,-1.487],[100.942,-1.423],[100.894,-1.388],[100.892,-1.341],[100.88,-1.325],[100.859,-1.298],[100.814,-1.289],[100.796,-1.221],[100.756,-1.163],[100.701,-1.091],[100.637,-1.11],[100.621,-1.061],[100.576,-1.057],[100.552,-0.987],[100.52,-0.991],[100.43,-1.059],[100.421,-1.109],[100.381,-1.178],[100.49,-1.299],[100.568,-1.337],[100.584,-1.421],[100.561,-1.441],[100.636,-1.559],[100.644,-1.622],[100.689,-1.665],[100.787,-1.82],[100.861,-1.918],[100.879,-2.055],[100.824,-2.141],[100.825,-2.178],[100.875,-2.245],[100.892,-2.328],[100.99,-2.428],[101.023,-2.478],[101.147,-2.388],[101.238,-2.32]]]},"properties":{"kode_bps":"1302"}},
{"type":"Feature","geometry":{"type":"Polygon","coordinates":[[[100.521,-0.635],[100.486,-0.659],[100.442,-0.664],[100.456,-0.729],[100.541,-0.809],[100.565,-0.791],[100.675,-0.739],[100.686,-0.762],[100.561,-0.819],[100.543,-0.836],[100.545,-0.855],[100.565,-0.896],[100.536,-0.951],[100.552,-0.987],[100.576,-1.057],[100.621,-1.061],[100.637,-1.11],[100.701,-1.091],[100.756,-1.163],[100.796,-1.221],[100.814,-1.289],[100.859,-1.298],[100.945,-1.287],[100.991,-1.261],[101.019,-1.219],[101.019,-1.169],[100.997,-1.136],[101.059,-1.133],[101.167,-1.228],[101.245,-1.214],[101.177,-1.134],[101.146,-1.035],[101.188,-0.987],[101.195,-0.952],[101.07,-0.986],[101.069,-0.949],[101.041,-0.88],[100.999,-0.876],[100.925,-0.807],[100.85,-0.779],[100.812,-0.77],[100.789,-0.77],[100.747,-0.724],[100.696,-0.724],[100.703,-0.617],[100.697,-0.594],[100.707,-0.574],[100.637,-0.538],[100.583,-0.584],[100.562,-0.672],[100.521,-0.635]]]},"properties":{"kode_bps":"1303"}},
{"type":"Feature","geometry":{"type":"Polygon","coordinates":[[[101.495,-0.805],[101.48,-0.782],[101.361,-0.689],[101.307,-0.629],[101.25,-0.626],[101.183,-0.552],[101.135,-0.528],[101.11,-0.502],[101.092,-0.512],[101.071,-0.503],[101.038,-0.435],[101.043,-0.422],[101.043,-0.382],[101.041,-0.363],[101.006,-0.324],[100.948,-0.311],[100.859,-0.333],[100.837,-0.393],[100.841,-0.495],[100.837,-0.537],[100.813,-0.541],[100.801,-0.595],[100.801,-0.718],[100.812,-0.77],[100.85,-0.779],[100.925,-0.807],[100.999,-0.876],[101.043,-0.882],[101.069,-0.949],[101.07,-0.986],[101.188,-0.95],[101.194,-0.906],[101.273,-0.95],[101.41,-0.921],[101.406,-0.888],[101.495,-0.805]]]},"properties":{"kode_bps":"1304"}},
{"type":"Feature","geometry":{"type":"Polygon","coordinates":[[[100.316,-0.429],[100.332,-0.489],[100.413,-0.566],[100.413,-0.627],[100.486,-0.659],[100.521,-0.635],[100.485,-0.575],[100.496,-0.535],[100.599,-0.555],[100.637,-0.538],[100.707,-0.574],[100.732,-0.554],[100.78,-0.562],[100.788,-0.561],[100.813,-0.541],[100.837,-0.537],[100.841,-0.495],[100.837,-0.393],[100.778,-0.347],[100.754,-0.366],[100.674,-0.325],[100.608,-0.352],[100.58,-0.309],[100.568,-0.281],[100.533,-0.281],[100.512,-0.3],[100.469,-0.39],[100.333,-0.392],[100.316,-0.429]],[[100.377,-0.463],[100.425,-0.456],[100.433,-0.489],[100.376,-0.484],[100.377,-0.463]]]},"properties":{"kode_bps":"1305"}},
{"type":"Feature","geometry":{"type":"Polygon","coordinates":[[[99.963,-0.433],[100.09,-0.568],[100.131,-0.571],[100.147,-0.588],[100.173,-0.652],[100.165,-0.65],[100.154,-0.668],[100.291,-0.806],[100.337,-0.801],[100.4,-0.749],[100.456,-0.729],[100.442,-0.664],[100.413,-0.627],[100.413,-0.566],[100.332,-0.489],[100.316,-0.429],[100.285,-0.462],[100.246,-0.468],[100.238,-0.449],[100.217,-0.415],[100.188,-0.414],[100.158,-0.36],[100.067,-0.329],[99.993,-0.36],[99.963,-0.433]]]},"properties":{"kode_bps":"1306"}},
{"type":"Feature","geometry":{"type":"Polygon","coordinates":[[[100.536,-0.281],[100.535,-0.253],[100.448,-0.203],[100.378,-0.146],[100.317,-0.046],[100.26,-0.057],[100.16,-0.108],[100.107,-0.076],[100.037,-0.081],[99.969,-0.138],[99.805,-0.176],[99.768,-0.171],[99.82,-0.301],[99.888,-0.344],[99.914,-0.401],[99.963,-0.433],[99.993,-0.36],[100.067,-0.329],[100.158,-0.36],[100.188,-0.414],[100.217,-0.415],[100.238,-0.449],[100.246,-0.468],[100.285,-0.462],[100.316,-0.429],[100.333,-0.392],[100.469,-0.39],[100.51,-0.303],[100.536,-0.281]],[[100.385,-0.283],[100.371,-0.322],[100.333,-0.28],[100.385,-0.283]]]},"properties":{"kode_bps":"1307"}},
{"type":"Feature","geometry":{"type":"Polygon","coordinates":[[[100.536,-0.281],[100.568,-0.281],[100.58,-0.309],[100.608,-0.352],[100.674,-0.325],[100.754,-0.366],[100.778,-0.347],[100.844,-0.344],[100.837,-0.289],[100.763,-0.212],[100.768,-0.162],[100.761,-0.12],[100.745,-0.046],[100.782,-0.011],[100.801,0.049],[100.788,0.128],[100.849,0.175],[100.842,0.225],[100.8,0.258],[100.713,0.239],[100.676,0.186],[100.63,0.219],[100.534,0.341],[100.465,0.398],[100.422,0.424],[100.376,0.389],[100.366,0.395],[100.301,0.397],[100.326,0.366],[100.332,0.337],[100.309,0.3],[100.351,0.18],[100.316,0.088],[100.338,0.043],[100.308,-0.002],[100.317,-0.046],[100.378,-0.146],[100.448,-0.203],[100.535,-0.253],[100.536,-0.281]],[[100.636,-0.184],[100.686,-0.212],[100.649,-0.274],[100.591,-0.247],[100.636,-0.184]]]},"properties":{"kode_bps":"1308"}},
{"type":"Feature","geometry":{"type":"Polygon","coordinates":[[[100.26,-0.057],[100.308,-0.002],[100.338,0.043],[100.316,0.088],[100.351,0.18],[100.309,0.3],[100.332,0.336],[100.333,0.352],[100.303,0.384],[100.301,0.397],[100.29,0.398],[100.26,0.446],[100.238,0.475],[100.217,0.512],[100.238,0.535],[100.184,0.561],[100.187,0.627],[100.241,0.679],[100.24,0.733],[100.193,0.764],[100.136,0.776],[100.074,0.801],[99.968,0.851],[99.952,0.879],[99.865,0.906],[99.831,0.88],[99.841,0.851],[99.838,0.821],[99.846,0.762],[99.831,0.696],[99.911,0.68],[99.92,0.605],[99.965,0.546],[99.904,0.47],[99.849,0.47],[99.82,0.461],[99.778,0.419],[99.75,0.397],[99.777,0.359],[99.768,0.31],[99.795,0.298],[99.914,0.304],[100.013,0.275],[100.03,0.226],[99.976,0.03],[100.048,-0.033],[100.037,-0.081],[100.107,-0.076],[100.16,-0.108],[100.26,-0.057]]]},"properties":{"kode_bps":"1309"}},
{"type":"Feature","geometry":{"type":"Polygon","coordinates":[[[101.168,-1.102],[101.177,-1.134],[101.245,-1.214],[101.167,-1.228],[101.059,-1.133],[100.997,-1.136],[101.021,-1.175],[101.018,-1.227],[100.971,-1.274],[100.945,-1.287],[100.88,-1.325],[100.892,-1.341],[100.894,-1.388],[100.942,-1.423],[100.978,-1.487],[101.02,-1.565],[101.017,-1.606],[101.068,-1.659],[101.121,-1.676],[101.169,-1.711],[101.233,-1.724],[101.267,-1.696],[101.397,-1.69],[101.411,-1.672],[101.428,-1.679],[101.431,-1.644],[101.44,-1.628],[101.486,-1.581],[101.508,-1.572],[101.556,-1.463],[101.579,-1.448],[101.671,-1.389],[101.586,-1.326],[101.468,-1.282],[101.449,-1.21],[101.419,-1.194],[101.403,-1.159],[101.414,-1.122],[101.44,-1.087],[101.459,-1.032],[101.344,-1.045],[101.34,-1.079],[101.308,-1.146],[101.261,-1.141],[101.196,-1.108],[101.168,-1.102]]]},"properties":{"kode_bps":"1310"}},
{"type":"Feature","geometry":{"type":"Polygon","coordinates":[[[101.814,-1.221],[101.885,-1.135],[101.891,-1.101],[101.876,-1.093],[101.868,-1.111],[101.849,-1.099],[101.841,-1.112],[101.825,-1.088],[101.822,-0.996],[101.833,-0.982],[101.756,-0.975],[101.733,-0.956],[101.69,-0.942],[101.714,-0.9],[101.671,-0.837],[101.537,-0.816],[101.495,-0.805],[101.406,-0.888],[101.41,-0.921],[101.273,-0.95],[101.194,-0.906],[101.195,-0.952],[101.188,-0.987],[101.146,-1.035],[101.168,-1.102],[101.196,-1.108],[101.261,-1.141],[101.308,-1.146],[101.34,-1.079],[101.344,-1.045],[101.459,-1.032],[101.44,-1.087],[101.404,-1.149],[101.41,-1.184],[101.435,-1.208],[101.449,-1.21],[101.468,-1.282],[101.586,-1.326],[101.671,-1.389],[101.579,-1.448],[101.556,-1.463],[101.508,-1.572],[101.475,-1.591],[101.432,-1.64],[101.427,-1.677],[101.437,-1.696],[101.481,-1.674],[101.549,-1.596],[101.671,-1.508],[101.724,-1.439],[101.725,-1.362],[101.695,-1.291],[101.722,-1.241],[101.814,-1.221]]]},"properties":{"kode_bps":"1311"}},
{"type":"Feature","geometry":{"type":"Polygon","coordinates":[[[100.037,-0.081],[100.048,-0.033],[99.976,0.03],[100.03,0.226],[100.013,0.275],[99.914,0.304],[99.795,0.298],[99.768,0.31],[99.777,0.359],[99.75,0.397],[99.778,0.419],[99.82,0.461],[99.742,0.478],[99.722,0.452],[99.7,0.469],[99.683,0.469],[99.666,0.491],[99.661,0.525],[99.642,0.546],[99.573,0.51],[99.513,0.538],[99.407,0.491],[99.317,0.335],[99.249,0.333],[99.2,0.29],[99.221,0.21],[99.353,0.232],[99.398,0.151],[99.478,0.133],[99.654,0.042],[99.756,-0.049],[99.768,-0.171],[99.805,-0.176],[99.969,-0.138],[100.037,-0.081]]]},"properties":{"kode_bps":"1312"}},
{"type":"Feature","geometry":{"type":"Polygon","coordinates":[[[100.456,-0.729],[100.4,-0.749],[100.337,-0.801],[100.365,-1.006],[100.363,-1.144],[100.421,-1.109],[100.43,-1.059],[100.52,-0.991],[100.538,-0.945],[100.565,-0.905],[100.545,-0.855],[100.543,-0.836],[100.541,-0.809],[100.456,-0.729]]]},"properties":{"kode_bps":"1371"}},
{"type":"Feature","geometry":{"type":"Polygon","coordinates":[[[100.565,-0.791],[100.561,-0.819],[100.686,-0.762],[100.675,-0.739],[100.565,-0.791]]]},"properties":{"kode_bps":"1372"}},
{"type":"Feature","geometry":{"type":"Polygon","coordinates":[[[100.801,-0.595],[100.788,-0.561],[100.78,-0.562],[100.728,-0.555],[100.701,-0.581],[100.703,-0.617],[100.696,-0.724],[100.747,-0.724],[100.789,-0.77],[100.801,-0.718],[100.801,-0.595]]]},"properties":{"kode_bps":"1373"}},
{"type":"Feature","geometry":{"type":"Polygon","coordinates":[[[100.377,-0.463],[100.376,-0.484],[100.433,-0.489],[100.425,-0.456],[100.377,-0.463]]]},"properties":{"kode_bps":"1374"}},
{"type":"Feature","geometry":{"type":"Polygon","coordinates":[[[100.385,-0.283],[100.333,-0.28],[100.371,-0.322],[100.385,-0.283]]]},"properties":{"kode_bps":"1375"}},
{"type":"Feature","geometry":{"type":"Polygon","coordinates":[[[100.636,-0.184],[100.591,-0.247],[100.649,-0.274],[100.686,-0.212],[100.636,-0.184]]]},"properties":{"kode_bps":"1376"}},
{"type":"Feature","geometry":{"type":"Polygon","coordinates":[[[100.131,-0.571],[100.116,-0.629],[100.165,-0.65],[100.173,-0.652],[100.147,-0.588],[100.131,-0.571]]]},"properties":{"kode_bps":"1377"}},
{"type":"Feature","geometry":{"type":"Polygon","coordinates":[[[101.833,-0.982],[101.859,-0.965],[101.907,-0.951],[101.915,-0.883],[101.882,-0.909],[101.84,-0.88],[101.778,-0.834],[101.795,-0.734],[101.806,-0.66],[101.906,-0.538],[101.911,-0.487],[101.893,-0.396],[101.863,-0.404],[101.76,-0.331],[101.713,-0.265],[101.612,-0.236],[101.545,-0.13],[101.483,-0.101],[101.391,-0.128],[101.32,-0.092],[101.308,-0.043],[101.259,-0.017],[101.194,-0.118],[101.202,-0.183],[101.158,-0.236],[101.126,-0.356],[101.047,-0.377],[101.041,-0.363],[101.043,-0.382],[101.043,-0.422],[101.038,-0.435],[101.067,-0.483],[101.067,-0.495],[101.089,-0.511],[101.135,-0.528],[101.183,-0.552],[101.25,-0.626],[101.307,-0.629],[101.361,-0.689],[101.48,-0.782],[101.537,-0.816],[101.671,-0.837],[101.714,-0.9],[101.693,-0.944],[101.756,-0.975],[101.833,-0.982]]]},"properties":{"kode_bps":"1401"}},
{"type":"Feature","geometry":{"type":"Polygon","coordinates":[[[102.717,0.105],[102.593,0.101],[102.538,0.075],[102.5,0.023],[102.475,-0.098],[102.407,-0.166],[102.368,-0.179],[102.253,-0.166],[102.207,-0.172],[102.191,-0.186],[102.165,-0.264],[102.097,-0.276],[101.961,-0.406],[101.893,-0.396],[101.911,-0.487],[101.906,-0.538],[101.806,-0.66],[101.795,-0.734],[101.778,-0.834],[101.84,-0.88],[101.882,-0.909],[101.915,-0.883],[101.947,-0.9],[101.959,-0.91],[102.008,-0.879],[102.117,-0.921],[102.165,-0.899],[102.204,-0.949],[102.307,-0.917],[102.326,-0.963],[102.443,-1.025],[102.476,-1.077],[102.543,-1.083],[102.576,-0.889],[102.639,-0.806],[102.639,-0.716],[102.667,-0.672],[102.663,-0.605],[102.691,-0.469],[102.72,-0.462],[102.717,0.105]]]},"properties":{"kode_bps":"1402"}},
{"type":"Feature","geometry":{"type":"MultiPolygon","coordinates":[[[[103.368,-0.374],[103.395,-0.511],[103.551,-0.497],[103.604,-0.433],[103.586,-0.4],[103.534,-0.397],[103.513,-0.369],[103.368,-0.374]]],[[[103.343,-0.251],[103.273,-0.244],[103.233,-0.278],[103.364,-0.357],[103.426,-0.358],[103.459,-0.313],[103.344,-0.28],[103.343,-0.251]]],[[[103.637,-0.227],[103.536,-0.22],[103.47,-0.307],[103.451,-0.359],[103.512,-0.36],[103.538,-0.388],[103.605,-0.396],[103.694,-0.355],[103.786,-0.344],[103.71,-0.257],[103.637,-0.227]]],[[[103.459,-0.31],[103.52,-0.213],[103.448,-0.214],[103.362,-0.284],[103.459,-0.31]]],[[[103.44,-0.771],[103.423,-0.706],[103.288,-0.706],[103.341,-0.628],[103.418,-0.6],[103.437,-0.553],[103.39,-0.516],[103.37,-0.435],[103.306,-0.382],[103.326,-0.353],[103.262,-0.305],[103.246,-0.305],[103.245,-0.288],[103.232,-0.284],[103.227,-0.271],[103.277,-0.236],[103.397,-0.228],[103.495,-0.158],[103.489,-0.087],[103.583,-0.061],[103.616,-0.006],[103.69,-0.023],[103.815,0],[103.782,0.072],[103.757,0.219],[103.715,0.297],[103.614,0.347],[103.578,0.401],[103.415,0.523],[103.357,0.537],[103.337,0.485],[103.256,0.446],[103.145,0.34],[103.004,0.291],[102.835,0.138],[102.717,0.105],[102.72,-0.462],[102.691,-0.469],[102.663,-0.605],[102.667,-0.672],[102.639,-0.716],[102.639,-0.806],[102.576,-0.889],[102.555,-1.093],[102.617,-1.095],[102.672,-1.11],[102.686,-1.085],[102.733,-1.054],[102.928,-0.867],[103.012,-0.755],[103.139,-0.749],[103.345,-0.793],[103.44,-0.771]]]]},"properties":{"kode_bps":"1403"}},
{"type":"Feature","geometry":{"type":"MultiPolygon","coordinates":[[[[103.225,0.523],[103.285,0.528],[103.302,0.602],[103.279,0.657],[103.223,0.701],[103.149,0.667],[103.138,0.553],[103.166,0.5],[103.225,0.523]]],[[[103.337,0.485],[103.303,0.512],[103.212,0.484],[103.144,0.393],[103.057,0.37],[102.986,0.315],[102.842,0.244],[102.794,0.293],[102.9,0.336],[102.955,0.381],[103.121,0.463],[103.106,0.509],[103.028,0.601],[102.904,0.722],[102.88,0.711],[102.848,0.667],[102.34,0.611],[102.119,0.597],[101.977,0.572],[101.92,0.521],[101.831,0.507],[101.837,0.436],[101.794,0.408],[101.677,0.456],[101.665,0.537],[101.612,0.539],[101.58,0.497],[101.589,0.474],[101.614,0.395],[101.687,0.383],[101.68,0.295],[101.581,0.268],[101.592,0.194],[101.569,0.052],[101.534,0.03],[101.515,-0.038],[101.545,-0.13],[101.612,-0.236],[101.713,-0.265],[101.76,-0.331],[101.863,-0.404],[101.878,-0.392],[101.961,-0.406],[102.097,-0.276],[102.165,-0.264],[102.18,-0.211],[102.201,-0.175],[102.253,-0.166],[102.368,-0.179],[102.407,-0.166],[102.433,-0.147],[102.48,-0.089],[102.5,0.023],[102.52,0.055],[102.551,0.085],[102.602,0.103],[102.717,0.105],[102.835,0.138],[103.004,0.291],[103.145,0.34],[103.256,0.446],[103.337,0.485]]]]},"properties":{"kode_bps":"1404"}},
{"type":"Feature","geometry":{"type":"Polygon","coordinates":[[[100.933,1.248],[100.907,1.03],[101.335,0.797],[101.311,0.709],[101.382,0.681],[101.54,0.658],[101.55,0.638],[101.574,0.621],[101.586,0.578],[101.665,0.537],[101.677,0.456],[101.794,0.408],[101.837,0.436],[101.831,0.507],[101.92,0.521],[101.977,0.572],[102.119,0.597],[102.34,0.611],[102.848,0.667],[102.88,0.711],[102.85,0.739],[102.767,0.731],[102.695,0.755],[102.594,0.737],[102.499,0.753],[102.411,0.808],[102.335,0.905],[102.226,1],[102.192,1.087],[102.208,1.191],[102.132,1.177],[101.969,0.96],[101.902,0.947],[101.878,1.014],[101.874,1.1],[101.814,1.169],[101.712,1.197],[101.539,0.925],[101.433,1.016],[101.34,1.028],[101.282,1.06],[101.231,1.007],[100.933,1.248]]]},"properties":{"kode_bps":"1405"}},
{"type":"Feature","geometry":{"type":"Polygon","coordinates":[[[100.745,0.87],[100.678,0.779],[100.594,0.7],[100.677,0.589],[100.772,0.528],[100.809,0.529],[100.841,0.467],[100.839,0.375],[100.81,0.353],[100.735,0.381],[100.572,0.532],[100.512,0.458],[100.448,0.419],[100.465,0.398],[100.534,0.341],[100.63,0.219],[100.676,0.186],[100.713,0.239],[100.8,0.258],[100.849,0.175],[100.788,0.128],[100.801,0.049],[100.782,-0.011],[100.745,-0.046],[100.761,-0.12],[100.768,-0.162],[100.763,-0.212],[100.837,-0.289],[100.859,-0.333],[100.948,-0.311],[100.979,-0.313],[101.025,-0.34],[101.047,-0.377],[101.126,-0.356],[101.158,-0.236],[101.202,-0.183],[101.194,-0.118],[101.259,-0.017],[101.308,-0.043],[101.32,-0.092],[101.391,-0.128],[101.483,-0.101],[101.515,-0.038],[101.534,0.03],[101.569,0.052],[101.592,0.194],[101.581,0.268],[101.68,0.295],[101.687,0.383],[101.614,0.395],[101.567,0.447],[101.477,0.456],[101.447,0.417],[101.363,0.432],[101.354,0.566],[101.326,0.599],[101.382,0.658],[101.314,0.697],[101.311,0.709],[101.335,0.797],[100.907,1.03],[100.772,0.865],[100.745,0.87]]]},"properties":{"kode_bps":"1406"}},
{"type":"Feature","geometry":{"type":"Polygon","coordinates":[[[100.772,0.865],[100.908,1.031],[100.953,1.404],[100.83,1.324],[100.786,1.243],[100.7,1.246],[100.664,1.291],[100.617,1.223],[100.334,1.433],[100.308,1.417],[100.266,1.423],[100.2,1.399],[100.137,1.404],[100.114,1.395],[100.07,1.399],[100.042,1.392],[100.032,1.382],[100.05,1.313],[100.108,1.268],[100.135,1.168],[100.179,1.118],[100.169,1.123],[100.14,1.061],[100.167,0.998],[100.128,0.937],[100.134,0.866],[100.124,0.847],[100.119,0.83],[100.143,0.795],[100.179,0.764],[100.193,0.764],[100.24,0.733],[100.241,0.679],[100.187,0.627],[100.184,0.561],[100.238,0.535],[100.217,0.512],[100.238,0.475],[100.26,0.446],[100.29,0.398],[100.366,0.395],[100.376,0.389],[100.42,0.424],[100.448,0.419],[100.512,0.458],[100.572,0.532],[100.735,0.381],[100.81,0.353],[100.839,0.375],[100.841,0.467],[100.809,0.529],[100.772,0.528],[100.677,0.589],[100.594,0.7],[100.678,0.779],[100.745,0.87],[100.772,0.865]]]},"properties":{"kode_bps":"1407"}},
{"type":"Feature","geometry":{"type":"MultiPolygon","coordinates":[[[[102.073,1.603],[102.01,1.605],[102.031,1.533],[102.128,1.455],[102.293,1.43],[102.398,1.324],[102.496,1.253],[102.497,1.468],[102.461,1.518],[102.336,1.552],[102.185,1.569],[102.073,1.603]]],[[[102.132,1.177],[102.162,1.191],[102.15,1.268],[102.159,1.361],[102.005,1.458],[101.85,1.58],[101.766,1.656],[101.726,1.672],[101.69,1.516],[101.579,1.54],[101.476,1.456],[101.422,1.431],[101.317,1.475],[101.241,1.466],[101.179,1.445],[101.137,1.419],[101.114,1.414],[101.017,1.353],[100.948,1.351],[100.933,1.248],[101.231,1.007],[101.282,1.06],[101.34,1.028],[101.433,1.016],[101.539,0.925],[101.712,1.197],[101.814,1.169],[101.874,1.1],[101.878,1.014],[101.902,0.947],[101.969,0.96],[102.132,1.177]]],[[[101.655,2.125],[101.518,2.029],[101.471,2.065],[101.398,2.005],[101.384,1.906],[101.455,1.725],[101.616,1.688],[101.732,1.763],[101.78,1.98],[101.711,2.09],[101.655,2.125]]]]},"properties":{"kode_bps":"1408"}},
{"type":"Feature","geometry":{"type":"MultiPolygon","coordinates":[[[[100.733,2.272],[100.704,2.247],[100.72,2.177],[100.785,2.121],[100.778,2.185],[100.765,2.204],[100.752,2.254],[100.733,2.272]]],[[[101.241,1.466],[101.333,1.496],[101.282,1.632],[101.203,1.753],[101.073,1.929],[101.019,2.076],[101.01,2.127],[101.062,2.275],[101.052,2.291],[100.897,2.305],[100.797,2.293],[100.764,2.269],[100.766,2.211],[100.782,2.183],[100.789,2.118],[100.884,2.033],[100.864,1.988],[100.774,2.081],[100.568,2.156],[100.441,2.259],[100.361,2.393],[100.323,2.545],[100.295,2.428],[100.301,2.34],[100.365,2.211],[100.364,2.169],[100.316,2.052],[100.314,1.91],[100.305,1.882],[100.282,1.865],[100.296,1.791],[100.354,1.782],[100.319,1.69],[100.407,1.673],[100.403,1.624],[100.404,1.586],[100.413,1.541],[100.413,1.465],[100.324,1.459],[100.303,1.472],[100.279,1.466],[100.334,1.433],[100.617,1.223],[100.664,1.291],[100.7,1.246],[100.786,1.243],[100.83,1.324],[100.953,1.404],[100.948,1.351],[101.011,1.351],[101.168,1.442],[101.241,1.466]]]]},"properties":{"kode_bps":"1409"}},
{"type":"Feature","geometry":{"type":"MultiPolygon","coordinates":[[[[102.749,0.998],[102.736,1.022],[102.635,0.989],[102.589,1.001],[102.562,0.973],[102.488,0.931],[102.441,0.936],[102.409,0.888],[102.445,0.82],[102.561,0.769],[102.685,0.791],[102.866,0.791],[102.927,0.769],[102.995,0.689],[103.049,0.72],[103.047,0.824],[102.942,0.89],[102.881,0.951],[102.749,0.998]]],[[[102.533,1.129],[102.481,1.126],[102.46,1.076],[102.5,0.945],[102.56,0.973],[102.614,1.048],[102.533,1.129]]],[[[102.771,1.158],[102.73,1.151],[102.669,1.086],[102.644,1.007],[102.732,1.04],[102.806,0.992],[102.885,0.967],[102.955,0.905],[103.073,0.832],[103.154,0.848],[103.155,0.895],[102.989,1.084],[102.874,1.133],[102.771,1.158]]],[[[102.292,1.412],[102.21,1.407],[102.229,1.347],[102.206,1.277],[102.249,1.176],[102.236,1.101],[102.278,1.002],[102.364,0.927],[102.483,0.945],[102.439,1.071],[102.486,1.234],[102.374,1.326],[102.292,1.412]]]]},"properties":{"kode_bps":"1410"}},
{"type":"Feature","geometry":{"type":"Polygon","coordinates":[[[101.382,0.681],[101.375,0.645],[101.326,0.599],[101.354,0.566],[101.363,0.432],[101.447,0.417],[101.477,0.456],[101.567,0.447],[101.589,0.474],[101.58,0.497],[101.586,0.578],[101.574,0.621],[101.55,0.638],[101.54,0.658],[101.382,0.681]]]},"properties":{"kode_bps":"1471"}},
{"type":"Feature","geometry":{"type":"Polygon","coordinates":[[[101.726,1.672],[101.602,1.639],[101.524,1.65],[101.481,1.683],[101.401,1.707],[101.358,1.778],[101.364,1.832],[101.337,1.892],[101.323,1.998],[101.268,2.081],[101.179,2.128],[101.081,2.213],[101.06,2.249],[101.062,2.275],[101.056,2.271],[101.011,2.134],[101.019,2.076],[101.073,1.929],[101.203,1.753],[101.282,1.632],[101.333,1.496],[101.422,1.431],[101.476,1.456],[101.579,1.54],[101.69,1.516],[101.726,1.672]]]},"properties":{"kode_bps":"1473"}},
{"type":"Feature","geometry":{"type":"Polygon","coordinates":[[[101.48,-1.75],[101.411,-1.672],[101.397,-1.69],[101.267,-1.696],[101.233,-1.724],[101.169,-1.711],[101.132,-1.685],[101.129,-1.764],[101.179,-1.861],[101.142,-1.924],[101.207,-2.009],[101.241,-2.065],[101.272,-2.033],[101.29,-2.027],[101.427,-2.026],[101.457,-2.089],[101.415,-2.156],[101.282,-2.25],[101.285,-2.277],[101.419,-2.37],[101.558,-2.45],[101.556,-2.368],[101.617,-2.332],[101.696,-2.346],[101.743,-2.29],[101.775,-2.205],[101.812,-2.178],[101.719,-1.998],[101.656,-1.955],[101.638,-1.897],[101.48,-1.75]]]},"properties":{"kode_bps":"1501"}},
{"type":"Feature","geometry":{"type":"Polygon","coordinates":[[[101.84,-2.7],[101.877,-2.732],[101.922,-2.737],[101.99,-2.723],[102.029,-2.757],[102.082,-2.726],[102.094,-2.565],[102.156,-2.509],[102.123,-2.416],[102.222,-2.397],[102.292,-2.351],[102.352,-2.379],[102.404,-2.314],[102.461,-2.196],[102.557,-2.207],[102.631,-2.148],[102.488,-2.011],[102.475,-1.974],[102.466,-1.945],[102.46,-1.878],[102.47,-1.86],[102.46,-1.8],[102.508,-1.695],[102.53,-1.658],[102.487,-1.658],[102.407,-1.715],[102.363,-1.677],[102.243,-1.746],[102.216,-1.784],[102.135,-1.792],[102.128,-1.845],[102.071,-1.872],[102.007,-1.901],[101.919,-1.836],[101.827,-1.821],[101.731,-1.876],[101.661,-1.875],[101.631,-1.891],[101.656,-1.955],[101.719,-1.998],[101.812,-2.178],[101.775,-2.205],[101.743,-2.29],[101.696,-2.346],[101.617,-2.332],[101.556,-2.368],[101.575,-2.544],[101.669,-2.53],[101.775,-2.65],[101.84,-2.7]]]},"properties":{"kode_bps":"1502"}},
{"type":"Feature","geometry":{"type":"Polygon","coordinates":[[[102.51,-1.912],[102.459,-1.897],[102.475,-1.974],[102.488,-2.011],[102.631,-2.148],[102.557,-2.207],[102.461,-2.196],[102.404,-2.314],[102.352,-2.379],[102.292,-2.351],[102.222,-2.397],[102.123,-2.416],[102.156,-2.509],[102.094,-2.565],[102.082,-2.726],[102.091,-2.77],[102.126,-2.729],[102.235,-2.691],[102.277,-2.614],[102.328,-2.655],[102.387,-2.647],[102.406,-2.689],[102.49,-2.705],[102.519,-2.677],[102.602,-2.675],[102.641,-2.611],[102.796,-2.533],[102.794,-2.505],[102.875,-2.41],[102.841,-2.338],[102.877,-2.305],[102.993,-2.341],[103.034,-2.339],[103.143,-2.361],[103.212,-2.317],[103.195,-2.256],[103.207,-2.142],[103.222,-2.142],[103.22,-2.116],[103.201,-2.061],[103.174,-2.038],[103.16,-2.009],[103.161,-1.981],[103.157,-1.956],[103.051,-1.937],[102.979,-1.943],[102.946,-1.983],[102.858,-2.009],[102.777,-1.947],[102.712,-1.96],[102.652,-1.925],[102.54,-1.909],[102.51,-1.912]]]},"properties":{"kode_bps":"1503"}},
{"type":"Feature","geometry":{"type":"Polygon","coordinates":[[[103.459,-2.181],[103.447,-2.062],[103.375,-2.056],[103.37,-2.002],[103.314,-1.965],[103.315,-1.868],[103.396,-1.869],[103.429,-1.813],[103.396,-1.758],[103.418,-1.685],[103.418,-1.608],[103.448,-1.568],[103.468,-1.471],[103.384,-1.481],[103.319,-1.368],[103.258,-1.356],[103.25,-1.386],[103.217,-1.378],[103.205,-1.355],[103.167,-1.386],[103.052,-1.416],[103.028,-1.437],[102.961,-1.42],[102.921,-1.381],[102.835,-1.398],[102.823,-1.418],[102.825,-1.453],[102.802,-1.539],[102.782,-1.633],[102.732,-1.687],[102.687,-1.774],[102.659,-1.821],[102.585,-1.882],[102.563,-1.881],[102.508,-1.871],[102.54,-1.909],[102.652,-1.925],[102.712,-1.96],[102.777,-1.947],[102.858,-2.009],[102.946,-1.983],[102.979,-1.943],[103.051,-1.937],[103.157,-1.956],[103.161,-1.981],[103.16,-2.017],[103.211,-2.081],[103.222,-2.142],[103.261,-2.156],[103.292,-2.175],[103.326,-2.222],[103.393,-2.296],[103.411,-2.322],[103.431,-2.336],[103.452,-2.326],[103.451,-2.209],[103.459,-2.181]]]},"properties":{"kode_bps":"1504"}},
{"type":"Feature","geometry":{"type":"Polygon","coordinates":[[[104.358,-1.643],[104.297,-1.571],[104.254,-1.549],[104.171,-1.446],[104.111,-1.342],[104.057,-1.311],[103.838,-1.335],[103.585,-1.383],[103.552,-1.307],[103.457,-1.319],[103.393,-1.266],[103.346,-1.266],[103.347,-1.229],[103.261,-1.231],[103.264,-1.311],[103.232,-1.343],[103.205,-1.355],[103.217,-1.378],[103.25,-1.386],[103.258,-1.356],[103.319,-1.368],[103.384,-1.481],[103.468,-1.471],[103.448,-1.568],[103.418,-1.608],[103.418,-1.685],[103.396,-1.758],[103.429,-1.813],[103.396,-1.869],[103.315,-1.868],[103.314,-1.965],[103.37,-2.002],[103.375,-2.056],[103.447,-2.062],[103.459,-2.181],[103.499,-2.177],[103.531,-2.125],[103.538,-2.049],[103.56,-2],[103.51,-1.962],[103.52,-1.909],[103.626,-1.844],[103.664,-1.849],[103.766,-1.816],[103.777,-1.82],[103.892,-1.793],[104.342,-1.676],[104.36,-1.656],[104.358,-1.643]],[[103.601,-1.547],[103.653,-1.552],[103.681,-1.617],[103.621,-1.695],[103.576,-1.664],[103.566,-1.574],[103.601,-1.547]]]},"properties":{"kode_bps":"1505"}},
{"type":"Feature","geometry":{"type":"Polygon","coordinates":[[[104.498,-1.673],[104.47,-1.627],[104.44,-1.516],[104.458,-1.426],[104.456,-1.333],[104.393,-1.217],[104.409,-1.159],[104.391,-1.066],[104.25,-1.033],[104.135,-1.051],[104.031,-1.002],[103.908,-0.982],[103.843,-1.009],[103.75,-0.992],[103.729,-0.96],[103.627,-0.916],[103.574,-0.875],[103.553,-0.948],[103.555,-0.963],[103.544,-0.967],[103.539,-0.98],[103.524,-1.003],[103.476,-1.028],[103.432,-1.105],[103.436,-1.195],[103.402,-1.228],[103.347,-1.229],[103.346,-1.266],[103.393,-1.266],[103.457,-1.319],[103.552,-1.307],[103.585,-1.383],[103.838,-1.335],[104.057,-1.311],[104.111,-1.342],[104.171,-1.446],[104.254,-1.549],[104.297,-1.571],[104.358,-1.643],[104.408,-1.625],[104.498,-1.673]]]},"properties":{"kode_bps":"1506"}},
{"type":"Feature","geometry":{"type":"Polygon","coordinates":[[[103.167,-1.386],[103.232,-1.343],[103.264,-1.311],[103.261,-1.231],[103.402,-1.228],[103.436,-1.195],[103.432,-1.105],[103.476,-1.028],[103.535,-0.993],[103.55,-0.977],[103.544,-0.966],[103.553,-0.948],[103.574,-0.875],[103.55,-0.814],[103.44,-0.771],[103.345,-0.793],[103.139,-0.749],[103.012,-0.755],[102.928,-0.867],[102.733,-1.054],[102.686,-1.085],[102.672,-1.11],[102.646,-1.138],[102.723,-1.261],[102.757,-1.271],[102.806,-1.374],[102.823,-1.418],[102.835,-1.398],[102.921,-1.381],[102.961,-1.42],[103.028,-1.437],[103.052,-1.416],[103.167,-1.386]]]},"properties":{"kode_bps":"1507"}},
{"type":"Feature","geometry":{"type":"Polygon","coordinates":[[[102.825,-1.453],[102.806,-1.374],[102.757,-1.271],[102.723,-1.261],[102.646,-1.138],[102.617,-1.095],[102.559,-1.097],[102.543,-1.083],[102.482,-1.08],[102.443,-1.025],[102.326,-0.963],[102.307,-0.917],[102.204,-0.949],[102.165,-0.899],[102.117,-0.921],[102.008,-0.879],[101.959,-0.91],[101.947,-0.9],[101.907,-0.951],[101.859,-0.965],[101.833,-0.982],[101.823,-0.992],[101.822,-1.059],[101.834,-1.107],[101.845,-1.112],[101.852,-1.099],[101.865,-1.112],[101.879,-1.094],[101.893,-1.103],[101.891,-1.122],[101.915,-1.14],[101.963,-1.153],[101.962,-1.252],[101.905,-1.259],[101.872,-1.305],[101.901,-1.353],[102.077,-1.395],[102.153,-1.46],[102.323,-1.503],[102.309,-1.559],[102.319,-1.572],[102.452,-1.564],[102.48,-1.57],[102.481,-1.596],[102.519,-1.639],[102.53,-1.658],[102.508,-1.695],[102.46,-1.8],[102.47,-1.86],[102.459,-1.897],[102.51,-1.912],[102.508,-1.871],[102.563,-1.881],[102.592,-1.879],[102.662,-1.816],[102.687,-1.774],[102.732,-1.687],[102.782,-1.633],[102.802,-1.539],[102.825,-1.453]]]},"properties":{"kode_bps":"1508"}},
{"type":"Feature","geometry":{"type":"Polygon","coordinates":[[[102.487,-1.658],[102.519,-1.639],[102.481,-1.596],[102.477,-1.568],[102.419,-1.565],[102.338,-1.574],[102.314,-1.569],[102.31,-1.55],[102.323,-1.503],[102.153,-1.46],[102.077,-1.395],[101.901,-1.353],[101.872,-1.305],[101.905,-1.259],[101.962,-1.252],[101.963,-1.153],[101.915,-1.14],[101.891,-1.122],[101.892,-1.137],[101.874,-1.142],[101.814,-1.221],[101.722,-1.241],[101.695,-1.291],[101.725,-1.362],[101.724,-1.439],[101.671,-1.508],[101.549,-1.596],[101.481,-1.674],[101.436,-1.695],[101.48,-1.75],[101.631,-1.891],[101.661,-1.875],[101.731,-1.876],[101.827,-1.821],[101.919,-1.836],[102.007,-1.901],[102.071,-1.872],[102.128,-1.845],[102.135,-1.792],[102.216,-1.784],[102.243,-1.746],[102.363,-1.677],[102.407,-1.715],[102.487,-1.658]]]},"properties":{"kode_bps":"1509"}},
{"type":"Feature","geometry":{"type":"Polygon","coordinates":[[[103.601,-1.547],[103.566,-1.574],[103.576,-1.664],[103.621,-1.695],[103.681,-1.617],[103.653,-1.552],[103.601,-1.547]]]},"properties":{"kode_bps":"1571"}},
{"type":"Feature","geometry":{"type":"Polygon","coordinates":[[[101.241,-2.065],[101.265,-2.102],[101.282,-2.25],[101.415,-2.156],[101.457,-2.089],[101.427,-2.026],[101.29,-2.027],[101.272,-2.033],[101.241,-2.065]]]},"properties":{"kode_bps":"1572"}},
{"type":"Feature","geometry":{"type":"Polygon","coordinates":[[[103.627,-4.264],[103.637,-4.287],[103.699,-4.285],[103.799,-4.21],[103.842,-4.278],[103.851,-4.377],[103.903,-4.383],[103.926,-4.422],[103.971,-4.466],[104.045,-4.458],[104.159,-4.403],[104.219,-4.353],[104.241,-4.246],[104.336,-4.179],[104.308,-4.077],[104.357,-4.009],[104.399,-4.005],[104.512,-3.921],[104.509,-3.871],[104.558,-3.825],[104.5,-3.787],[104.496,-3.77],[104.464,-3.776],[104.41,-3.785],[104.36,-3.769],[104.288,-3.755],[104.238,-3.784],[104.208,-3.846],[104.123,-3.896],[103.995,-3.92],[103.966,-3.889],[103.893,-3.925],[103.89,-3.965],[103.747,-4.084],[103.705,-4.085],[103.706,-4.183],[103.622,-4.214],[103.627,-4.264]]]},"properties":{"kode_bps":"1601"}},
{"type":"Feature","geometry":{"type":"Polygon","coordinates":[[[104.794,-3.063],[104.79,-3.077],[104.793,-3.131],[104.807,-3.153],[104.818,-3.153],[104.796,-3.181],[104.819,-3.358],[104.814,-3.458],[104.679,-3.493],[104.651,-3.567],[104.643,-3.655],[104.705,-3.649],[104.774,-3.686],[104.773,-3.725],[104.858,-3.776],[104.874,-3.862],[104.855,-3.889],[104.852,-3.937],[104.861,-3.959],[104.874,-3.961],[104.9,-3.942],[104.93,-3.95],[104.914,-4.005],[104.856,-4.037],[104.848,-4.055],[104.828,-4.071],[104.806,-4.11],[104.788,-4.171],[104.755,-4.227],[104.793,-4.265],[104.889,-4.218],[104.927,-4.192],[104.946,-4.192],[105.013,-4.174],[105.05,-4.141],[105.106,-4.018],[105.179,-3.905],[105.276,-3.879],[105.319,-3.732],[105.351,-3.75],[105.39,-3.779],[105.432,-3.826],[105.492,-3.841],[105.512,-3.873],[105.6,-3.927],[105.59,-3.954],[105.664,-4.058],[105.663,-4.096],[105.711,-4.108],[105.729,-4.135],[105.777,-4.113],[105.808,-4.123],[105.836,-4.17],[105.872,-4.012],[105.938,-3.898],[105.96,-3.823],[105.907,-3.761],[105.83,-3.712],[105.82,-3.639],[105.834,-3.568],[105.891,-3.425],[105.987,-3.311],[106.088,-3.256],[106.098,-3.228],[106.06,-3.119],[106.071,-3.065],[106.051,-2.987],[105.979,-2.953],[105.881,-2.967],[105.798,-2.877],[105.807,-2.764],[105.797,-2.692],[105.689,-2.682],[105.628,-2.632],[105.603,-2.539],[105.634,-2.434],[105.614,-2.39],[105.533,-2.418],[105.472,-2.463],[105.336,-2.448],[105.185,-2.634],[105.208,-2.73],[105.097,-2.711],[105.091,-2.746],[105.075,-2.772],[105.094,-2.915],[105.092,-2.942],[105.01,-2.971],[105.041,-3.013],[105.031,-3.105],[104.96,-3.169],[104.889,-3.122],[104.833,-3.087],[104.828,-3.069],[104.794,-3.063]]]},"properties":{"kode_bps":"1602"}},
{"type":"Feature","geometry":{"type":"MultiPolygon","coordinates":[[[[103.468,-4.353],[103.52,-4.377],[103.598,-4.363],[103.627,-4.264],[103.622,-4.214],[103.706,-4.183],[103.705,-4.085],[103.747,-4.084],[103.89,-3.965],[103.893,-3.925],[103.966,-3.889],[103.995,-3.92],[104.123,-3.896],[104.208,-3.846],[104.238,-3.784],[104.288,-3.755],[104.36,-3.769],[104.372,-3.739],[104.442,-3.683],[104.468,-3.59],[104.422,-3.557],[104.366,-3.608],[104.304,-3.604],[104.276,-3.573],[104.243,-3.568],[104.231,-3.542],[104.218,-3.543],[104.131,-3.52],[104.128,-3.491],[104.151,-3.445],[104.152,-3.396],[104.132,-3.378],[104.123,-3.364],[104.025,-3.362],[104.019,-3.414],[103.933,-3.396],[103.886,-3.33],[103.804,-3.317],[103.672,-3.375],[103.614,-3.345],[103.625,-3.357],[103.614,-3.42],[103.541,-3.493],[103.539,-3.536],[103.574,-3.55],[103.628,-3.512],[103.729,-3.575],[103.757,-3.605],[103.744,-3.699],[103.703,-3.87],[103.683,-3.915],[103.631,-3.942],[103.644,-3.966],[103.595,-3.997],[103.554,-4.121],[103.454,-4.112],[103.439,-4.171],[103.305,-4.255],[103.328,-4.292],[103.458,-4.333],[103.468,-4.353]]],[[[104.256,-3.043],[104.23,-3.212],[104.232,-3.305],[104.213,-3.368],[104.306,-3.357],[104.348,-3.371],[104.293,-3.478],[104.333,-3.506],[104.446,-3.495],[104.448,-3.425],[104.513,-3.388],[104.529,-3.323],[104.54,-3.268],[104.556,-3.264],[104.563,-3.215],[104.511,-3.201],[104.479,-3.116],[104.513,-3.089],[104.618,-3.111],[104.69,-3.056],[104.619,-3.013],[104.604,-3.023],[104.597,-3.051],[104.542,-3.027],[104.499,-3.063],[104.486,-3.061],[104.479,-3.032],[104.443,-3.035],[104.356,-3.048],[104.318,-3.022],[104.256,-3.043]]]]},"properties":{"kode_bps":"1603"}},
{"type":"Feature","geometry":{"type":"MultiPolygon","coordinates":[[[[103.181,-4.236],[103.181,-4.148],[103.137,-4.042],[103.121,-4.016],[103.032,-4.021],[102.957,-4.056],[102.931,-4.047],[102.92,-4.097],[103.026,-4.168],[103.052,-4.219],[103.076,-4.262],[103.115,-4.248],[103.135,-4.255],[103.181,-4.236]]],[[[103.121,-4.016],[103.162,-4.005],[103.22,-3.988],[103.342,-4.04],[103.357,-3.999],[103.415,-3.985],[103.396,-4.063],[103.359,-4.098],[103.363,-4.158],[103.331,-4.186],[103.309,-4.252],[103.439,-4.171],[103.454,-4.112],[103.554,-4.121],[103.595,-3.997],[103.644,-3.966],[103.631,-3.942],[103.683,-3.915],[103.703,-3.87],[103.744,-3.699],[103.757,-3.605],[103.729,-3.575],[103.628,-3.512],[103.574,-3.55],[103.538,-3.593],[103.493,-3.51],[103.418,-3.53],[103.202,-3.502],[103.195,-3.49],[103.184,-3.496],[103.169,-3.506],[103.126,-3.603],[103.158,-3.674],[103.146,-3.75],[103.172,-3.8],[103.116,-3.86],[103.108,-3.92],[103.124,-3.925],[103.142,-3.979],[103.121,-4.016]]]]},"properties":{"kode_bps":"1604"}},
{"type":"Feature","geometry":{"type":"Polygon","coordinates":[[[103.176,-3.464],[103.202,-3.502],[103.418,-3.53],[103.493,-3.51],[103.538,-3.593],[103.539,-3.536],[103.541,-3.493],[103.614,-3.42],[103.625,-3.357],[103.614,-3.345],[103.61,-3.316],[103.607,-3.289],[103.65,-3.241],[103.559,-3.097],[103.512,-3.078],[103.5,-3.032],[103.411,-2.925],[103.431,-2.877],[103.338,-2.823],[103.271,-2.752],[103.236,-2.764],[103.227,-2.756],[103.148,-2.78],[103.101,-2.782],[103.093,-2.841],[102.904,-2.883],[102.872,-2.971],[102.77,-2.992],[102.486,-3.108],[102.494,-3.164],[102.49,-3.239],[102.531,-3.289],[102.636,-3.353],[102.675,-3.322],[102.744,-3.316],[102.764,-3.269],[102.816,-3.236],[102.81,-3.177],[102.86,-3.129],[102.924,-3.17],[102.97,-3.261],[102.966,-3.362],[102.989,-3.37],[102.999,-3.395],[102.992,-3.412],[103.048,-3.427],[103.112,-3.488],[103.176,-3.464]]]},"properties":{"kode_bps":"1605"}},
{"type":"Feature","geometry":{"type":"Polygon","coordinates":[[[104.153,-1.725],[103.791,-1.817],[103.766,-1.816],[103.664,-1.849],[103.626,-1.844],[103.52,-1.909],[103.51,-1.962],[103.56,-2],[103.538,-2.049],[103.531,-2.125],[103.499,-2.177],[103.451,-2.209],[103.452,-2.326],[103.431,-2.336],[103.411,-2.322],[103.393,-2.296],[103.326,-2.222],[103.292,-2.175],[103.261,-2.156],[103.207,-2.142],[103.182,-2.176],[103.195,-2.256],[103.212,-2.317],[103.143,-2.361],[103.034,-2.339],[103.035,-2.397],[103.068,-2.441],[103.155,-2.468],[103.185,-2.505],[103.249,-2.479],[103.366,-2.585],[103.342,-2.695],[103.309,-2.731],[103.271,-2.753],[103.338,-2.823],[103.431,-2.877],[103.411,-2.925],[103.5,-3.032],[103.512,-3.078],[103.559,-3.097],[103.65,-3.241],[103.679,-3.257],[103.717,-3.262],[103.774,-3.254],[103.796,-3.137],[103.886,-3.079],[103.949,-3.005],[104.021,-3.03],[104.067,-3.004],[104.134,-3.029],[104.188,-3.052],[104.175,-2.969],[104.183,-2.897],[104.171,-2.881],[104.132,-2.864],[104.247,-2.725],[104.222,-2.6],[104.134,-2.55],[104.102,-2.507],[104.095,-2.429],[104.15,-2.445],[104.222,-2.511],[104.275,-2.519],[104.36,-2.455],[104.459,-2.438],[104.577,-2.383],[104.657,-2.322],[104.636,-2.265],[104.545,-2.263],[104.428,-2.185],[104.36,-2.071],[104.254,-1.952],[104.163,-1.793],[104.153,-1.725]]]},"properties":{"kode_bps":"1606"}},
{"type":"Feature","geometry":{"type":"MultiPolygon","coordinates":[[[[104.646,-1.918],[104.594,-1.868],[104.539,-1.854],[104.518,-1.968],[104.573,-1.993],[104.646,-1.918]]],[[[104.498,-1.673],[104.408,-1.625],[104.36,-1.656],[104.342,-1.676],[104.153,-1.725],[104.163,-1.793],[104.254,-1.952],[104.36,-2.071],[104.428,-2.185],[104.545,-2.263],[104.636,-2.265],[104.657,-2.322],[104.577,-2.383],[104.459,-2.438],[104.36,-2.455],[104.275,-2.519],[104.222,-2.511],[104.15,-2.445],[104.095,-2.429],[104.102,-2.507],[104.134,-2.55],[104.222,-2.6],[104.247,-2.725],[104.132,-2.864],[104.177,-2.886],[104.184,-2.903],[104.175,-2.969],[104.188,-3.052],[104.167,-3.055],[104.169,-3.089],[104.232,-3.031],[104.256,-3.043],[104.318,-3.022],[104.356,-3.048],[104.443,-3.035],[104.475,-3.03],[104.492,-3.063],[104.505,-3.061],[104.542,-3.027],[104.597,-3.051],[104.612,-3.014],[104.645,-3.025],[104.634,-2.936],[104.677,-2.936],[104.679,-2.906],[104.675,-2.865],[104.73,-2.878],[104.756,-2.915],[104.815,-2.944],[104.851,-2.925],[104.86,-2.947],[104.865,-2.952],[104.834,-2.988],[104.79,-3.052],[104.799,-3.055],[104.794,-3.063],[104.828,-3.069],[104.833,-3.087],[104.889,-3.122],[104.96,-3.169],[105.031,-3.105],[105.041,-3.013],[105.01,-2.971],[105.094,-2.915],[105.075,-2.772],[105.091,-2.746],[105.097,-2.711],[105.208,-2.73],[105.185,-2.634],[105.336,-2.448],[105.472,-2.463],[105.533,-2.418],[105.471,-2.38],[105.431,-2.389],[105.297,-2.372],[105.211,-2.326],[105.121,-2.374],[105.051,-2.375],[105.004,-2.334],[104.926,-2.341],[104.917,-2.287],[104.848,-2.284],[104.843,-2.329],[104.789,-2.383],[104.73,-2.38],[104.777,-2.292],[104.905,-2.189],[104.896,-2.096],[104.844,-2.005],[104.687,-1.985],[104.653,-1.96],[104.574,-1.999],[104.506,-1.962],[104.465,-1.859],[104.54,-1.783],[104.539,-1.718],[104.498,-1.673]]]]},"properties":{"kode_bps":"1607"}},
{"type":"Feature","geometry":{"type":"Polygon","coordinates":[[[103.875,-4.884],[103.914,-4.816],[103.977,-4.825],[104.047,-4.901],[104.152,-4.925],[104.187,-4.892],[104.217,-4.859],[104.287,-4.856],[104.333,-4.872],[104.372,-4.818],[104.305,-4.766],[104.306,-4.73],[104.293,-4.705],[104.296,-4.667],[104.334,-4.605],[104.326,-4.558],[104.31,-4.563],[104.279,-4.552],[104.255,-4.52],[104.206,-4.442],[104.155,-4.412],[104.159,-4.403],[104.045,-4.458],[104.014,-4.446],[103.98,-4.465],[103.967,-4.464],[103.916,-4.409],[103.903,-4.383],[103.851,-4.377],[103.842,-4.278],[103.799,-4.21],[103.699,-4.285],[103.637,-4.287],[103.598,-4.363],[103.52,-4.377],[103.468,-4.353],[103.429,-4.405],[103.398,-4.518],[103.485,-4.579],[103.571,-4.525],[103.618,-4.533],[103.641,-4.595],[103.686,-4.634],[103.705,-4.698],[103.761,-4.775],[103.774,-4.773],[103.805,-4.793],[103.824,-4.821],[103.875,-4.884]]]},"properties":{"kode_bps":"1608"}},
{"type":"Feature","geometry":{"type":"Polygon","coordinates":[[[104.642,-3.656],[104.621,-3.708],[104.589,-3.768],[104.558,-3.825],[104.51,-3.869],[104.512,-3.921],[104.399,-4.005],[104.357,-4.009],[104.308,-4.077],[104.336,-4.179],[104.241,-4.246],[104.219,-4.353],[104.152,-4.408],[104.206,-4.442],[104.255,-4.52],[104.314,-4.523],[104.328,-4.461],[104.384,-4.348],[104.451,-4.299],[104.591,-4.243],[104.717,-4.263],[104.755,-4.227],[104.788,-4.171],[104.806,-4.11],[104.828,-4.071],[104.848,-4.055],[104.856,-4.037],[104.908,-4.011],[104.926,-3.975],[104.928,-3.946],[104.892,-3.944],[104.869,-3.962],[104.852,-3.94],[104.855,-3.889],[104.874,-3.862],[104.858,-3.776],[104.773,-3.725],[104.774,-3.686],[104.705,-3.649],[104.642,-3.656]]]},"properties":{"kode_bps":"1609"}},
{"type":"Feature","geometry":{"type":"Polygon","coordinates":[[[104.781,-3.052],[104.751,-3.039],[104.719,-3.095],[104.69,-3.056],[104.618,-3.111],[104.513,-3.089],[104.479,-3.116],[104.511,-3.201],[104.563,-3.215],[104.556,-3.264],[104.54,-3.268],[104.529,-3.323],[104.513,-3.388],[104.448,-3.425],[104.446,-3.495],[104.333,-3.506],[104.311,-3.512],[104.304,-3.604],[104.366,-3.608],[104.422,-3.557],[104.468,-3.59],[104.442,-3.683],[104.372,-3.739],[104.41,-3.785],[104.464,-3.776],[104.496,-3.77],[104.5,-3.787],[104.559,-3.807],[104.589,-3.768],[104.621,-3.708],[104.651,-3.567],[104.679,-3.493],[104.814,-3.458],[104.819,-3.358],[104.796,-3.181],[104.818,-3.153],[104.807,-3.153],[104.793,-3.131],[104.79,-3.077],[104.799,-3.055],[104.781,-3.052]]]},"properties":{"kode_bps":"1610"}},
{"type":"Feature","geometry":{"type":"Polygon","coordinates":[[[102.992,-3.412],[102.999,-3.435],[102.991,-3.517],[102.935,-3.578],[102.886,-3.579],[102.848,-3.537],[102.811,-3.552],[102.809,-3.609],[102.766,-3.643],[102.739,-3.748],[102.642,-3.793],[102.619,-3.801],[102.659,-3.817],[102.685,-3.845],[102.69,-3.862],[102.776,-3.916],[102.783,-3.945],[102.86,-3.993],[102.899,-3.973],[102.934,-3.986],[102.94,-4.001],[103.032,-4.021],[103.142,-3.979],[103.124,-3.925],[103.108,-3.92],[103.116,-3.86],[103.172,-3.8],[103.146,-3.75],[103.158,-3.674],[103.126,-3.603],[103.169,-3.506],[103.195,-3.49],[103.176,-3.464],[103.112,-3.488],[103.048,-3.427],[102.992,-3.412]]]},"properties":{"kode_bps":"1611"}},
{"type":"Feature","geometry":{"type":"Polygon","coordinates":[[[104.167,-3.055],[104.134,-3.029],[104.067,-3.004],[104.021,-3.03],[103.949,-3.005],[103.886,-3.079],[103.796,-3.137],[103.774,-3.254],[103.717,-3.262],[103.679,-3.257],[103.649,-3.246],[103.632,-3.256],[103.624,-3.276],[103.61,-3.279],[103.61,-3.316],[103.672,-3.375],[103.804,-3.317],[103.886,-3.33],[103.933,-3.396],[104.019,-3.414],[104.025,-3.362],[104.123,-3.364],[104.213,-3.368],[104.232,-3.305],[104.23,-3.212],[104.257,-3.047],[104.232,-3.031],[104.169,-3.089],[104.167,-3.055]]]},"properties":{"kode_bps":"1612"}},
{"type":"Feature","geometry":{"type":"Polygon","coordinates":[[[102.486,-3.108],[102.77,-2.992],[102.872,-2.971],[102.904,-2.883],[103.093,-2.841],[103.101,-2.782],[103.148,-2.78],[103.227,-2.756],[103.236,-2.764],[103.309,-2.731],[103.342,-2.695],[103.366,-2.585],[103.249,-2.479],[103.185,-2.505],[103.155,-2.468],[103.068,-2.441],[103.035,-2.397],[102.989,-2.34],[102.877,-2.305],[102.841,-2.338],[102.875,-2.41],[102.794,-2.505],[102.796,-2.533],[102.641,-2.611],[102.602,-2.675],[102.519,-2.677],[102.49,-2.705],[102.406,-2.689],[102.387,-2.647],[102.328,-2.655],[102.277,-2.614],[102.235,-2.691],[102.126,-2.729],[102.091,-2.77],[102.072,-2.793],[102.13,-2.836],[102.133,-2.876],[102.225,-2.928],[102.257,-3.037],[102.321,-3.07],[102.39,-3.044],[102.467,-3.08],[102.486,-3.108]]]},"properties":{"kode_bps":"1613"}},
{"type":"Feature","geometry":{"type":"Polygon","coordinates":[[[104.645,-3.025],[104.716,-3.068],[104.719,-3.095],[104.751,-3.039],[104.781,-3.052],[104.79,-3.052],[104.834,-2.988],[104.865,-2.952],[104.86,-2.947],[104.851,-2.925],[104.815,-2.944],[104.756,-2.915],[104.73,-2.878],[104.675,-2.865],[104.679,-2.906],[104.677,-2.936],[104.634,-2.936],[104.645,-3.025]]]},"properties":{"kode_bps":"1671"}},
{"type":"Feature","geometry":{"type":"Polygon","coordinates":[[[104.213,-3.368],[104.132,-3.378],[104.152,-3.396],[104.151,-3.445],[104.128,-3.491],[104.131,-3.52],[104.218,-3.543],[104.231,-3.542],[104.243,-3.568],[104.276,-3.573],[104.311,-3.512],[104.293,-3.478],[104.348,-3.371],[104.306,-3.357],[104.213,-3.368]]]},"properties":{"kode_bps":"1672"}},
{"type":"Feature","geometry":{"type":"Polygon","coordinates":[[[103.285,-4.257],[103.331,-4.186],[103.363,-4.158],[103.359,-4.098],[103.396,-4.063],[103.415,-3.985],[103.357,-3.999],[103.342,-4.04],[103.22,-3.988],[103.162,-4.005],[103.137,-4.042],[103.181,-4.148],[103.201,-4.248],[103.285,-4.257]]]},"properties":{"kode_bps":"1673"}},
{"type":"Feature","geometry":{"type":"Polygon","coordinates":[[[102.923,-3.368],[102.966,-3.362],[102.97,-3.261],[102.924,-3.17],[102.86,-3.129],[102.81,-3.177],[102.816,-3.236],[102.773,-3.28],[102.813,-3.337],[102.923,-3.368]]]},"properties":{"kode_bps":"1674"}},
{"type":"Feature","geometry":{"type":"Polygon","coordinates":[[[103.181,-4.236],[103.135,-4.255],[103.081,-4.264],[103.07,-4.258],[103.068,-4.241],[103.052,-4.219],[103.026,-4.168],[103,-4.158],[102.935,-4.185],[102.881,-4.237],[102.862,-4.283],[102.845,-4.341],[102.8,-4.36],[102.816,-4.383],[102.877,-4.431],[102.9,-4.489],[103.01,-4.522],[103.085,-4.528],[103.201,-4.392],[103.201,-4.308],[103.252,-4.3],[103.285,-4.257],[103.201,-4.248],[103.181,-4.236]]]},"properties":{"kode_bps":"1701"}},
{"type":"Feature","geometry":{"type":"Polygon","coordinates":[[[102.443,-3.528],[102.512,-3.494],[102.677,-3.548],[102.775,-3.547],[102.848,-3.537],[102.886,-3.579],[102.935,-3.578],[102.991,-3.517],[102.999,-3.435],[102.991,-3.412],[102.999,-3.395],[102.989,-3.37],[102.923,-3.368],[102.813,-3.337],[102.773,-3.28],[102.744,-3.316],[102.675,-3.322],[102.636,-3.353],[102.531,-3.289],[102.487,-3.284],[102.49,-3.326],[102.449,-3.321],[102.424,-3.358],[102.387,-3.358],[102.367,-3.405],[102.396,-3.422],[102.443,-3.528]]]},"properties":{"kode_bps":"1702"}},
{"type":"Feature","geometry":{"type":"MultiPolygon","coordinates":[[[[102.22,-5.32],[102.146,-5.283],[102.088,-5.358],[102.203,-5.417],[102.248,-5.496],[102.28,-5.477],[102.36,-5.505],[102.381,-5.386],[102.22,-5.32]]],[[[102.422,-3.494],[102.396,-3.422],[102.367,-3.405],[102.376,-3.382],[102.275,-3.361],[102.289,-3.28],[102.126,-3.173],[102.142,-3.112],[102.108,-3.044],[102.042,-2.974],[102.008,-2.885],[101.964,-2.815],[101.923,-2.738],[101.882,-2.734],[101.856,-2.717],[101.866,-2.789],[101.806,-2.88],[101.791,-2.983],[101.702,-3.054],[101.669,-3.126],[101.621,-3.149],[101.576,-3.185],[101.626,-3.249],[101.762,-3.348],[101.91,-3.439],[101.926,-3.479],[102.076,-3.552],[102.205,-3.654],[102.224,-3.598],[102.268,-3.592],[102.336,-3.53],[102.422,-3.494]]]]},"properties":{"kode_bps":"1703"}},
{"type":"Feature","geometry":{"type":"Polygon","coordinates":[[[103.085,-4.528],[103.085,-4.556],[103.284,-4.709],[103.412,-4.863],[103.497,-4.874],[103.571,-4.926],[103.602,-4.868],[103.718,-4.794],[103.761,-4.775],[103.705,-4.698],[103.686,-4.634],[103.641,-4.595],[103.618,-4.533],[103.571,-4.525],[103.485,-4.579],[103.398,-4.518],[103.429,-4.405],[103.458,-4.333],[103.328,-4.292],[103.285,-4.257],[103.252,-4.3],[103.201,-4.308],[103.201,-4.392],[103.085,-4.528]]]},"properties":{"kode_bps":"1704"}},
{"type":"Feature","geometry":{"type":"Polygon","coordinates":[[[103,-4.158],[102.92,-4.097],[102.931,-4.047],[102.957,-4.056],[102.94,-4.001],[102.934,-3.986],[102.899,-3.973],[102.86,-3.993],[102.783,-3.945],[102.776,-3.916],[102.69,-3.862],[102.669,-3.824],[102.62,-3.801],[102.611,-3.801],[102.607,-3.81],[102.438,-3.847],[102.378,-3.883],[102.303,-3.945],[102.332,-4.01],[102.656,-4.245],[102.741,-4.321],[102.8,-4.36],[102.846,-4.34],[102.862,-4.283],[102.881,-4.237],[102.935,-4.185],[103,-4.158]]]},"properties":{"kode_bps":"1705"}},
{"type":"Feature","geometry":{"type":"Polygon","coordinates":[[[101.856,-2.717],[101.84,-2.7],[101.775,-2.65],[101.669,-2.53],[101.575,-2.544],[101.542,-2.553],[101.548,-2.5],[101.562,-2.463],[101.557,-2.45],[101.419,-2.37],[101.285,-2.277],[101.26,-2.31],[101.238,-2.32],[101.147,-2.388],[101.022,-2.479],[101.142,-2.628],[101.262,-2.692],[101.321,-2.738],[101.404,-2.927],[101.479,-3.012],[101.521,-3.116],[101.576,-3.185],[101.621,-3.149],[101.669,-3.126],[101.702,-3.054],[101.791,-2.983],[101.806,-2.88],[101.866,-2.789],[101.856,-2.717]]]},"properties":{"kode_bps":"1706"}},
{"type":"Feature","geometry":{"type":"Polygon","coordinates":[[[102.376,-3.382],[102.387,-3.358],[102.424,-3.358],[102.449,-3.321],[102.49,-3.326],[102.487,-3.284],[102.49,-3.239],[102.494,-3.164],[102.467,-3.08],[102.39,-3.044],[102.321,-3.07],[102.257,-3.037],[102.225,-2.928],[102.133,-2.876],[102.13,-2.836],[102.072,-2.793],[102.029,-2.757],[101.99,-2.723],[101.922,-2.736],[101.929,-2.758],[101.947,-2.776],[101.964,-2.815],[102.008,-2.885],[102.042,-2.974],[102.108,-3.044],[102.142,-3.112],[102.126,-3.173],[102.289,-3.28],[102.275,-3.361],[102.376,-3.382]]]},"properties":{"kode_bps":"1707"}},
{"type":"Feature","geometry":{"type":"Polygon","coordinates":[[[102.614,-3.8],[102.642,-3.793],[102.739,-3.748],[102.766,-3.643],[102.809,-3.609],[102.811,-3.552],[102.775,-3.547],[102.677,-3.548],[102.512,-3.494],[102.443,-3.528],[102.479,-3.553],[102.512,-3.586],[102.528,-3.657],[102.577,-3.684],[102.614,-3.8]]]},"properties":{"kode_bps":"1708"}},
{"type":"Feature","geometry":{"type":"Polygon","coordinates":[[[102.614,-3.8],[102.577,-3.684],[102.528,-3.657],[102.512,-3.586],[102.479,-3.553],[102.447,-3.54],[102.422,-3.494],[102.336,-3.53],[102.268,-3.592],[102.223,-3.599],[102.205,-3.654],[102.25,-3.738],[102.332,-3.732],[102.384,-3.857],[102.438,-3.847],[102.607,-3.81],[102.614,-3.8]]]},"properties":{"kode_bps":"1709"}},
{"type":"Feature","geometry":{"type":"Polygon","coordinates":[[[102.25,-3.738],[102.248,-3.793],[102.293,-3.846],[102.303,-3.945],[102.378,-3.883],[102.332,-3.732],[102.25,-3.738]]]},"properties":{"kode_bps":"1771"}},
{"type":"Feature","geometry":{"type":"Polygon","coordinates":[[[103.875,-4.884],[103.824,-4.821],[103.805,-4.793],[103.774,-4.773],[103.718,-4.794],[103.602,-4.868],[103.571,-4.926],[103.659,-4.921],[103.752,-4.918],[103.839,-4.918],[103.873,-4.965],[103.941,-4.977],[104.012,-5.024],[104.009,-5.082],[104.058,-5.092],[104.084,-5.141],[104.145,-5.191],[104.223,-5.219],[104.261,-5.283],[104.315,-5.346],[104.332,-5.355],[104.334,-5.37],[104.349,-5.382],[104.382,-5.33],[104.396,-5.232],[104.439,-5.174],[104.441,-5.163],[104.532,-5.108],[104.58,-5.059],[104.57,-5.024],[104.499,-5.016],[104.499,-4.944],[104.476,-4.932],[104.442,-4.944],[104.422,-4.904],[104.353,-4.875],[104.313,-4.884],[104.287,-4.856],[104.217,-4.859],[104.187,-4.892],[104.152,-4.925],[104.047,-4.901],[103.932,-4.902],[103.875,-4.884]]]},"properties":{"kode_bps":"1801"}},
{"type":"Feature","geometry":{"type":"Polygon","coordinates":[[[104.349,-5.382],[104.411,-5.456],[104.414,-5.482],[104.51,-5.586],[104.571,-5.626],[104.629,-5.694],[104.615,-5.799],[104.659,-5.937],[104.724,-5.934],[104.698,-5.878],[104.71,-5.831],[104.645,-5.743],[104.64,-5.686],[104.564,-5.602],[104.546,-5.555],[104.567,-5.506],[104.707,-5.521],[104.777,-5.605],[104.829,-5.621],[104.963,-5.719],[105.029,-5.753],[105.094,-5.756],[105.151,-5.809],[105.172,-5.781],[105.118,-5.772],[105.077,-5.673],[105.003,-5.597],[104.944,-5.569],[104.913,-5.563],[104.892,-5.547],[104.881,-5.523],[104.879,-5.496],[104.904,-5.411],[104.761,-5.253],[104.779,-5.164],[104.795,-5.171],[104.792,-5.158],[104.767,-5.149],[104.751,-5.132],[104.699,-5.167],[104.585,-5.149],[104.56,-5.113],[104.537,-5.107],[104.444,-5.161],[104.439,-5.174],[104.396,-5.232],[104.382,-5.33],[104.349,-5.382]]]},"properties":{"kode_bps":"1802"}},
{"type":"Feature","geometry":{"type":"Polygon","coordinates":[[[105.347,-5.522],[105.412,-5.624],[105.535,-5.671],[105.589,-5.737],[105.585,-5.806],[105.755,-5.871],[105.799,-5.796],[105.809,-5.685],[105.799,-5.604],[105.785,-5.609],[105.749,-5.588],[105.686,-5.612],[105.633,-5.553],[105.631,-5.498],[105.528,-5.45],[105.52,-5.325],[105.455,-5.279],[105.42,-5.212],[105.332,-5.235],[105.281,-5.208],[105.202,-5.18],[105.161,-5.214],[105.177,-5.277],[105.141,-5.259],[105.109,-5.311],[105.178,-5.328],[105.219,-5.366],[105.253,-5.335],[105.294,-5.348],[105.306,-5.358],[105.325,-5.407],[105.327,-5.452],[105.347,-5.522]]]},"properties":{"kode_bps":"1803"}},
{"type":"Feature","geometry":{"type":"Polygon","coordinates":[[[105.276,-5.18],[105.281,-5.208],[105.332,-5.235],[105.42,-5.212],[105.455,-5.279],[105.52,-5.325],[105.528,-5.45],[105.631,-5.498],[105.633,-5.553],[105.686,-5.612],[105.749,-5.588],[105.785,-5.609],[105.799,-5.604],[105.82,-5.572],[105.821,-5.322],[105.864,-5.255],[105.857,-5.074],[105.876,-4.96],[105.902,-4.937],[105.863,-4.839],[105.883,-4.699],[105.817,-4.65],[105.819,-4.699],[105.812,-4.731],[105.784,-4.739],[105.762,-4.738],[105.747,-4.732],[105.737,-4.746],[105.679,-4.782],[105.663,-4.783],[105.655,-4.806],[105.605,-4.852],[105.555,-4.873],[105.454,-4.905],[105.414,-4.968],[105.345,-4.964],[105.323,-5.007],[105.363,-5.012],[105.311,-5.069],[105.346,-5.072],[105.332,-5.091],[105.324,-5.128],[105.276,-5.18]]]},"properties":{"kode_bps":"1804"}},
{"type":"Feature","geometry":{"type":"Polygon","coordinates":[[[105.269,-5.097],[105.363,-5.012],[105.323,-5.007],[105.345,-4.964],[105.414,-4.968],[105.454,-4.905],[105.555,-4.873],[105.605,-4.852],[105.655,-4.806],[105.663,-4.783],[105.679,-4.782],[105.737,-4.746],[105.747,-4.732],[105.762,-4.738],[105.784,-4.739],[105.812,-4.731],[105.819,-4.699],[105.804,-4.654],[105.779,-4.605],[105.771,-4.529],[105.713,-4.531],[105.696,-4.494],[105.621,-4.518],[105.534,-4.521],[105.51,-4.492],[105.41,-4.511],[105.354,-4.539],[105.328,-4.576],[105.294,-4.617],[105.263,-4.622],[105.182,-4.639],[105.143,-4.705],[105.123,-4.731],[105.121,-4.771],[105.068,-4.864],[105.042,-4.945],[104.966,-4.913],[104.904,-4.958],[104.82,-4.988],[104.747,-5.05],[104.697,-5.064],[104.637,-5.089],[104.58,-5.058],[104.533,-5.107],[104.56,-5.113],[104.585,-5.149],[104.699,-5.167],[104.751,-5.132],[104.767,-5.149],[104.792,-5.158],[104.795,-5.171],[104.804,-5.173],[104.905,-5.249],[104.949,-5.261],[105.01,-5.238],[105.058,-5.171],[105.153,-5.139],[105.222,-5.153],[105.276,-5.18],[105.269,-5.097]]]},"properties":{"kode_bps":"1805"}},
{"type":"Feature","geometry":{"type":"Polygon","coordinates":[[[104.58,-5.058],[104.637,-5.089],[104.697,-5.064],[104.747,-5.05],[104.82,-4.988],[104.904,-4.958],[104.966,-4.913],[105.042,-4.945],[105.068,-4.864],[105.107,-4.798],[105.123,-4.765],[105.127,-4.727],[105.102,-4.713],[105.069,-4.709],[104.999,-4.66],[104.986,-4.592],[104.994,-4.582],[104.967,-4.528],[104.907,-4.553],[104.823,-4.567],[104.783,-4.585],[104.699,-4.597],[104.606,-4.682],[104.645,-4.753],[104.622,-4.821],[104.551,-4.83],[104.501,-4.955],[104.499,-5.016],[104.57,-5.024],[104.58,-5.058]]]},"properties":{"kode_bps":"1806"}},
{"type":"Feature","geometry":{"type":"Polygon","coordinates":[[[104.501,-4.955],[104.551,-4.83],[104.622,-4.821],[104.645,-4.753],[104.606,-4.682],[104.699,-4.597],[104.783,-4.585],[104.823,-4.567],[104.907,-4.553],[104.951,-4.499],[104.981,-4.447],[105.064,-4.465],[105.056,-4.406],[104.998,-4.399],[104.988,-4.257],[104.942,-4.23],[104.929,-4.192],[104.889,-4.218],[104.793,-4.265],[104.717,-4.263],[104.591,-4.243],[104.451,-4.299],[104.384,-4.348],[104.328,-4.461],[104.314,-4.523],[104.334,-4.605],[104.296,-4.667],[104.293,-4.705],[104.306,-4.73],[104.305,-4.766],[104.372,-4.818],[104.353,-4.875],[104.422,-4.904],[104.442,-4.944],[104.48,-4.932],[104.499,-4.943],[104.501,-4.955]]]},"properties":{"kode_bps":"1807"}},
{"type":"Feature","geometry":{"type":"Polygon","coordinates":[[[105.817,-4.65],[105.898,-4.685],[105.917,-4.647],[105.884,-4.59],[105.905,-4.55],[105.892,-4.44],[105.825,-4.343],[105.827,-4.188],[105.808,-4.123],[105.777,-4.113],[105.758,-4.194],[105.602,-4.193],[105.527,-4.161],[105.424,-4.161],[105.425,-4.119],[105.387,-4.131],[105.237,-4.192],[105.231,-4.189],[105.19,-4.234],[105.2,-4.372],[105.244,-4.39],[105.174,-4.514],[105.203,-4.584],[105.263,-4.622],[105.294,-4.617],[105.328,-4.576],[105.354,-4.539],[105.41,-4.511],[105.51,-4.492],[105.534,-4.521],[105.621,-4.518],[105.696,-4.494],[105.713,-4.531],[105.771,-4.529],[105.779,-4.605],[105.804,-4.654],[105.817,-4.65]]]},"properties":{"kode_bps":"1808"}},
{"type":"Feature","geometry":{"type":"Polygon","coordinates":[[[105.219,-5.366],[105.178,-5.328],[105.109,-5.311],[105.141,-5.259],[105.177,-5.277],[105.161,-5.229],[105.163,-5.21],[105.202,-5.18],[105.222,-5.153],[105.153,-5.139],[105.058,-5.171],[105.038,-5.209],[105.066,-5.216],[105.045,-5.249],[105.034,-5.323],[105.06,-5.385],[104.973,-5.399],[104.999,-5.409],[104.95,-5.428],[104.925,-5.501],[104.945,-5.533],[104.946,-5.571],[105.003,-5.597],[105.077,-5.673],[105.118,-5.772],[105.172,-5.781],[105.193,-5.703],[105.204,-5.577],[105.244,-5.588],[105.265,-5.52],[105.25,-5.484],[105.232,-5.477],[105.207,-5.39],[105.219,-5.366]]]},"properties":{"kode_bps":"1809"}},
{"type":"Feature","geometry":{"type":"Polygon","coordinates":[[[104.804,-5.173],[104.779,-5.164],[104.761,-5.253],[104.904,-5.411],[104.879,-5.496],[104.879,-5.514],[104.895,-5.55],[104.945,-5.574],[104.945,-5.533],[104.925,-5.501],[104.95,-5.428],[104.999,-5.409],[104.973,-5.399],[105.06,-5.385],[105.034,-5.323],[105.045,-5.249],[105.066,-5.216],[105.038,-5.209],[105.01,-5.238],[104.949,-5.261],[104.905,-5.249],[104.804,-5.173]]]},"properties":{"kode_bps":"1810"}},
{"type":"Feature","geometry":{"type":"Polygon","coordinates":[[[105.758,-4.194],[105.729,-4.135],[105.711,-4.108],[105.663,-4.096],[105.664,-4.058],[105.59,-3.954],[105.6,-3.927],[105.512,-3.873],[105.492,-3.841],[105.432,-3.826],[105.39,-3.779],[105.351,-3.75],[105.319,-3.732],[105.276,-3.879],[105.179,-3.905],[105.106,-4.018],[105.05,-4.141],[105.073,-4.175],[105.086,-4.22],[105.204,-4.17],[105.237,-4.192],[105.387,-4.131],[105.425,-4.119],[105.424,-4.161],[105.527,-4.161],[105.602,-4.193],[105.758,-4.194]]]},"properties":{"kode_bps":"1811"}},
{"type":"Feature","geometry":{"type":"Polygon","coordinates":[[[105.182,-4.639],[105.203,-4.584],[105.174,-4.514],[105.244,-4.39],[105.2,-4.372],[105.19,-4.234],[105.231,-4.189],[105.204,-4.17],[105.086,-4.22],[105.073,-4.175],[105.013,-4.174],[104.946,-4.192],[104.929,-4.192],[104.942,-4.23],[104.988,-4.257],[104.998,-4.399],[105.056,-4.406],[105.064,-4.465],[104.981,-4.447],[104.951,-4.499],[104.967,-4.528],[104.994,-4.582],[104.986,-4.592],[104.999,-4.66],[105.069,-4.709],[105.102,-4.713],[105.127,-4.727],[105.143,-4.705],[105.182,-4.639]]]},"properties":{"kode_bps":"1812"}},
{"type":"Feature","geometry":{"type":"Polygon","coordinates":[[[103.659,-4.921],[103.773,-5.03],[103.838,-5.066],[103.867,-5.111],[103.929,-5.139],[103.903,-5.212],[103.987,-5.257],[103.995,-5.318],[104.121,-5.457],[104.189,-5.489],[104.299,-5.576],[104.301,-5.642],[104.416,-5.707],[104.453,-5.764],[104.565,-5.867],[104.585,-5.943],[104.659,-5.937],[104.615,-5.799],[104.629,-5.694],[104.571,-5.626],[104.51,-5.586],[104.414,-5.482],[104.41,-5.453],[104.334,-5.37],[104.332,-5.355],[104.287,-5.314],[104.223,-5.219],[104.145,-5.191],[104.084,-5.141],[104.058,-5.092],[104.009,-5.082],[104.012,-5.024],[103.941,-4.977],[103.873,-4.965],[103.839,-4.918],[103.752,-4.918],[103.659,-4.921]]]},"properties":{"kode_bps":"1813"}},
{"type":"Feature","geometry":{"type":"Polygon","coordinates":[[[105.347,-5.522],[105.327,-5.452],[105.325,-5.407],[105.306,-5.358],[105.294,-5.348],[105.253,-5.335],[105.207,-5.39],[105.232,-5.477],[105.25,-5.484],[105.291,-5.445],[105.347,-5.522]]]},"properties":{"kode_bps":"1871"}},
{"type":"Feature","geometry":{"type":"Polygon","coordinates":[[[105.276,-5.18],[105.324,-5.128],[105.332,-5.091],[105.346,-5.072],[105.311,-5.069],[105.269,-5.097],[105.276,-5.18]]]},"properties":{"kode_bps":"1872"}},
{"type":"Feature","geometry":{"type":"Polygon","coordinates":[[[106.111,-2.071],[106.164,-2.068],[106.149,-1.979],[106.186,-1.896],[106.135,-1.855],[106.127,-1.801],[106.087,-1.776],[106.029,-1.682],[106.049,-1.6],[105.981,-1.551],[105.879,-1.52],[105.721,-1.544],[105.719,-1.583],[105.767,-1.651],[105.74,-1.686],[105.774,-1.767],[105.76,-1.816],[105.747,-1.863],[105.697,-1.906],[105.786,-1.996],[105.77,-2.029],[105.75,-2.06],[105.751,-2.079],[105.769,-2.112],[105.766,-2.129],[105.793,-2.181],[105.788,-2.254],[105.83,-2.348],[105.901,-2.329],[105.959,-2.245],[106.068,-2.168],[106.082,-2.127],[106.049,-2.099],[106.108,-2.077],[106.111,-2.071]]]},"properties":{"kode_bps":"1901"}},
{"type":"Feature","geometry":{"type":"MultiPolygon","coordinates":[[[[107.464,-2.822],[107.424,-2.826],[107.352,-2.877],[107.412,-2.945],[107.476,-2.891],[107.464,-2.822]]],[[[107.938,-2.57],[107.838,-2.556],[107.667,-2.555],[107.628,-2.605],[107.628,-2.715],[107.597,-2.793],[107.6,-2.932],[107.561,-2.997],[107.582,-3.086],[107.627,-3.152],[107.592,-3.197],[107.64,-3.239],[107.709,-3.193],[107.766,-3.192],[107.837,-3.157],[107.823,-3.082],[107.863,-3.036],[107.82,-2.943],[107.751,-2.894],[107.785,-2.866],[107.855,-2.868],[107.868,-2.801],[107.937,-2.799],[107.992,-2.752],[107.876,-2.69],[107.899,-2.608],[107.938,-2.57]]]]},"properties":{"kode_bps":"1902"}},
{"type":"Feature","geometry":{"type":"Polygon","coordinates":[[[105.76,-1.816],[105.744,-1.782],[105.669,-1.762],[105.675,-1.654],[105.628,-1.626],[105.612,-1.562],[105.46,-1.564],[105.342,-1.669],[105.389,-1.736],[105.386,-1.802],[105.348,-1.846],[105.265,-1.896],[105.164,-1.929],[105.125,-1.959],[105.108,-2.024],[105.132,-2.086],[105.243,-2.073],[105.297,-2.154],[105.351,-2.12],[105.447,-2.125],[105.513,-2.083],[105.59,-2.124],[105.766,-2.129],[105.769,-2.112],[105.751,-2.079],[105.75,-2.06],[105.77,-2.029],[105.786,-1.996],[105.697,-1.906],[105.747,-1.863],[105.76,-1.816]]]},"properties":{"kode_bps":"1903"}},
{"type":"Feature","geometry":{"type":"Polygon","coordinates":[[[105.83,-2.348],[105.835,-2.413],[105.933,-2.47],[105.984,-2.469],[106.031,-2.513],[106.051,-2.502],[106.18,-2.486],[106.225,-2.465],[106.226,-2.479],[106.199,-2.527],[106.2,-2.564],[106.236,-2.585],[106.289,-2.571],[106.306,-2.547],[106.397,-2.569],[106.444,-2.614],[106.515,-2.646],[106.602,-2.691],[106.633,-2.695],[106.663,-2.715],[106.708,-2.643],[106.809,-2.579],[106.395,-2.478],[106.299,-2.421],[106.238,-2.329],[106.228,-2.26],[106.178,-2.148],[106.156,-2.161],[106.089,-2.145],[106.068,-2.168],[105.959,-2.245],[105.901,-2.329],[105.83,-2.348]]]},"properties":{"kode_bps":"1904"}},
{"type":"Feature","geometry":{"type":"MultiPolygon","coordinates":[[[[106.804,-2.886],[106.709,-2.967],[106.855,-3.04],[106.906,-2.966],[106.894,-2.93],[106.804,-2.886]]],[[[107.058,-2.821],[107.019,-2.878],[107.084,-2.912],[107.092,-2.86],[107.058,-2.821]]],[[[105.933,-2.47],[105.887,-2.644],[105.919,-2.744],[105.977,-2.815],[106.095,-2.837],[106.284,-2.905],[106.336,-2.968],[106.424,-2.971],[106.515,-3.113],[106.585,-3.077],[106.705,-3.098],[106.743,-3.056],[106.675,-2.975],[106.592,-2.939],[106.602,-2.863],[106.662,-2.716],[106.633,-2.695],[106.602,-2.691],[106.515,-2.646],[106.444,-2.614],[106.397,-2.569],[106.306,-2.547],[106.289,-2.571],[106.248,-2.585],[106.202,-2.57],[106.199,-2.527],[106.226,-2.479],[106.225,-2.465],[106.18,-2.486],[106.051,-2.502],[106.031,-2.513],[105.984,-2.469],[105.933,-2.47]]]]},"properties":{"kode_bps":"1905"}},
{"type":"Feature","geometry":{"type":"Polygon","coordinates":[[[107.82,-2.943],[107.864,-3.029],[107.883,-3.11],[107.93,-3.126],[107.973,-3.192],[107.966,-3.244],[108.083,-3.245],[108.08,-3.17],[108.152,-3.172],[108.213,-3.07],[108.209,-3.011],[108.298,-2.847],[108.248,-2.74],[108.192,-2.68],[108.149,-2.672],[108.086,-2.599],[107.938,-2.57],[107.899,-2.608],[107.876,-2.69],[107.992,-2.752],[107.937,-2.799],[107.868,-2.801],[107.855,-2.868],[107.785,-2.866],[107.751,-2.894],[107.82,-2.943]]]},"properties":{"kode_bps":"1906"}},
{"type":"Feature","geometry":{"type":"Polygon","coordinates":[[[106.089,-2.145],[106.156,-2.161],[106.165,-2.093],[106.111,-2.071],[106.108,-2.077],[106.049,-2.099],[106.082,-2.127],[106.089,-2.145]]]},"properties":{"kode_bps":"1971"}},
{"type":"Feature","geometry":{"type":"MultiPolygon","coordinates":[[[[103.766,0.88],[103.721,0.851],[103.76,0.804],[103.835,0.812],[103.766,0.88]]],[[[103.378,0.895],[103.342,0.801],[103.352,0.741],[103.401,0.671],[103.457,0.638],[103.513,0.755],[103.472,0.809],[103.411,0.845],[103.378,0.895]]],[[[103.375,1.137],[103.312,1.087],[103.327,1.019],[103.395,0.992],[103.375,1.137]]]]},"properties":{"kode_bps":"2101"}},
{"type":"Feature","geometry":{"type":"Polygon","coordinates":[[[104.532,0.862],[104.593,0.81],[104.62,0.899],[104.66,0.914],[104.635,0.988],[104.657,1.045],[104.634,1.108],[104.536,1.183],[104.501,1.17],[104.394,1.205],[104.33,1.138],[104.246,1.12],[104.215,1.065],[104.257,1.001],[104.332,0.991],[104.404,1.054],[104.454,1.054],[104.474,0.979],[104.553,0.922],[104.532,0.862]]]},"properties":{"kode_bps":"2102"}},
{"type":"Feature","geometry":{"type":"MultiPolygon","coordinates":[[[[109.02,2.554],[109.017,2.482],[109.089,2.489],[109.02,2.554]]],[[[108.868,3.01],[108.786,2.896],[108.848,2.851],[108.888,2.913],[108.868,3.01]]],[[[108.22,4.229],[108.146,4.137],[108.033,4.057],[107.989,3.943],[108.063,3.834],[108.118,3.826],[108.205,3.778],[108.118,3.744],[108.093,3.677],[108.202,3.659],[108.305,3.671],[108.31,3.731],[108.387,3.794],[108.396,3.847],[108.362,3.904],[108.403,3.964],[108.347,3.998],[108.234,4.128],[108.22,4.229]]]]},"properties":{"kode_bps":"2103"}},
{"type":"Feature","geometry":{"type":"MultiPolygon","coordinates":[[[[104.485,-0.34],[104.387,-0.412],[104.338,-0.388],[104.277,-0.396],[104.26,-0.475],[104.32,-0.538],[104.359,-0.683],[104.397,-0.602],[104.431,-0.583],[104.474,-0.637],[104.535,-0.539],[104.602,-0.469],[104.539,-0.371],[104.485,-0.34]]],[[[104.64,-0.035],[104.549,0.031],[104.511,-0.068],[104.506,-0.129],[104.427,-0.183],[104.429,-0.237],[104.498,-0.241],[104.522,-0.276],[104.7,-0.205],[104.849,-0.323],[104.916,-0.278],[104.879,-0.196],[104.757,-0.196],[104.64,-0.035]]],[[[104.544,0.208],[104.562,0.118],[104.605,0.151],[104.544,0.208]]]]},"properties":{"kode_bps":"2104"}},
{"type":"Feature","geometry":{"type":"MultiPolygon","coordinates":[[[[105.699,3.063],[105.715,2.985],[105.693,2.851],[105.733,2.815],[105.77,2.844],[105.766,2.895],[105.828,2.911],[105.739,3.05],[105.699,3.063]]],[[[106.278,3.195],[106.23,3.231],[106.204,3.138],[106.237,3.096],[106.289,3.104],[106.278,3.195]]],[[[106.302,3.381],[106.244,3.343],[106.227,3.26],[106.296,3.276],[106.302,3.381]]]]},"properties":{"kode_bps":"2105"}},
{"type":"Feature","geometry":{"type":"MultiPolygon","coordinates":[[[[104.262,0.801],[104.186,0.776],[104.201,0.728],[104.274,0.702],[104.262,0.801]]],[[[104.119,0.958],[104.1,0.88],[104.146,0.856],[104.168,0.788],[104.245,0.82],[104.266,0.859],[104.17,0.899],[104.119,0.958]]],[[[103.884,1.028],[103.833,0.977],[103.944,0.91],[103.967,0.967],[103.884,1.028]]],[[[104.022,1.028],[104.137,1.039],[104.154,1.136],[104.108,1.2],[104.041,1.178],[103.89,1.095],[103.943,1.008],[104.022,1.028]]]]},"properties":{"kode_bps":"2171"}},
{"type":"Feature","geometry":{"type":"Polygon","coordinates":[[[104.474,0.979],[104.439,0.906],[104.532,0.862],[104.553,0.922],[104.474,0.979]]]},"properties":{"kode_bps":"2172"}},
{"type":"Feature","geometry":{"type":"Polygon","coordinates":[[[106.497,-5.795],[106.478,-5.793],[106.512,-5.803],[106.497,-5.795]]]},"properties":{"kode_bps":"3101"}},
{"type":"Feature","geometry":{"type":"Polygon","coordinates":[[[106.792,-6.348],[106.858,-6.311],[106.854,-6.262],[106.864,-6.216],[106.823,-6.203],[106.778,-6.227],[106.75,-6.272],[106.76,-6.286],[106.777,-6.315],[106.809,-6.315],[106.792,-6.348]]]},"properties":{"kode_bps":"3171"}},
{"type":"Feature","geometry":{"type":"Polygon","coordinates":[[[106.972,-6.155],[106.944,-6.163],[106.922,-6.162],[106.922,-6.183],[106.875,-6.192],[106.864,-6.216],[106.854,-6.262],[106.858,-6.311],[106.856,-6.352],[106.883,-6.37],[106.916,-6.363],[106.904,-6.262],[106.944,-6.252],[106.966,-6.207],[106.972,-6.155]]]},"properties":{"kode_bps":"3172"}},
{"type":"Feature","geometry":{"type":"Polygon","coordinates":[[[106.811,-6.189],[106.823,-6.203],[106.875,-6.192],[106.861,-6.151],[106.844,-6.145],[106.828,-6.162],[106.811,-6.189]]]},"properties":{"kode_bps":"3173"}},
{"type":"Feature","geometry":{"type":"Polygon","coordinates":[[[106.711,-6.096],[106.687,-6.097],[106.689,-6.172],[106.718,-6.224],[106.778,-6.227],[106.811,-6.189],[106.828,-6.162],[106.801,-6.134],[106.711,-6.096]]]},"properties":{"kode_bps":"3174"}},
{"type":"Feature","geometry":{"type":"Polygon","coordinates":[[[106.972,-6.155],[106.969,-6.092],[106.882,-6.094],[106.841,-6.124],[106.711,-6.096],[106.801,-6.134],[106.844,-6.145],[106.861,-6.151],[106.922,-6.183],[106.922,-6.162],[106.944,-6.163],[106.972,-6.155]]]},"properties":{"kode_bps":"3175"}},
{"type":"Feature","geometry":{"type":"Polygon","coordinates":[[[106.994,-6.367],[106.945,-6.368],[106.915,-6.415],[106.892,-6.427],[106.856,-6.456],[106.738,-6.439],[106.728,-6.386],[106.722,-6.386],[106.717,-6.37],[106.721,-6.36],[106.594,-6.363],[106.558,-6.341],[106.519,-6.355],[106.502,-6.346],[106.476,-6.351],[106.484,-6.325],[106.467,-6.305],[106.425,-6.35],[106.427,-6.377],[106.438,-6.388],[106.454,-6.414],[106.445,-6.422],[106.413,-6.483],[106.416,-6.56],[106.429,-6.682],[106.451,-6.727],[106.533,-6.751],[106.548,-6.751],[106.589,-6.744],[106.656,-6.748],[106.741,-6.715],[106.778,-6.755],[106.814,-6.769],[106.918,-6.787],[106.947,-6.761],[106.971,-6.768],[106.988,-6.731],[106.994,-6.706],[107.051,-6.657],[107.135,-6.67],[107.227,-6.602],[107.193,-6.578],[107.165,-6.511],[107.123,-6.467],[107.02,-6.4],[107.01,-6.403],[106.996,-6.379],[106.994,-6.367]],[[106.779,-6.512],[106.84,-6.575],[106.849,-6.647],[106.819,-6.672],[106.763,-6.583],[106.779,-6.512]]]},"properties":{"kode_bps":"3201"}},
{"type":"Feature","geometry":{"type":"Polygon","coordinates":[[[106.533,-6.751],[106.498,-6.791],[106.436,-6.82],[106.39,-6.942],[106.54,-6.982],[106.545,-7.055],[106.457,-7.129],[106.442,-7.191],[106.401,-7.186],[106.373,-7.308],[106.414,-7.364],[106.491,-7.376],[106.523,-7.408],[106.791,-7.438],[106.823,-7.362],[106.967,-7.312],[106.983,-7.222],[106.966,-7.145],[106.942,-7.133],[106.937,-7.109],[106.959,-7.034],[107.043,-7.023],[107.033,-6.976],[107.049,-6.942],[107.033,-6.874],[107.001,-6.841],[106.987,-6.795],[106.957,-6.761],[106.935,-6.768],[106.921,-6.787],[106.9,-6.788],[106.831,-6.767],[106.778,-6.755],[106.741,-6.715],[106.656,-6.748],[106.589,-6.744],[106.548,-6.751],[106.533,-6.751]],[[106.915,-6.893],[106.954,-6.905],[106.956,-6.959],[106.912,-6.978],[106.915,-6.893]]]},"properties":{"kode_bps":"3202"}},
{"type":"Feature","geometry":{"type":"Polygon","coordinates":[[[107.315,-7.153],[107.306,-7.09],[107.224,-7.058],[107.196,-7.021],[107.19,-6.968],[107.342,-6.886],[107.324,-6.852],[107.313,-6.801],[107.261,-6.756],[107.247,-6.69],[107.259,-6.68],[107.227,-6.602],[107.135,-6.67],[107.051,-6.657],[106.994,-6.706],[106.988,-6.731],[106.988,-6.74],[106.974,-6.751],[106.974,-6.765],[106.965,-6.77],[106.993,-6.805],[107.005,-6.848],[107.033,-6.874],[107.049,-6.942],[107.033,-6.976],[107.043,-7.023],[106.959,-7.034],[106.954,-7.068],[106.944,-7.075],[106.948,-7.086],[106.937,-7.123],[106.966,-7.145],[106.983,-7.222],[106.967,-7.312],[106.823,-7.362],[106.791,-7.438],[106.883,-7.435],[107.108,-7.457],[107.248,-7.489],[107.423,-7.506],[107.432,-7.424],[107.485,-7.357],[107.455,-7.292],[107.424,-7.26],[107.346,-7.239],[107.315,-7.153]]]},"properties":{"kode_bps":"3203"}},
{"type":"Feature","geometry":{"type":"Polygon","coordinates":[[[107.75,-6.813],[107.703,-6.84],[107.692,-6.829],[107.633,-6.889],[107.738,-6.9],[107.694,-6.97],[107.585,-6.962],[107.561,-6.949],[107.544,-6.919],[107.523,-6.936],[107.488,-6.98],[107.477,-7.057],[107.419,-7.062],[107.392,-7.121],[107.312,-7.107],[107.315,-7.153],[107.346,-7.239],[107.424,-7.26],[107.501,-7.257],[107.535,-7.251],[107.557,-7.251],[107.641,-7.304],[107.692,-7.309],[107.731,-7.294],[107.722,-7.29],[107.731,-7.213],[107.74,-7.167],[107.799,-7.156],[107.831,-7.091],[107.877,-7.05],[107.931,-7.033],[107.902,-6.969],[107.831,-6.964],[107.829,-6.972],[107.755,-6.956],[107.76,-6.897],[107.75,-6.813]]]},"properties":{"kode_bps":"3204"}},
{"type":"Feature","geometry":{"type":"Polygon","coordinates":[[[107.731,-7.213],[107.722,-7.29],[107.731,-7.294],[107.692,-7.309],[107.641,-7.304],[107.557,-7.251],[107.535,-7.251],[107.501,-7.257],[107.455,-7.292],[107.485,-7.357],[107.432,-7.424],[107.423,-7.506],[107.606,-7.573],[107.674,-7.627],[107.691,-7.669],[107.81,-7.688],[107.843,-7.735],[107.906,-7.737],[107.931,-7.686],[107.925,-7.618],[107.941,-7.581],[107.951,-7.422],[107.904,-7.363],[107.946,-7.331],[108.019,-7.231],[108.075,-7.198],[108.068,-7.13],[108.126,-7.102],[108.135,-7.05],[108.1,-7.02],[107.991,-6.982],[107.931,-6.956],[107.916,-6.946],[107.902,-6.969],[107.931,-7.033],[107.877,-7.05],[107.831,-7.091],[107.799,-7.156],[107.74,-7.167],[107.731,-7.213]]]},"properties":{"kode_bps":"3205"}},
{"type":"Feature","geometry":{"type":"Polygon","coordinates":[[[108.33,-7.35],[108.292,-7.341],[108.266,-7.434],[108.213,-7.435],[108.187,-7.447],[108.185,-7.395],[108.163,-7.363],[108.193,-7.269],[108.2,-7.19],[108.209,-7.088],[108.136,-7.061],[108.126,-7.102],[108.068,-7.13],[108.075,-7.198],[108.019,-7.231],[107.946,-7.331],[107.904,-7.363],[107.951,-7.422],[107.941,-7.581],[107.925,-7.618],[107.931,-7.686],[107.91,-7.732],[108.006,-7.744],[108.083,-7.773],[108.341,-7.817],[108.318,-7.786],[108.313,-7.724],[108.366,-7.659],[108.336,-7.528],[108.374,-7.479],[108.417,-7.488],[108.422,-7.489],[108.42,-7.422],[108.412,-7.377],[108.33,-7.35]]]},"properties":{"kode_bps":"3206"}},
{"type":"Feature","geometry":{"type":"Polygon","coordinates":[[[108.386,-7.073],[108.36,-7.052],[108.245,-7.067],[108.17,-7.059],[108.209,-7.088],[108.2,-7.19],[108.202,-7.286],[108.253,-7.321],[108.278,-7.334],[108.33,-7.35],[108.412,-7.377],[108.42,-7.422],[108.422,-7.489],[108.472,-7.518],[108.485,-7.536],[108.542,-7.538],[108.549,-7.557],[108.623,-7.555],[108.654,-7.529],[108.647,-7.469],[108.697,-7.461],[108.723,-7.431],[108.683,-7.369],[108.651,-7.387],[108.631,-7.382],[108.569,-7.438],[108.534,-7.416],[108.476,-7.365],[108.501,-7.358],[108.535,-7.344],[108.556,-7.288],[108.582,-7.254],[108.585,-7.218],[108.581,-7.206],[108.526,-7.174],[108.519,-7.161],[108.515,-7.145],[108.442,-7.119],[108.386,-7.073]]]},"properties":{"kode_bps":"3207"}},
{"type":"Feature","geometry":{"type":"Polygon","coordinates":[[[108.759,-6.984],[108.744,-6.987],[108.717,-6.994],[108.666,-6.941],[108.666,-6.917],[108.656,-6.902],[108.612,-6.896],[108.536,-6.868],[108.525,-6.858],[108.513,-6.791],[108.456,-6.799],[108.401,-6.83],[108.408,-6.892],[108.385,-6.959],[108.386,-7.073],[108.442,-7.119],[108.515,-7.145],[108.519,-7.161],[108.526,-7.174],[108.593,-7.15],[108.635,-7.139],[108.659,-7.156],[108.726,-7.115],[108.771,-7.112],[108.785,-7.057],[108.778,-6.993],[108.759,-6.984]]]},"properties":{"kode_bps":"3208"}},
{"type":"Feature","geometry":{"type":"Polygon","coordinates":[[[108.827,-6.77],[108.75,-6.815],[108.685,-6.801],[108.595,-6.745],[108.531,-6.783],[108.548,-6.701],[108.56,-6.644],[108.539,-6.516],[108.475,-6.558],[108.448,-6.571],[108.386,-6.548],[108.354,-6.576],[108.34,-6.674],[108.359,-6.681],[108.358,-6.714],[108.37,-6.732],[108.387,-6.764],[108.456,-6.799],[108.513,-6.791],[108.525,-6.858],[108.536,-6.868],[108.612,-6.896],[108.656,-6.902],[108.666,-6.917],[108.666,-6.941],[108.717,-6.994],[108.744,-6.987],[108.759,-6.984],[108.757,-6.958],[108.767,-6.902],[108.793,-6.88],[108.825,-6.832],[108.827,-6.77]]]},"properties":{"kode_bps":"3209"}},
{"type":"Feature","geometry":{"type":"Polygon","coordinates":[[[108.386,-7.073],[108.385,-6.959],[108.401,-6.83],[108.387,-6.764],[108.37,-6.732],[108.358,-6.714],[108.359,-6.681],[108.34,-6.674],[108.315,-6.608],[108.21,-6.573],[108.173,-6.606],[108.146,-6.6],[108.073,-6.575],[108.049,-6.623],[108.054,-6.653],[108.092,-6.673],[108.138,-6.707],[108.149,-6.758],[108.164,-6.835],[108.22,-6.928],[108.165,-6.998],[108.17,-7.059],[108.245,-7.067],[108.36,-7.052],[108.386,-7.073]]]},"properties":{"kode_bps":"3210"}},
{"type":"Feature","geometry":{"type":"Polygon","coordinates":[[[107.831,-6.964],[107.916,-6.946],[107.931,-6.956],[107.991,-6.982],[108.1,-7.02],[108.165,-6.998],[108.22,-6.928],[108.164,-6.835],[108.149,-6.758],[108.138,-6.707],[108.092,-6.673],[108.054,-6.653],[108.035,-6.655],[107.989,-6.67],[107.94,-6.626],[107.848,-6.586],[107.837,-6.776],[107.75,-6.813],[107.76,-6.897],[107.754,-6.953],[107.829,-6.972],[107.831,-6.964]]]},"properties":{"kode_bps":"3211"}},
{"type":"Feature","geometry":{"type":"Polygon","coordinates":[[[108.539,-6.516],[108.535,-6.481],[108.448,-6.431],[108.385,-6.358],[108.361,-6.258],[108.221,-6.24],[108.19,-6.295],[108.13,-6.335],[108.031,-6.307],[107.949,-6.257],[107.912,-6.27],[107.925,-6.28],[107.918,-6.324],[107.924,-6.36],[107.898,-6.39],[107.895,-6.449],[107.895,-6.463],[107.919,-6.494],[107.908,-6.496],[107.894,-6.557],[107.94,-6.626],[107.989,-6.67],[108.035,-6.655],[108.049,-6.623],[108.073,-6.575],[108.146,-6.6],[108.173,-6.606],[108.21,-6.573],[108.315,-6.608],[108.354,-6.576],[108.386,-6.548],[108.448,-6.571],[108.475,-6.558],[108.539,-6.516]]]},"properties":{"kode_bps":"3212"}},
{"type":"Feature","geometry":{"type":"Polygon","coordinates":[[[107.75,-6.813],[107.837,-6.776],[107.848,-6.586],[107.894,-6.557],[107.908,-6.496],[107.919,-6.494],[107.895,-6.463],[107.895,-6.449],[107.898,-6.39],[107.924,-6.36],[107.918,-6.324],[107.925,-6.28],[107.912,-6.27],[107.85,-6.189],[107.819,-6.186],[107.721,-6.237],[107.644,-6.215],[107.6,-6.238],[107.599,-6.253],[107.583,-6.312],[107.538,-6.387],[107.545,-6.47],[107.565,-6.487],[107.565,-6.568],[107.602,-6.654],[107.588,-6.715],[107.602,-6.736],[107.688,-6.798],[107.75,-6.813]]]},"properties":{"kode_bps":"3213"}},
{"type":"Feature","geometry":{"type":"Polygon","coordinates":[[[107.487,-6.735],[107.532,-6.763],[107.576,-6.777],[107.571,-6.737],[107.588,-6.715],[107.602,-6.654],[107.565,-6.568],[107.565,-6.487],[107.545,-6.47],[107.503,-6.408],[107.39,-6.5],[107.328,-6.484],[107.291,-6.5],[107.284,-6.53],[107.273,-6.536],[107.25,-6.573],[107.259,-6.68],[107.247,-6.69],[107.316,-6.714],[107.373,-6.69],[107.396,-6.696],[107.425,-6.7],[107.487,-6.735]]]},"properties":{"kode_bps":"3214"}},
{"type":"Feature","geometry":{"type":"Polygon","coordinates":[[[107.172,-6.482],[107.165,-6.511],[107.193,-6.578],[107.25,-6.573],[107.273,-6.536],[107.284,-6.53],[107.285,-6.505],[107.306,-6.491],[107.35,-6.486],[107.39,-6.5],[107.503,-6.408],[107.538,-6.387],[107.583,-6.312],[107.599,-6.253],[107.6,-6.238],[107.644,-6.215],[107.621,-6.187],[107.541,-6.178],[107.476,-6.15],[107.389,-6.018],[107.343,-5.97],[107.28,-5.959],[107.168,-5.989],[107.098,-5.94],[107.084,-5.991],[107.13,-6.062],[107.281,-6.128],[107.297,-6.203],[107.276,-6.267],[107.236,-6.297],[107.205,-6.376],[107.195,-6.461],[107.172,-6.482]]]},"properties":{"kode_bps":"3215"}},
{"type":"Feature","geometry":{"type":"Polygon","coordinates":[[[107.084,-5.991],[107.098,-5.94],[107.02,-5.918],[107.006,-6.05],[106.97,-6.088],[106.972,-6.172],[107.011,-6.172],[107.043,-6.233],[107.017,-6.276],[107.016,-6.33],[107.007,-6.363],[106.996,-6.379],[107.01,-6.403],[107.02,-6.4],[107.123,-6.467],[107.172,-6.482],[107.195,-6.461],[107.205,-6.376],[107.236,-6.297],[107.276,-6.267],[107.297,-6.203],[107.281,-6.128],[107.13,-6.062],[107.084,-5.991]]]},"properties":{"kode_bps":"3216"}},
{"type":"Feature","geometry":{"type":"Polygon","coordinates":[[[107.525,-6.921],[107.51,-6.898],[107.523,-6.865],[107.598,-6.837],[107.616,-6.847],[107.692,-6.829],[107.703,-6.84],[107.688,-6.798],[107.602,-6.736],[107.578,-6.73],[107.568,-6.743],[107.578,-6.776],[107.554,-6.775],[107.53,-6.762],[107.518,-6.744],[107.487,-6.735],[107.425,-6.7],[107.396,-6.696],[107.373,-6.69],[107.303,-6.746],[107.324,-6.852],[107.342,-6.886],[107.19,-6.968],[107.196,-7.021],[107.224,-7.058],[107.306,-7.09],[107.392,-7.121],[107.419,-7.062],[107.477,-7.057],[107.488,-6.98],[107.523,-6.936],[107.525,-6.921]]]},"properties":{"kode_bps":"3217"}},
{"type":"Feature","geometry":{"type":"Polygon","coordinates":[[[108.472,-7.518],[108.417,-7.488],[108.374,-7.479],[108.336,-7.528],[108.366,-7.659],[108.313,-7.724],[108.318,-7.786],[108.343,-7.82],[108.441,-7.821],[108.496,-7.795],[108.515,-7.7],[108.688,-7.678],[108.777,-7.699],[108.8,-7.668],[108.742,-7.614],[108.741,-7.593],[108.749,-7.567],[108.697,-7.461],[108.647,-7.469],[108.623,-7.555],[108.549,-7.557],[108.542,-7.538],[108.485,-7.536],[108.472,-7.518]]]},"properties":{"kode_bps":"3218"}},
{"type":"Feature","geometry":{"type":"Polygon","coordinates":[[[106.779,-6.512],[106.763,-6.583],[106.819,-6.672],[106.849,-6.647],[106.84,-6.575],[106.779,-6.512]]]},"properties":{"kode_bps":"3271"}},
{"type":"Feature","geometry":{"type":"Polygon","coordinates":[[[106.915,-6.893],[106.912,-6.978],[106.956,-6.959],[106.954,-6.905],[106.915,-6.893]]]},"properties":{"kode_bps":"3272"}},
{"type":"Feature","geometry":{"type":"Polygon","coordinates":[[[107.633,-6.889],[107.616,-6.847],[107.598,-6.837],[107.576,-6.891],[107.569,-6.91],[107.565,-6.93],[107.546,-6.928],[107.56,-6.949],[107.587,-6.963],[107.694,-6.97],[107.738,-6.9],[107.633,-6.889]]]},"properties":{"kode_bps":"3273"}},
{"type":"Feature","geometry":{"type":"Polygon","coordinates":[[[108.595,-6.745],[108.548,-6.701],[108.531,-6.783],[108.595,-6.745]]]},"properties":{"kode_bps":"3274"}},
{"type":"Feature","geometry":{"type":"Polygon","coordinates":[[[106.972,-6.172],[106.966,-6.207],[106.944,-6.252],[106.904,-6.262],[106.916,-6.363],[106.945,-6.368],[106.994,-6.367],[107.007,-6.363],[107.016,-6.33],[107.017,-6.276],[107.043,-6.233],[107.011,-6.172],[106.972,-6.172]]]},"properties":{"kode_bps":"3275"}},
{"type":"Feature","geometry":{"type":"Polygon","coordinates":[[[106.915,-6.415],[106.883,-6.37],[106.856,-6.352],[106.792,-6.348],[106.809,-6.315],[106.779,-6.317],[106.771,-6.357],[106.717,-6.365],[106.738,-6.439],[106.856,-6.456],[106.892,-6.427],[106.915,-6.415]]]},"properties":{"kode_bps":"3276"}},
{"type":"Feature","geometry":{"type":"Polygon","coordinates":[[[107.544,-6.919],[107.569,-6.91],[107.576,-6.891],[107.51,-6.898],[107.525,-6.921],[107.544,-6.919]]]},"properties":{"kode_bps":"3277"}},
{"type":"Feature","geometry":{"type":"Polygon","coordinates":[[[108.193,-7.269],[108.163,-7.363],[108.185,-7.395],[108.187,-7.447],[108.213,-7.435],[108.266,-7.434],[108.292,-7.341],[108.278,-7.334],[108.253,-7.321],[108.202,-7.286],[108.193,-7.269]]]},"properties":{"kode_bps":"3278"}},
{"type":"Feature","geometry":{"type":"Polygon","coordinates":[[[108.651,-7.387],[108.647,-7.337],[108.575,-7.334],[108.535,-7.344],[108.501,-7.358],[108.476,-7.365],[108.534,-7.416],[108.569,-7.438],[108.631,-7.382],[108.651,-7.387]]]},"properties":{"kode_bps":"3279"}},
{"type":"Feature","geometry":{"type":"Polygon","coordinates":[[[108.967,-7.332],[108.95,-7.315],[108.893,-7.276],[108.853,-7.254],[108.716,-7.173],[108.659,-7.156],[108.646,-7.142],[108.625,-7.14],[108.592,-7.15],[108.562,-7.171],[108.581,-7.207],[108.586,-7.243],[108.556,-7.288],[108.575,-7.334],[108.647,-7.337],[108.683,-7.369],[108.723,-7.431],[108.712,-7.459],[108.749,-7.567],[108.741,-7.593],[108.742,-7.614],[108.8,-7.668],[108.796,-7.735],[109.021,-7.773],[109.024,-7.728],[109.089,-7.688],[109.29,-7.701],[109.38,-7.687],[109.392,-7.672],[109.386,-7.661],[109.362,-7.65],[109.359,-7.64],[109.263,-7.62],[109.203,-7.558],[109.16,-7.578],[109.058,-7.556],[109.003,-7.544],[108.958,-7.494],[108.921,-7.464],[108.915,-7.445],[108.967,-7.332]]]},"properties":{"kode_bps":"3301"}},
{"type":"Feature","geometry":{"type":"Polygon","coordinates":[[[109.362,-7.485],[109.345,-7.478],[109.335,-7.486],[109.327,-7.463],[109.255,-7.281],[109.224,-7.246],[109.165,-7.271],[109.117,-7.275],[109.047,-7.339],[109.028,-7.326],[109.017,-7.335],[108.967,-7.332],[108.915,-7.445],[108.921,-7.464],[108.958,-7.494],[109.003,-7.544],[109.058,-7.556],[109.16,-7.578],[109.203,-7.558],[109.263,-7.62],[109.359,-7.64],[109.383,-7.664],[109.391,-7.644],[109.407,-7.651],[109.446,-7.621],[109.433,-7.55],[109.404,-7.541],[109.362,-7.485]]]},"properties":{"kode_bps":"3302"}},
{"type":"Feature","geometry":{"type":"Polygon","coordinates":[[[109.539,-7.244],[109.532,-7.231],[109.492,-7.222],[109.457,-7.197],[109.381,-7.19],[109.328,-7.213],[109.225,-7.239],[109.224,-7.246],[109.255,-7.281],[109.327,-7.463],[109.335,-7.486],[109.345,-7.478],[109.381,-7.483],[109.423,-7.459],[109.447,-7.456],[109.459,-7.453],[109.504,-7.411],[109.549,-7.401],[109.563,-7.332],[109.569,-7.265],[109.539,-7.244]]]},"properties":{"kode_bps":"3303"}},
{"type":"Feature","geometry":{"type":"Polygon","coordinates":[[[109.907,-7.222],[109.917,-7.191],[109.849,-7.178],[109.833,-7.19],[109.799,-7.171],[109.752,-7.179],[109.69,-7.195],[109.683,-7.173],[109.611,-7.211],[109.567,-7.222],[109.539,-7.244],[109.569,-7.265],[109.563,-7.332],[109.527,-7.324],[109.518,-7.343],[109.534,-7.357],[109.546,-7.405],[109.504,-7.411],[109.459,-7.453],[109.447,-7.456],[109.423,-7.459],[109.381,-7.483],[109.362,-7.485],[109.404,-7.541],[109.482,-7.518],[109.587,-7.516],[109.633,-7.482],[109.684,-7.503],[109.752,-7.462],[109.786,-7.451],[109.792,-7.412],[109.751,-7.389],[109.84,-7.286],[109.862,-7.233],[109.907,-7.222]]]},"properties":{"kode_bps":"3304"}},
{"type":"Feature","geometry":{"type":"Polygon","coordinates":[[[109.482,-7.518],[109.433,-7.55],[109.446,-7.621],[109.392,-7.672],[109.38,-7.687],[109.387,-7.754],[109.614,-7.783],[109.82,-7.83],[109.839,-7.773],[109.83,-7.716],[109.808,-7.671],[109.815,-7.631],[109.741,-7.574],[109.774,-7.517],[109.761,-7.479],[109.684,-7.503],[109.633,-7.482],[109.587,-7.516],[109.482,-7.518]]]},"properties":{"kode_bps":"3305"}},
{"type":"Feature","geometry":{"type":"Polygon","coordinates":[[[109.839,-7.773],[109.82,-7.83],[110.035,-7.885],[110.059,-7.841],[110.113,-7.777],[110.138,-7.693],[110.118,-7.668],[110.121,-7.624],[110.1,-7.569],[110.059,-7.559],[110.032,-7.552],[109.968,-7.562],[109.953,-7.525],[109.94,-7.533],[109.884,-7.536],[109.875,-7.527],[109.842,-7.561],[109.824,-7.598],[109.815,-7.631],[109.808,-7.671],[109.83,-7.716],[109.839,-7.773]]]},"properties":{"kode_bps":"3306"}},
{"type":"Feature","geometry":{"type":"Polygon","coordinates":[[[109.752,-7.462],[109.761,-7.479],[109.774,-7.517],[109.741,-7.574],[109.824,-7.598],[109.842,-7.561],[109.875,-7.527],[109.884,-7.536],[109.94,-7.533],[109.953,-7.525],[109.968,-7.562],[110.032,-7.552],[110.052,-7.483],[110.06,-7.434],[110.043,-7.361],[109.998,-7.313],[109.995,-7.261],[109.907,-7.222],[109.862,-7.233],[109.84,-7.286],[109.751,-7.389],[109.792,-7.412],[109.786,-7.451],[109.752,-7.462]]]},"properties":{"kode_bps":"3307"}},
{"type":"Feature","geometry":{"type":"Polygon","coordinates":[[[110.446,-7.542],[110.405,-7.517],[110.38,-7.512],[110.427,-7.486],[110.439,-7.454],[110.414,-7.417],[110.391,-7.353],[110.379,-7.335],[110.267,-7.381],[110.121,-7.39],[110.06,-7.434],[110.052,-7.483],[110.059,-7.559],[110.1,-7.569],[110.121,-7.624],[110.192,-7.645],[110.241,-7.654],[110.304,-7.655],[110.388,-7.598],[110.416,-7.561],[110.446,-7.542]],[[110.226,-7.438],[110.238,-7.505],[110.204,-7.503],[110.226,-7.438]]]},"properties":{"kode_bps":"3308"}},
{"type":"Feature","geometry":{"type":"Polygon","coordinates":[[[110.803,-7.328],[110.793,-7.289],[110.838,-7.221],[110.794,-7.24],[110.744,-7.164],[110.69,-7.189],[110.694,-7.224],[110.674,-7.238],[110.662,-7.224],[110.624,-7.234],[110.622,-7.289],[110.599,-7.315],[110.641,-7.326],[110.625,-7.382],[110.654,-7.484],[110.602,-7.49],[110.589,-7.446],[110.571,-7.44],[110.517,-7.416],[110.498,-7.411],[110.484,-7.402],[110.459,-7.414],[110.43,-7.483],[110.404,-7.517],[110.449,-7.544],[110.468,-7.547],[110.491,-7.582],[110.539,-7.635],[110.534,-7.628],[110.6,-7.569],[110.689,-7.586],[110.726,-7.554],[110.712,-7.548],[110.709,-7.532],[110.781,-7.524],[110.816,-7.523],[110.805,-7.459],[110.783,-7.432],[110.775,-7.417],[110.803,-7.368],[110.803,-7.328]]]},"properties":{"kode_bps":"3309"}},
{"type":"Feature","geometry":{"type":"Polygon","coordinates":[[[110.446,-7.542],[110.46,-7.57],[110.492,-7.767],[110.51,-7.771],[110.555,-7.795],[110.6,-7.807],[110.67,-7.786],[110.677,-7.791],[110.671,-7.803],[110.73,-7.762],[110.742,-7.761],[110.77,-7.717],[110.791,-7.648],[110.777,-7.633],[110.744,-7.599],[110.689,-7.586],[110.6,-7.569],[110.534,-7.628],[110.539,-7.635],[110.491,-7.582],[110.478,-7.554],[110.459,-7.542],[110.446,-7.542]]]},"properties":{"kode_bps":"3310"}},
{"type":"Feature","geometry":{"type":"Polygon","coordinates":[[[110.726,-7.554],[110.744,-7.599],[110.777,-7.633],[110.791,-7.648],[110.77,-7.717],[110.742,-7.761],[110.73,-7.762],[110.758,-7.828],[110.764,-7.81],[110.806,-7.791],[110.878,-7.752],[110.883,-7.755],[110.937,-7.78],[110.949,-7.695],[110.954,-7.683],[110.96,-7.684],[110.947,-7.618],[110.912,-7.584],[110.847,-7.573],[110.782,-7.576],[110.769,-7.551],[110.763,-7.542],[110.759,-7.55],[110.712,-7.548],[110.726,-7.554]]]},"properties":{"kode_bps":"3311"}},
{"type":"Feature","geometry":{"type":"Polygon","coordinates":[[[110.819,-8.144],[110.83,-8.201],[110.899,-8.179],[110.921,-8.118],[110.953,-8.062],[110.994,-8.082],[111.113,-8.057],[111.126,-8.037],[111.144,-7.933],[111.216,-7.926],[111.24,-7.947],[111.269,-7.944],[111.299,-7.879],[111.306,-7.841],[111.294,-7.761],[111.214,-7.723],[111.192,-7.712],[111.151,-7.715],[111.132,-7.724],[111.112,-7.749],[110.98,-7.762],[110.965,-7.751],[110.971,-7.745],[110.959,-7.734],[110.941,-7.74],[110.883,-7.755],[110.878,-7.752],[110.854,-7.814],[110.806,-7.791],[110.782,-7.846],[110.754,-8.026],[110.819,-8.144]]]},"properties":{"kode_bps":"3312"}},
{"type":"Feature","geometry":{"type":"MultiPolygon","coordinates":[[[[110.709,-7.532],[110.759,-7.55],[110.763,-7.542],[110.796,-7.549],[110.781,-7.524],[110.709,-7.532]]],[[[110.816,-7.523],[110.912,-7.584],[110.947,-7.618],[110.96,-7.684],[110.954,-7.683],[110.949,-7.695],[110.941,-7.74],[110.959,-7.734],[110.969,-7.741],[110.965,-7.751],[110.98,-7.762],[111.112,-7.749],[111.138,-7.72],[111.182,-7.712],[111.192,-7.673],[111.193,-7.614],[111.169,-7.59],[111.153,-7.563],[111.111,-7.531],[111.064,-7.496],[111.043,-7.537],[110.848,-7.472],[110.805,-7.459],[110.816,-7.523]]]]},"properties":{"kode_bps":"3313"}},
{"type":"Feature","geometry":{"type":"Polygon","coordinates":[[[110.783,-7.432],[110.848,-7.472],[111.043,-7.537],[111.064,-7.496],[111.111,-7.531],[111.153,-7.499],[111.129,-7.461],[111.145,-7.368],[111.137,-7.297],[111.127,-7.258],[111.007,-7.261],[110.92,-7.28],[110.895,-7.274],[110.874,-7.276],[110.803,-7.328],[110.803,-7.368],[110.775,-7.417],[110.783,-7.432]]]},"properties":{"kode_bps":"3314"}},
{"type":"Feature","geometry":{"type":"Polygon","coordinates":[[[111.107,-6.962],[111.11,-6.913],[111.07,-6.969],[110.868,-6.975],[110.845,-6.99],[110.836,-6.991],[110.776,-6.964],[110.729,-7.033],[110.621,-6.982],[110.62,-7.021],[110.561,-7.09],[110.542,-7.177],[110.606,-7.195],[110.662,-7.224],[110.674,-7.238],[110.694,-7.224],[110.69,-7.189],[110.744,-7.164],[110.794,-7.24],[110.838,-7.221],[110.874,-7.276],[110.895,-7.274],[110.92,-7.28],[111.007,-7.261],[111.127,-7.258],[111.178,-7.264],[111.2,-7.256],[111.201,-7.245],[111.234,-7.244],[111.247,-7.172],[111.214,-7.077],[111.218,-7.03],[111.165,-6.981],[111.107,-6.962]]]},"properties":{"kode_bps":"3315"}},
{"type":"Feature","geometry":{"type":"Polygon","coordinates":[[[111.263,-6.855],[111.138,-6.921],[111.107,-6.962],[111.114,-6.979],[111.168,-6.983],[111.218,-7.03],[111.214,-7.077],[111.24,-7.139],[111.247,-7.182],[111.234,-7.244],[111.212,-7.247],[111.244,-7.285],[111.286,-7.289],[111.345,-7.335],[111.416,-7.349],[111.445,-7.361],[111.424,-7.31],[111.585,-7.169],[111.63,-7.059],[111.613,-7.035],[111.622,-6.983],[111.572,-6.952],[111.518,-6.898],[111.514,-6.889],[111.488,-6.881],[111.426,-6.894],[111.33,-6.869],[111.263,-6.855]]]},"properties":{"kode_bps":"3316"}},
{"type":"Feature","geometry":{"type":"Polygon","coordinates":[[[111.518,-6.898],[111.602,-6.912],[111.611,-6.846],[111.658,-6.821],[111.663,-6.771],[111.691,-6.754],[111.563,-6.639],[111.491,-6.621],[111.461,-6.664],[111.379,-6.702],[111.29,-6.688],[111.242,-6.715],[111.247,-6.764],[111.256,-6.837],[111.33,-6.869],[111.426,-6.894],[111.488,-6.881],[111.514,-6.889],[111.518,-6.898]]]},"properties":{"kode_bps":"3317"}},
{"type":"Feature","geometry":{"type":"Polygon","coordinates":[[[111.263,-6.855],[111.256,-6.837],[111.247,-6.764],[111.242,-6.715],[111.234,-6.686],[111.129,-6.64],[111.064,-6.52],[111.047,-6.427],[110.977,-6.437],[110.913,-6.5],[110.909,-6.557],[110.894,-6.64],[110.905,-6.644],[110.932,-6.723],[110.965,-6.757],[110.977,-6.834],[110.878,-6.867],[110.84,-6.943],[110.836,-6.991],[110.845,-6.99],[110.868,-6.975],[111.07,-6.969],[111.11,-6.913],[111.138,-6.921],[111.263,-6.855]]]},"properties":{"kode_bps":"3318"}},
{"type":"Feature","geometry":{"type":"Polygon","coordinates":[[[110.777,-6.934],[110.84,-6.943],[110.878,-6.867],[110.977,-6.834],[110.965,-6.757],[110.932,-6.723],[110.905,-6.644],[110.894,-6.64],[110.876,-6.616],[110.839,-6.703],[110.825,-6.736],[110.768,-6.77],[110.783,-6.807],[110.821,-6.85],[110.777,-6.934]]]},"properties":{"kode_bps":"3319"}},
{"type":"Feature","geometry":{"type":"Polygon","coordinates":[[[110.759,-6.792],[110.768,-6.77],[110.825,-6.736],[110.839,-6.703],[110.876,-6.616],[110.909,-6.557],[110.913,-6.5],[110.977,-6.437],[110.918,-6.403],[110.836,-6.408],[110.724,-6.447],[110.69,-6.488],[110.646,-6.653],[110.605,-6.725],[110.664,-6.717],[110.704,-6.794],[110.759,-6.792]]]},"properties":{"kode_bps":"3320"}},
{"type":"Feature","geometry":{"type":"Polygon","coordinates":[[[110.759,-6.792],[110.704,-6.794],[110.664,-6.717],[110.605,-6.725],[110.538,-6.752],[110.56,-6.804],[110.463,-6.932],[110.503,-6.958],[110.504,-7.015],[110.481,-7.057],[110.487,-7.05],[110.501,-7.067],[110.478,-7.086],[110.5,-7.097],[110.501,-7.12],[110.521,-7.133],[110.542,-7.128],[110.561,-7.09],[110.62,-7.021],[110.621,-6.982],[110.729,-7.033],[110.776,-6.964],[110.777,-6.934],[110.821,-6.85],[110.783,-6.807],[110.759,-6.792]]]},"properties":{"kode_bps":"3321"}},
{"type":"Feature","geometry":{"type":"Polygon","coordinates":[[[110.624,-7.234],[110.606,-7.195],[110.542,-7.177],[110.542,-7.128],[110.516,-7.131],[110.5,-7.119],[110.5,-7.097],[110.466,-7.079],[110.454,-7.079],[110.37,-7.109],[110.343,-7.194],[110.297,-7.195],[110.276,-7.2],[110.252,-7.197],[110.271,-7.252],[110.327,-7.296],[110.379,-7.335],[110.391,-7.353],[110.414,-7.417],[110.484,-7.402],[110.498,-7.411],[110.517,-7.416],[110.571,-7.44],[110.589,-7.446],[110.602,-7.49],[110.654,-7.484],[110.625,-7.382],[110.641,-7.326],[110.599,-7.315],[110.622,-7.289],[110.624,-7.234]],[[110.47,-7.339],[110.509,-7.302],[110.534,-7.355],[110.477,-7.375],[110.47,-7.339]]]},"properties":{"kode_bps":"3322"}},
{"type":"Feature","geometry":{"type":"Polygon","coordinates":[[[109.934,-7.202],[109.995,-7.261],[109.998,-7.313],[110.043,-7.361],[110.121,-7.39],[110.267,-7.381],[110.325,-7.342],[110.327,-7.296],[110.271,-7.252],[110.252,-7.197],[110.185,-7.152],[110.145,-7.125],[110.188,-7.102],[110.192,-7.08],[110.177,-7.082],[110.175,-7.101],[110.11,-7.095],[110.077,-7.121],[109.994,-7.172],[109.934,-7.202]]]},"properties":{"kode_bps":"3323"}},
{"type":"Feature","geometry":{"type":"Polygon","coordinates":[[[110.045,-6.984],[110.025,-6.997],[110.013,-7.019],[109.974,-7.035],[109.963,-7.095],[109.934,-7.202],[109.994,-7.172],[110.077,-7.121],[110.12,-7.093],[110.175,-7.101],[110.183,-7.078],[110.193,-7.081],[110.188,-7.102],[110.145,-7.125],[110.185,-7.152],[110.276,-7.2],[110.297,-7.195],[110.342,-7.194],[110.356,-7.107],[110.313,-7.106],[110.303,-7.097],[110.294,-7.054],[110.286,-7.01],[110.293,-6.982],[110.286,-6.969],[110.249,-6.906],[110.18,-6.848],[110.135,-6.878],[110.028,-6.911],[110.045,-6.921],[110.051,-6.942],[110.045,-6.984]]]},"properties":{"kode_bps":"3324"}},
{"type":"Feature","geometry":{"type":"Polygon","coordinates":[[[109.917,-7.191],[109.963,-7.095],[109.978,-7.083],[109.974,-7.034],[110.013,-7.019],[110.025,-6.997],[110.051,-6.942],[110.045,-6.921],[110.028,-6.911],[109.983,-6.924],[109.87,-6.915],[109.714,-6.868],[109.695,-6.912],[109.703,-6.965],[109.748,-7],[109.753,-7.09],[109.772,-7.116],[109.771,-7.141],[109.784,-7.163],[109.833,-7.19],[109.849,-7.178],[109.917,-7.191]]]},"properties":{"kode_bps":"3325"}},
{"type":"Feature","geometry":{"type":"Polygon","coordinates":[[[109.799,-7.171],[109.771,-7.143],[109.772,-7.116],[109.753,-7.09],[109.748,-7],[109.703,-6.965],[109.669,-6.922],[109.666,-6.852],[109.589,-6.863],[109.582,-6.877],[109.513,-6.947],[109.483,-7.03],[109.491,-7.129],[109.525,-7.195],[109.567,-7.222],[109.611,-7.211],[109.683,-7.173],[109.69,-7.195],[109.752,-7.179],[109.799,-7.171]]]},"properties":{"kode_bps":"3326"}},
{"type":"Feature","geometry":{"type":"Polygon","coordinates":[[[109.224,-7.246],[109.225,-7.239],[109.328,-7.213],[109.381,-7.19],[109.457,-7.197],[109.492,-7.222],[109.532,-7.231],[109.525,-7.195],[109.491,-7.129],[109.483,-7.03],[109.513,-6.947],[109.582,-6.877],[109.589,-6.863],[109.523,-6.772],[109.482,-6.815],[109.36,-6.882],[109.276,-7.053],[109.215,-7.129],[109.194,-7.147],[109.214,-7.235],[109.224,-7.246]]]},"properties":{"kode_bps":"3327"}},
{"type":"Feature","geometry":{"type":"Polygon","coordinates":[[[109.167,-7.268],[109.214,-7.235],[109.194,-7.147],[109.215,-7.129],[109.276,-7.053],[109.36,-6.882],[109.162,-6.844],[109.121,-6.9],[109.077,-6.888],[109.075,-6.912],[109.067,-6.994],[109.066,-6.973],[109.045,-6.987],[109.035,-7.001],[109.019,-7.024],[109.004,-7.041],[108.988,-7.06],[108.99,-7.132],[109.036,-7.14],[109.074,-7.114],[109.056,-7.185],[109.077,-7.201],[109.113,-7.213],[109.167,-7.268]]]},"properties":{"kode_bps":"3328"}},
{"type":"Feature","geometry":{"type":"Polygon","coordinates":[[[109.167,-7.268],[109.113,-7.213],[109.077,-7.201],[109.056,-7.185],[109.074,-7.114],[109.036,-7.14],[108.99,-7.132],[108.988,-7.06],[109.004,-7.041],[109.019,-7.024],[109.035,-7.001],[109.045,-6.987],[109.066,-6.973],[109.067,-6.994],[109.075,-6.912],[109.076,-6.876],[109.082,-6.859],[109.102,-6.84],[109.052,-6.781],[108.93,-6.825],[108.827,-6.77],[108.825,-6.832],[108.793,-6.88],[108.767,-6.902],[108.757,-6.958],[108.778,-6.993],[108.785,-7.057],[108.774,-7.083],[108.779,-7.095],[108.767,-7.114],[108.726,-7.115],[108.716,-7.173],[108.853,-7.254],[108.893,-7.276],[108.95,-7.315],[109.017,-7.335],[109.028,-7.326],[109.047,-7.339],[109.117,-7.275],[109.167,-7.268]]]},"properties":{"kode_bps":"3329"}},
{"type":"Feature","geometry":{"type":"Polygon","coordinates":[[[110.226,-7.438],[110.204,-7.503],[110.238,-7.505],[110.226,-7.438]]]},"properties":{"kode_bps":"3371"}},
{"type":"Feature","geometry":{"type":"Polygon","coordinates":[[[110.816,-7.523],[110.796,-7.549],[110.769,-7.551],[110.782,-7.576],[110.847,-7.573],[110.816,-7.523]]]},"properties":{"kode_bps":"3372"}},
{"type":"Feature","geometry":{"type":"Polygon","coordinates":[[[110.47,-7.339],[110.477,-7.375],[110.534,-7.355],[110.509,-7.302],[110.47,-7.339]]]},"properties":{"kode_bps":"3373"}},
{"type":"Feature","geometry":{"type":"Polygon","coordinates":[[[110.463,-6.932],[110.37,-6.955],[110.311,-6.937],[110.286,-6.969],[110.293,-6.982],[110.286,-7.01],[110.294,-7.054],[110.305,-7.101],[110.337,-7.104],[110.346,-7.085],[110.356,-7.107],[110.37,-7.109],[110.454,-7.079],[110.478,-7.085],[110.501,-7.067],[110.487,-7.05],[110.481,-7.057],[110.504,-7.015],[110.503,-6.958],[110.463,-6.932]]]},"properties":{"kode_bps":"3374"}},
{"type":"Feature","geometry":{"type":"Polygon","coordinates":[[[109.714,-6.868],[109.666,-6.852],[109.669,-6.922],[109.695,-6.912],[109.714,-6.868]]]},"properties":{"kode_bps":"3375"}},
{"type":"Feature","geometry":{"type":"Polygon","coordinates":[[[109.077,-6.888],[109.121,-6.9],[109.162,-6.844],[109.102,-6.84],[109.082,-6.859],[109.077,-6.888]]]},"properties":{"kode_bps":"3376"}},
{"type":"Feature","geometry":{"type":"Polygon","coordinates":[[[110.221,-7.837],[110.228,-7.806],[110.22,-7.777],[110.216,-7.739],[110.233,-7.713],[110.27,-7.706],[110.261,-7.686],[110.241,-7.654],[110.192,-7.645],[110.118,-7.668],[110.138,-7.693],[110.113,-7.777],[110.059,-7.841],[110.035,-7.885],[110.031,-7.897],[110.122,-7.937],[110.21,-7.982],[110.232,-7.96],[110.27,-7.928],[110.257,-7.867],[110.221,-7.837]]]},"properties":{"kode_bps":"3401"}},
{"type":"Feature","geometry":{"type":"Polygon","coordinates":[[[110.397,-7.788],[110.393,-7.826],[110.375,-7.824],[110.345,-7.807],[110.33,-7.807],[110.311,-7.818],[110.282,-7.817],[110.287,-7.784],[110.221,-7.837],[110.257,-7.867],[110.27,-7.928],[110.232,-7.96],[110.204,-7.983],[110.34,-8.028],[110.396,-7.97],[110.463,-7.968],[110.473,-7.954],[110.498,-7.901],[110.468,-7.867],[110.51,-7.822],[110.421,-7.821],[110.421,-7.786],[110.397,-7.788]]]},"properties":{"kode_bps":"3402"}},
{"type":"Feature","geometry":{"type":"Polygon","coordinates":[[[110.34,-8.028],[110.375,-8.072],[110.527,-8.131],[110.603,-8.145],[110.674,-8.181],[110.829,-8.204],[110.819,-8.144],[110.754,-8.026],[110.782,-7.846],[110.764,-7.81],[110.758,-7.828],[110.724,-7.794],[110.671,-7.803],[110.677,-7.791],[110.67,-7.786],[110.6,-7.807],[110.555,-7.795],[110.542,-7.824],[110.468,-7.867],[110.498,-7.901],[110.473,-7.954],[110.463,-7.968],[110.396,-7.97],[110.34,-8.028]]]},"properties":{"kode_bps":"3403"}},
{"type":"Feature","geometry":{"type":"Polygon","coordinates":[[[110.51,-7.822],[110.542,-7.824],[110.51,-7.771],[110.492,-7.767],[110.46,-7.57],[110.446,-7.542],[110.416,-7.561],[110.388,-7.598],[110.304,-7.655],[110.273,-7.707],[110.233,-7.713],[110.216,-7.738],[110.22,-7.777],[110.228,-7.806],[110.287,-7.784],[110.282,-7.817],[110.311,-7.818],[110.33,-7.807],[110.352,-7.766],[110.421,-7.786],[110.421,-7.821],[110.51,-7.822]]]},"properties":{"kode_bps":"3404"}},
{"type":"Feature","geometry":{"type":"Polygon","coordinates":[[[110.397,-7.788],[110.352,-7.766],[110.345,-7.807],[110.375,-7.824],[110.393,-7.826],[110.397,-7.788]]]},"properties":{"kode_bps":"3471"}},
{"type":"Feature","geometry":{"type":"Polygon","coordinates":[[[111.273,-7.937],[111.246,-7.949],[111.216,-7.926],[111.144,-7.933],[111.126,-8.037],[111.113,-8.057],[110.994,-8.082],[110.953,-8.063],[110.921,-8.118],[110.899,-8.179],[110.909,-8.211],[111.028,-8.257],[111.077,-8.246],[111.153,-8.285],[111.261,-8.248],[111.399,-8.278],[111.406,-8.258],[111.409,-8.213],[111.423,-8.189],[111.393,-8.159],[111.36,-8.107],[111.349,-8.021],[111.327,-7.968],[111.273,-7.937]]]},"properties":{"kode_bps":"3501"}},
{"type":"Feature","geometry":{"type":"Polygon","coordinates":[[[111.45,-7.779],[111.305,-7.797],[111.306,-7.841],[111.299,-7.879],[111.273,-7.937],[111.327,-7.968],[111.349,-8.021],[111.36,-8.107],[111.393,-8.159],[111.438,-8.163],[111.465,-8.176],[111.472,-8.143],[111.483,-8.126],[111.505,-8.114],[111.573,-8.048],[111.606,-8.019],[111.653,-8.02],[111.655,-7.941],[111.701,-7.896],[111.779,-7.865],[111.771,-7.856],[111.777,-7.82],[111.766,-7.823],[111.752,-7.801],[111.733,-7.801],[111.721,-7.813],[111.7,-7.812],[111.661,-7.767],[111.592,-7.795],[111.509,-7.799],[111.469,-7.777],[111.45,-7.779]]]},"properties":{"kode_bps":"3502"}},
{"type":"Feature","geometry":{"type":"Polygon","coordinates":[[[111.406,-8.258],[111.449,-8.27],[111.512,-8.333],[111.623,-8.322],[111.675,-8.372],[111.73,-8.288],[111.759,-8.29],[111.746,-8.259],[111.711,-8.179],[111.734,-8.142],[111.819,-8.137],[111.847,-8.106],[111.77,-8.041],[111.76,-7.988],[111.743,-7.954],[111.701,-7.896],[111.655,-7.941],[111.653,-8.02],[111.606,-8.019],[111.573,-8.048],[111.505,-8.114],[111.483,-8.126],[111.472,-8.143],[111.465,-8.176],[111.438,-8.163],[111.423,-8.189],[111.409,-8.213],[111.406,-8.258]]]},"properties":{"kode_bps":"3503"}},
{"type":"Feature","geometry":{"type":"Polygon","coordinates":[[[111.975,-8.044],[111.945,-7.954],[111.929,-7.963],[111.803,-7.866],[111.771,-7.856],[111.779,-7.865],[111.743,-7.954],[111.76,-7.988],[111.77,-8.041],[111.847,-8.106],[111.819,-8.137],[111.734,-8.142],[111.711,-8.179],[111.746,-8.259],[111.759,-8.29],[111.797,-8.256],[111.899,-8.305],[111.95,-8.278],[112.031,-8.309],[112.022,-8.227],[112.079,-8.188],[112.122,-8.125],[111.998,-8.092],[111.975,-8.044]]]},"properties":{"kode_bps":"3504"}},
{"type":"Feature","geometry":{"type":"Polygon","coordinates":[[[112.359,-8.348],[112.381,-8.306],[112.385,-8.192],[112.366,-8.176],[112.412,-8.16],[112.453,-8.144],[112.453,-8.057],[112.479,-7.971],[112.447,-7.912],[112.37,-7.957],[112.307,-7.929],[112.18,-7.973],[111.976,-8.012],[111.975,-8.044],[111.998,-8.092],[112.122,-8.125],[112.079,-8.188],[112.022,-8.227],[112.031,-8.263],[112.024,-8.281],[112.032,-8.295],[112.029,-8.317],[112.286,-8.332],[112.359,-8.348]],[[112.185,-8.056],[112.201,-8.093],[112.149,-8.128],[112.135,-8.084],[112.162,-8.085],[112.185,-8.056]]]},"properties":{"kode_bps":"3505"}},
{"type":"Feature","geometry":{"type":"Polygon","coordinates":[[[112.307,-7.929],[112.326,-7.873],[112.307,-7.799],[112.349,-7.761],[112.382,-7.785],[112.397,-7.785],[112.422,-7.767],[112.397,-7.776],[112.302,-7.727],[112.255,-7.727],[112.166,-7.613],[112.098,-7.644],[112.059,-7.724],[111.928,-7.723],[111.814,-7.813],[111.803,-7.866],[111.929,-7.963],[111.945,-7.954],[111.976,-8.012],[112.18,-7.973],[112.307,-7.929]],[[112.001,-7.771],[112.065,-7.848],[112.022,-7.868],[111.958,-7.823],[112.001,-7.771]]]},"properties":{"kode_bps":"3506"}},
{"type":"Feature","geometry":{"type":"Polygon","coordinates":[[[112.359,-8.348],[112.443,-8.398],[112.557,-8.403],[112.672,-8.445],[112.709,-8.418],[112.912,-8.399],[112.96,-8.353],[112.906,-8.288],[112.921,-8.249],[112.903,-8.158],[112.925,-8.111],[112.906,-8.082],[112.909,-8.042],[112.935,-8.019],[112.936,-8],[112.942,-7.983],[112.935,-7.956],[112.836,-7.941],[112.784,-7.901],[112.733,-7.818],[112.7,-7.814],[112.616,-7.788],[112.602,-7.769],[112.586,-7.785],[112.563,-7.814],[112.564,-7.878],[112.594,-7.905],[112.474,-7.942],[112.496,-7.838],[112.465,-7.768],[112.454,-7.779],[112.422,-7.767],[112.397,-7.785],[112.382,-7.785],[112.349,-7.761],[112.307,-7.799],[112.326,-7.873],[112.307,-7.929],[112.37,-7.957],[112.445,-7.911],[112.479,-7.971],[112.453,-8.057],[112.453,-8.144],[112.412,-8.16],[112.366,-8.176],[112.385,-8.192],[112.381,-8.306],[112.359,-8.348]],[[112.588,-7.983],[112.589,-7.975],[112.599,-7.957],[112.61,-7.924],[112.63,-7.911],[112.663,-7.927],[112.695,-7.983],[112.657,-8.05],[112.613,-8.021],[112.619,-8.011],[112.578,-7.985],[112.588,-7.983]]]},"properties":{"kode_bps":"3507"}},
{"type":"Feature","geometry":{"type":"Polygon","coordinates":[[[113.363,-8.028],[113.328,-7.932],[113.206,-7.927],[113.115,-7.992],[112.975,-7.98],[112.942,-7.983],[112.936,-8],[112.935,-8.019],[112.909,-8.042],[112.906,-8.082],[112.925,-8.111],[112.903,-8.155],[112.921,-8.241],[112.909,-8.274],[112.906,-8.288],[112.96,-8.353],[112.98,-8.325],[113.065,-8.297],[113.22,-8.282],[113.303,-8.307],[113.313,-8.229],[113.379,-8.158],[113.367,-8.086],[113.363,-8.028]]]},"properties":{"kode_bps":"3508"}},
{"type":"Feature","geometry":{"type":"MultiPolygon","coordinates":[[[[113.332,-8.448],[113.31,-8.509],[113.399,-8.497],[113.4,-8.458],[113.332,-8.448]]],[[[114.043,-8.134],[114.028,-8.095],[113.959,-8.055],[113.885,-8.03],[113.802,-8.058],[113.758,-8.058],[113.726,-8.024],[113.672,-7.987],[113.628,-7.976],[113.53,-8.008],[113.48,-7.992],[113.425,-8.011],[113.387,-8.014],[113.367,-8.086],[113.379,-8.158],[113.313,-8.229],[113.303,-8.307],[113.388,-8.4],[113.473,-8.384],[113.485,-8.416],[113.57,-8.426],[113.703,-8.483],[113.855,-8.52],[113.855,-8.43],[113.924,-8.384],[113.934,-8.255],[113.968,-8.221],[113.991,-8.183],[114.043,-8.134]]]]},"properties":{"kode_bps":"3509"}},
{"type":"Feature","geometry":{"type":"Polygon","coordinates":[[[114.424,-7.935],[114.397,-7.927],[114.333,-7.907],[114.307,-7.885],[114.293,-7.889],[114.25,-7.939],[114.225,-7.983],[114.241,-8.013],[114.22,-8.074],[114.196,-8.103],[114.06,-8.122],[113.991,-8.183],[113.968,-8.221],[113.934,-8.255],[113.924,-8.384],[113.855,-8.43],[113.855,-8.52],[113.909,-8.58],[113.946,-8.559],[114.015,-8.59],[114.033,-8.633],[114.095,-8.616],[114.221,-8.645],[114.259,-8.603],[114.326,-8.628],[114.37,-8.671],[114.37,-8.751],[114.446,-8.753],[114.533,-8.78],[114.588,-8.763],[114.605,-8.716],[114.569,-8.66],[114.481,-8.618],[114.439,-8.631],[114.34,-8.422],[114.398,-8.122],[114.43,-8.065],[114.424,-7.935]]]},"properties":{"kode_bps":"3510"}},
{"type":"Feature","geometry":{"type":"Polygon","coordinates":[[[114.224,-7.987],[114.175,-7.97],[114.128,-7.993],[114.093,-7.875],[114.075,-7.783],[114.079,-7.771],[114.012,-7.763],[113.991,-7.778],[113.936,-7.776],[113.918,-7.789],[113.853,-7.794],[113.793,-7.803],[113.74,-7.789],[113.722,-7.88],[113.66,-7.938],[113.623,-7.962],[113.63,-7.972],[113.636,-7.966],[113.672,-7.987],[113.726,-8.024],[113.758,-8.058],[113.802,-8.058],[113.885,-8.03],[113.959,-8.055],[114.028,-8.095],[114.043,-8.134],[114.06,-8.122],[114.196,-8.103],[114.22,-8.074],[114.241,-8.013],[114.224,-7.987]]]},"properties":{"kode_bps":"3511"}},
{"type":"Feature","geometry":{"type":"Polygon","coordinates":[[[114.424,-7.935],[114.464,-7.887],[114.441,-7.791],[114.371,-7.757],[114.294,-7.748],[114.24,-7.698],[114.105,-7.706],[114.04,-7.604],[113.931,-7.701],[113.832,-7.688],[113.762,-7.738],[113.713,-7.708],[113.666,-7.737],[113.591,-7.717],[113.576,-7.756],[113.626,-7.917],[113.616,-7.958],[113.66,-7.938],[113.722,-7.88],[113.74,-7.789],[113.793,-7.803],[113.853,-7.794],[113.918,-7.789],[113.936,-7.776],[113.991,-7.778],[114.012,-7.763],[114.079,-7.771],[114.075,-7.783],[114.093,-7.875],[114.128,-7.993],[114.175,-7.97],[114.224,-7.987],[114.251,-7.938],[114.283,-7.897],[114.304,-7.885],[114.333,-7.907],[114.397,-7.927],[114.424,-7.935]]]},"properties":{"kode_bps":"3512"}},
{"type":"Feature","geometry":{"type":"Polygon","coordinates":[[[113.63,-7.972],[113.616,-7.958],[113.626,-7.917],[113.576,-7.756],[113.546,-7.714],[113.491,-7.698],[113.439,-7.734],[113.382,-7.736],[113.287,-7.784],[113.238,-7.74],[113.24,-7.809],[113.178,-7.81],[113.164,-7.779],[113.166,-7.754],[113.088,-7.707],[113.055,-7.748],[113.047,-7.82],[112.949,-7.906],[112.975,-7.98],[113.115,-7.992],[113.206,-7.927],[113.328,-7.932],[113.363,-8.028],[113.387,-8.014],[113.425,-8.011],[113.48,-7.992],[113.53,-8.008],[113.628,-7.976],[113.636,-7.966],[113.63,-7.972]]]},"properties":{"kode_bps":"3513"}},
{"type":"Feature","geometry":{"type":"Polygon","coordinates":[[[112.588,-7.767],[112.602,-7.769],[112.616,-7.788],[112.7,-7.814],[112.733,-7.818],[112.784,-7.901],[112.836,-7.941],[112.935,-7.956],[112.949,-7.906],[113.047,-7.82],[113.055,-7.748],[113.086,-7.701],[113.029,-7.645],[112.895,-7.685],[112.873,-7.661],[112.875,-7.626],[112.874,-7.583],[112.807,-7.555],[112.726,-7.571],[112.706,-7.545],[112.664,-7.56],[112.661,-7.592],[112.621,-7.616],[112.624,-7.667],[112.575,-7.734],[112.588,-7.767]]]},"properties":{"kode_bps":"3514"}},
{"type":"Feature","geometry":{"type":"Polygon","coordinates":[[[112.589,-7.37],[112.566,-7.398],[112.484,-7.41],[112.457,-7.447],[112.57,-7.478],[112.664,-7.56],[112.706,-7.545],[112.726,-7.571],[112.807,-7.555],[112.837,-7.512],[112.833,-7.405],[112.812,-7.346],[112.755,-7.337],[112.705,-7.336],[112.654,-7.362],[112.589,-7.37]]]},"properties":{"kode_bps":"3515"}},
{"type":"Feature","geometry":{"type":"Polygon","coordinates":[[[112.368,-7.325],[112.348,-7.339],[112.336,-7.365],[112.349,-7.421],[112.333,-7.454],[112.374,-7.487],[112.364,-7.553],[112.404,-7.623],[112.412,-7.674],[112.43,-7.7],[112.456,-7.779],[112.465,-7.768],[112.533,-7.725],[112.575,-7.734],[112.624,-7.667],[112.621,-7.616],[112.661,-7.592],[112.664,-7.56],[112.57,-7.478],[112.457,-7.447],[112.476,-7.382],[112.477,-7.306],[112.417,-7.313],[112.391,-7.333],[112.368,-7.325]],[[112.458,-7.457],[112.461,-7.483],[112.426,-7.481],[112.415,-7.457],[112.458,-7.457]]]},"properties":{"kode_bps":"3516"}},
{"type":"Feature","geometry":{"type":"Polygon","coordinates":[[[112.107,-7.384],[112.063,-7.417],[112.098,-7.461],[112.155,-7.463],[112.152,-7.504],[112.112,-7.566],[112.166,-7.613],[112.255,-7.727],[112.302,-7.727],[112.397,-7.776],[112.436,-7.767],[112.456,-7.779],[112.43,-7.7],[112.412,-7.674],[112.404,-7.623],[112.364,-7.553],[112.374,-7.487],[112.333,-7.454],[112.349,-7.421],[112.335,-7.37],[112.346,-7.345],[112.253,-7.363],[112.227,-7.35],[112.187,-7.352],[112.107,-7.384]]]},"properties":{"kode_bps":"3517"}},
{"type":"Feature","geometry":{"type":"Polygon","coordinates":[[[111.8,-7.461],[111.822,-7.493],[111.842,-7.498],[111.834,-7.549],[111.802,-7.549],[111.783,-7.65],[111.757,-7.682],[111.733,-7.726],[111.725,-7.772],[111.766,-7.823],[111.777,-7.82],[111.814,-7.813],[111.928,-7.723],[112.059,-7.724],[112.098,-7.644],[112.112,-7.566],[112.152,-7.504],[112.155,-7.463],[112.098,-7.461],[112.063,-7.417],[112.024,-7.396],[111.958,-7.413],[111.959,-7.428],[111.821,-7.44],[111.8,-7.461]]]},"properties":{"kode_bps":"3518"}},
{"type":"Feature","geometry":{"type":"Polygon","coordinates":[[[111.671,-7.41],[111.669,-7.423],[111.611,-7.469],[111.551,-7.527],[111.513,-7.552],[111.489,-7.563],[111.475,-7.608],[111.485,-7.641],[111.484,-7.663],[111.511,-7.635],[111.548,-7.627],[111.551,-7.642],[111.542,-7.659],[111.511,-7.659],[111.499,-7.674],[111.459,-7.725],[111.469,-7.777],[111.509,-7.799],[111.592,-7.795],[111.661,-7.767],[111.7,-7.812],[111.721,-7.813],[111.733,-7.801],[111.752,-7.801],[111.726,-7.774],[111.731,-7.732],[111.754,-7.703],[111.757,-7.682],[111.783,-7.65],[111.802,-7.549],[111.834,-7.549],[111.842,-7.498],[111.822,-7.493],[111.767,-7.469],[111.671,-7.41]]]},"properties":{"kode_bps":"3519"}},
{"type":"Feature","geometry":{"type":"Polygon","coordinates":[[[111.182,-7.712],[111.214,-7.723],[111.294,-7.761],[111.305,-7.797],[111.45,-7.779],[111.459,-7.725],[111.499,-7.674],[111.484,-7.663],[111.485,-7.641],[111.475,-7.608],[111.489,-7.563],[111.513,-7.552],[111.502,-7.514],[111.462,-7.51],[111.369,-7.554],[111.371,-7.57],[111.259,-7.598],[111.199,-7.616],[111.189,-7.642],[111.192,-7.673],[111.182,-7.712]]]},"properties":{"kode_bps":"3520"}},
{"type":"Feature","geometry":{"type":"Polygon","coordinates":[[[111.212,-7.247],[111.2,-7.256],[111.178,-7.264],[111.137,-7.297],[111.145,-7.368],[111.129,-7.461],[111.153,-7.499],[111.146,-7.527],[111.153,-7.563],[111.194,-7.62],[111.259,-7.598],[111.371,-7.57],[111.369,-7.554],[111.462,-7.51],[111.502,-7.514],[111.551,-7.527],[111.611,-7.469],[111.669,-7.423],[111.671,-7.41],[111.575,-7.349],[111.56,-7.363],[111.528,-7.372],[111.514,-7.363],[111.473,-7.357],[111.457,-7.368],[111.453,-7.375],[111.416,-7.349],[111.345,-7.335],[111.286,-7.289],[111.244,-7.285],[111.212,-7.247]]]},"properties":{"kode_bps":"3521"}},
{"type":"Feature","geometry":{"type":"Polygon","coordinates":[[[111.445,-7.361],[111.462,-7.362],[111.485,-7.358],[111.528,-7.372],[111.56,-7.363],[111.575,-7.349],[111.717,-7.443],[111.77,-7.47],[111.8,-7.461],[111.821,-7.44],[111.959,-7.428],[111.958,-7.413],[112.024,-7.396],[112.089,-7.369],[112.077,-7.313],[112.087,-7.23],[112.118,-7.212],[112.143,-7.158],[112.155,-7.12],[112.146,-7.107],[112.142,-7.105],[112.123,-7.108],[112.118,-7.097],[112.086,-7.086],[112.041,-7.082],[112.014,-7.102],[111.955,-7.132],[111.931,-7.133],[111.865,-7.124],[111.86,-7.13],[111.826,-7.087],[111.715,-7.082],[111.66,-7.039],[111.653,-7],[111.613,-7.035],[111.63,-7.059],[111.585,-7.169],[111.424,-7.31],[111.445,-7.361]]]},"properties":{"kode_bps":"3522"}},
{"type":"Feature","geometry":{"type":"Polygon","coordinates":[[[111.572,-6.952],[111.653,-7],[111.66,-7.039],[111.715,-7.082],[111.826,-7.087],[111.86,-7.13],[111.865,-7.124],[111.931,-7.133],[111.955,-7.132],[112.014,-7.102],[112.041,-7.082],[112.086,-7.086],[112.118,-7.097],[112.123,-7.108],[112.142,-7.105],[112.146,-7.107],[112.184,-7.089],[112.175,-7.086],[112.19,-7.084],[112.203,-7.029],[112.214,-7],[112.198,-6.915],[112.18,-6.913],[112.053,-6.887],[111.961,-6.761],[111.84,-6.801],[111.691,-6.754],[111.661,-6.817],[111.636,-6.829],[111.619,-6.822],[111.611,-6.846],[111.602,-6.912],[111.572,-6.952]]]},"properties":{"kode_bps":"3523"}},
{"type":"Feature","geometry":{"type":"Polygon","coordinates":[[[112.077,-7.313],[112.107,-7.384],[112.17,-7.357],[112.211,-7.349],[112.252,-7.363],[112.329,-7.344],[112.359,-7.326],[112.409,-7.306],[112.419,-7.232],[112.502,-7.192],[112.47,-7.159],[112.531,-7.088],[112.481,-7.012],[112.392,-6.986],[112.425,-6.949],[112.418,-6.862],[112.217,-6.874],[112.18,-6.913],[112.203,-6.922],[112.215,-7.009],[112.203,-7.029],[112.19,-7.084],[112.175,-7.086],[112.184,-7.089],[112.155,-7.12],[112.143,-7.158],[112.118,-7.212],[112.087,-7.23],[112.077,-7.313]]]},"properties":{"kode_bps":"3524"}},
{"type":"Feature","geometry":{"type":"MultiPolygon","coordinates":[[[[112.613,-7.209],[112.676,-7.18],[112.622,-7.119],[112.651,-7.019],[112.596,-6.945],[112.619,-6.913],[112.567,-6.855],[112.521,-6.905],[112.446,-6.884],[112.425,-6.949],[112.392,-6.986],[112.481,-7.012],[112.531,-7.088],[112.47,-7.159],[112.502,-7.192],[112.419,-7.232],[112.409,-7.306],[112.368,-7.325],[112.391,-7.333],[112.417,-7.313],[112.477,-7.306],[112.476,-7.382],[112.494,-7.409],[112.542,-7.406],[112.567,-7.397],[112.589,-7.37],[112.654,-7.362],[112.649,-7.315],[112.601,-7.217],[112.613,-7.209]]],[[[112.703,-5.735],[112.648,-5.731],[112.59,-5.775],[112.575,-5.829],[112.687,-5.855],[112.743,-5.789],[112.703,-5.735]]]]},"properties":{"kode_bps":"3525"}},
{"type":"Feature","geometry":{"type":"Polygon","coordinates":[[[113.125,-6.893],[113.033,-6.88],[112.849,-6.897],[112.776,-6.997],[112.673,-7.073],[112.706,-7.098],[112.692,-7.155],[112.865,-7.163],[113.04,-7.213],[113.104,-7.125],[113.109,-6.974],[113.125,-6.893]]]},"properties":{"kode_bps":"3526"}},
{"type":"Feature","geometry":{"type":"Polygon","coordinates":[[[113.04,-7.213],[113.098,-7.229],[113.397,-7.202],[113.381,-7.179],[113.379,-7.15],[113.368,-7.138],[113.437,-6.96],[113.484,-6.896],[113.418,-6.887],[113.199,-6.897],[113.125,-6.893],[113.109,-6.974],[113.104,-7.125],[113.04,-7.213]]]},"properties":{"kode_bps":"3527"}},
{"type":"Feature","geometry":{"type":"Polygon","coordinates":[[[113.64,-6.888],[113.484,-6.896],[113.437,-6.96],[113.368,-7.138],[113.379,-7.15],[113.381,-7.179],[113.397,-7.202],[113.552,-7.234],[113.602,-7.129],[113.612,-7.105],[113.593,-7.062],[113.64,-6.888]]]},"properties":{"kode_bps":"3528"}},
{"type":"Feature","geometry":{"type":"MultiPolygon","coordinates":[[[[115.906,-7.105],[115.809,-7.154],[115.828,-7.206],[115.898,-7.183],[115.906,-7.105]]],[[[114.335,-7.057],[114.275,-7.109],[114.313,-7.159],[114.387,-7.182],[114.37,-7.087],[114.335,-7.057]]],[[[113.602,-7.129],[113.684,-7.109],[113.816,-7.133],[113.87,-7.095],[113.926,-7.019],[114.043,-7.008],[114.093,-6.98],[114.094,-6.931],[113.944,-6.868],[113.795,-6.886],[113.64,-6.888],[113.593,-7.062],[113.612,-7.105],[113.602,-7.129]]],[[[115.394,-6.835],[115.247,-6.827],[115.24,-6.886],[115.198,-6.922],[115.263,-6.964],[115.293,-7.013],[115.404,-6.989],[115.376,-6.9],[115.449,-6.912],[115.549,-6.966],[115.556,-6.903],[115.394,-6.835]]]]},"properties":{"kode_bps":"3529"}},
{"type":"Feature","geometry":{"type":"Polygon","coordinates":[[[112.001,-7.771],[111.958,-7.823],[112.022,-7.868],[112.065,-7.848],[112.001,-7.771]]]},"properties":{"kode_bps":"3571"}},
{"type":"Feature","geometry":{"type":"Polygon","coordinates":[[[112.185,-8.056],[112.162,-8.085],[112.135,-8.084],[112.149,-8.128],[112.201,-8.093],[112.185,-8.056]]]},"properties":{"kode_bps":"3572"}},
{"type":"Feature","geometry":{"type":"Polygon","coordinates":[[[112.663,-7.927],[112.63,-7.911],[112.61,-7.924],[112.599,-7.957],[112.589,-7.975],[112.578,-7.985],[112.619,-8.011],[112.613,-8.021],[112.657,-8.05],[112.695,-7.983],[112.663,-7.927]]]},"properties":{"kode_bps":"3573"}},
{"type":"Feature","geometry":{"type":"Polygon","coordinates":[[[113.238,-7.74],[113.166,-7.754],[113.164,-7.779],[113.178,-7.81],[113.24,-7.809],[113.238,-7.74]]]},"properties":{"kode_bps":"3574"}},
{"type":"Feature","geometry":{"type":"Polygon","coordinates":[[[112.895,-7.685],[112.875,-7.626],[112.873,-7.661],[112.895,-7.685]]]},"properties":{"kode_bps":"3575"}},
{"type":"Feature","geometry":{"type":"Polygon","coordinates":[[[112.458,-7.457],[112.415,-7.457],[112.426,-7.481],[112.461,-7.483],[112.458,-7.457]]]},"properties":{"kode_bps":"3576"}},
{"type":"Feature","geometry":{"type":"Polygon","coordinates":[[[111.511,-7.659],[111.542,-7.659],[111.551,-7.642],[111.548,-7.627],[111.511,-7.635],[111.511,-7.659]]]},"properties":{"kode_bps":"3577"}},
{"type":"Feature","geometry":{"type":"Polygon","coordinates":[[[112.649,-7.315],[112.705,-7.336],[112.755,-7.337],[112.827,-7.343],[112.846,-7.308],[112.765,-7.196],[112.709,-7.223],[112.613,-7.209],[112.601,-7.217],[112.649,-7.315]]]},"properties":{"kode_bps":"3578"}},
{"type":"Feature","geometry":{"type":"Polygon","coordinates":[[[112.575,-7.734],[112.533,-7.725],[112.478,-7.769],[112.496,-7.838],[112.474,-7.942],[112.594,-7.905],[112.564,-7.88],[112.563,-7.814],[112.586,-7.785],[112.588,-7.767],[112.575,-7.734]]]},"properties":{"kode_bps":"3579"}},
{"type":"Feature","geometry":{"type":"MultiPolygon","coordinates":[[[[105.266,-6.523],[105.159,-6.576],[105.243,-6.635],[105.266,-6.523]]],[[[106.151,-6.325],[106.175,-6.251],[106.083,-6.231],[106.041,-6.276],[105.981,-6.244],[105.872,-6.236],[105.825,-6.243],[105.826,-6.422],[105.772,-6.516],[105.716,-6.533],[105.65,-6.481],[105.616,-6.559],[105.618,-6.616],[105.555,-6.697],[105.507,-6.729],[105.5,-6.792],[105.445,-6.823],[105.37,-6.646],[105.33,-6.696],[105.235,-6.758],[105.238,-6.836],[105.327,-6.803],[105.437,-6.836],[105.476,-6.864],[105.671,-6.836],[105.774,-6.85],[105.888,-6.821],[105.878,-6.822],[105.894,-6.736],[105.891,-6.706],[105.9,-6.716],[105.899,-6.705],[105.914,-6.709],[105.902,-6.719],[105.939,-6.687],[105.943,-6.63],[105.971,-6.566],[105.993,-6.517],[106.009,-6.474],[106.046,-6.412],[106.094,-6.428],[106.124,-6.356],[106.151,-6.325]]]]},"properties":{"kode_bps":"3601"}},
{"type":"Feature","geometry":{"type":"Polygon","coordinates":[[[106.427,-6.377],[106.41,-6.345],[106.318,-6.335],[106.26,-6.311],[106.259,-6.3],[106.244,-6.305],[106.212,-6.291],[106.151,-6.325],[106.124,-6.356],[106.094,-6.428],[106.046,-6.412],[106.009,-6.474],[105.993,-6.517],[105.971,-6.566],[105.943,-6.63],[105.939,-6.687],[105.902,-6.719],[105.914,-6.709],[105.899,-6.705],[105.9,-6.716],[105.891,-6.706],[105.894,-6.736],[105.878,-6.822],[105.888,-6.821],[106.029,-6.82],[106.106,-6.883],[106.238,-6.932],[106.307,-6.995],[106.394,-6.985],[106.39,-6.942],[106.436,-6.82],[106.498,-6.791],[106.451,-6.727],[106.429,-6.682],[106.416,-6.56],[106.413,-6.483],[106.445,-6.422],[106.454,-6.414],[106.438,-6.388],[106.427,-6.377]]]},"properties":{"kode_bps":"3602"}},
{"type":"Feature","geometry":{"type":"Polygon","coordinates":[[[106.594,-6.363],[106.657,-6.357],[106.652,-6.269],[106.613,-6.216],[106.601,-6.206],[106.553,-6.199],[106.579,-6.172],[106.643,-6.117],[106.677,-6.098],[106.722,-6.092],[106.715,-6.044],[106.643,-6.001],[106.587,-6.032],[106.474,-6.045],[106.383,-6.03],[106.367,-6.038],[106.351,-6.11],[106.393,-6.152],[106.366,-6.215],[106.387,-6.23],[106.383,-6.262],[106.392,-6.314],[106.399,-6.316],[106.41,-6.345],[106.43,-6.348],[106.442,-6.326],[106.469,-6.303],[106.502,-6.346],[106.519,-6.355],[106.558,-6.341],[106.594,-6.363]]]},"properties":{"kode_bps":"3603"}},
{"type":"Feature","geometry":{"type":"Polygon","coordinates":[[[105.923,-6.047],[105.883,-6.071],[105.826,-6.242],[105.872,-6.236],[105.981,-6.244],[106.041,-6.276],[106.083,-6.231],[106.175,-6.251],[106.212,-6.291],[106.244,-6.305],[106.259,-6.3],[106.26,-6.311],[106.318,-6.335],[106.399,-6.316],[106.392,-6.314],[106.383,-6.262],[106.387,-6.23],[106.366,-6.215],[106.393,-6.152],[106.351,-6.11],[106.367,-6.038],[106.383,-6.03],[106.355,-5.961],[106.244,-5.967],[106.216,-6.016],[106.238,-6.137],[106.244,-6.169],[106.226,-6.181],[106.197,-6.218],[106.168,-6.213],[106.152,-6.177],[106.076,-6.183],[106.076,-6.15],[106.093,-6.114],[106.11,-6.086],[106.148,-6.02],[106.098,-5.982],[106.114,-5.93],[106.044,-5.911],[106.063,-5.99],[106.065,-6.046],[106.05,-6.075],[106.02,-6.078],[105.923,-6.047]]]},"properties":{"kode_bps":"3604"}},
{"type":"Feature","geometry":{"type":"Polygon","coordinates":[[[106.687,-6.097],[106.643,-6.117],[106.579,-6.172],[106.553,-6.199],[106.601,-6.206],[106.613,-6.216],[106.693,-6.229],[106.704,-6.256],[106.718,-6.224],[106.689,-6.172],[106.687,-6.097]]]},"properties":{"kode_bps":"3671"}},
{"type":"Feature","geometry":{"type":"Polygon","coordinates":[[[105.923,-6.047],[106.02,-6.078],[106.05,-6.075],[106.065,-6.046],[106.063,-5.99],[106.044,-5.911],[105.992,-5.923],[105.994,-5.981],[105.923,-6.047]]]},"properties":{"kode_bps":"3672"}},
{"type":"Feature","geometry":{"type":"Polygon","coordinates":[[[106.216,-6.016],[106.148,-6.02],[106.11,-6.086],[106.093,-6.114],[106.076,-6.15],[106.076,-6.183],[106.152,-6.177],[106.168,-6.213],[106.197,-6.218],[106.226,-6.181],[106.244,-6.169],[106.238,-6.137],[106.216,-6.016]]]},"properties":{"kode_bps":"3673"}},
{"type":"Feature","geometry":{"type":"Polygon","coordinates":[[[106.657,-6.357],[106.651,-6.362],[106.759,-6.361],[106.774,-6.35],[106.78,-6.317],[106.76,-6.286],[106.75,-6.272],[106.704,-6.256],[106.693,-6.229],[106.652,-6.269],[106.657,-6.357]]]},"properties":{"kode_bps":"3674"}},
{"type":"Feature","geometry":{"type":"Polygon","coordinates":[[[114.459,-8.194],[114.448,-8.219],[114.582,-8.398],[114.707,-8.397],[114.8,-8.413],[114.916,-8.468],[114.924,-8.415],[114.903,-8.375],[114.824,-8.333],[114.817,-8.261],[114.785,-8.254],[114.756,-8.232],[114.684,-8.232],[114.59,-8.173],[114.532,-8.191],[114.494,-8.194],[114.459,-8.194]]]},"properties":{"kode_bps":"5101"}},
{"type":"Feature","geometry":{"type":"Polygon","coordinates":[[[115.186,-8.247],[115.177,-8.242],[115.072,-8.314],[114.965,-8.306],[114.935,-8.357],[114.924,-8.415],[114.916,-8.468],[115.057,-8.58],[115.12,-8.611],[115.139,-8.616],[115.184,-8.493],[115.217,-8.439],[115.212,-8.329],[115.186,-8.247]]]},"properties":{"kode_bps":"5102"}},
{"type":"Feature","geometry":{"type":"Polygon","coordinates":[[[115.251,-8.314],[115.243,-8.297],[115.239,-8.244],[115.186,-8.247],[115.212,-8.329],[115.217,-8.439],[115.184,-8.493],[115.139,-8.616],[115.12,-8.611],[115.169,-8.723],[115.142,-8.78],[115.085,-8.821],[115.167,-8.849],[115.24,-8.804],[115.183,-8.765],[115.187,-8.711],[115.174,-8.66],[115.18,-8.616],[115.236,-8.592],[115.242,-8.603],[115.25,-8.585],[115.245,-8.558],[115.231,-8.538],[115.245,-8.478],[115.23,-8.445],[115.235,-8.374],[115.243,-8.329],[115.251,-8.314]]]},"properties":{"kode_bps":"5103"}},
{"type":"Feature","geometry":{"type":"Polygon","coordinates":[[[115.242,-8.603],[115.275,-8.65],[115.371,-8.574],[115.36,-8.524],[115.336,-8.524],[115.317,-8.434],[115.337,-8.38],[115.284,-8.314],[115.243,-8.329],[115.235,-8.374],[115.23,-8.445],[115.245,-8.478],[115.23,-8.525],[115.249,-8.571],[115.242,-8.603]]]},"properties":{"kode_bps":"5104"}},
{"type":"Feature","geometry":{"type":"MultiPolygon","coordinates":[[[[115.553,-8.672],[115.49,-8.674],[115.451,-8.748],[115.589,-8.819],[115.621,-8.749],[115.553,-8.672]]],[[[115.386,-8.467],[115.354,-8.508],[115.371,-8.575],[115.444,-8.572],[115.463,-8.504],[115.415,-8.474],[115.386,-8.467]]]]},"properties":{"kode_bps":"5105"}},
{"type":"Feature","geometry":{"type":"Polygon","coordinates":[[[115.251,-8.314],[115.284,-8.314],[115.337,-8.38],[115.317,-8.434],[115.336,-8.524],[115.386,-8.467],[115.415,-8.434],[115.396,-8.357],[115.422,-8.313],[115.438,-8.218],[115.427,-8.19],[115.368,-8.166],[115.339,-8.144],[115.332,-8.154],[115.315,-8.146],[115.28,-8.161],[115.245,-8.177],[115.243,-8.216],[115.243,-8.297],[115.251,-8.314]]]},"properties":{"kode_bps":"5106"}},
{"type":"Feature","geometry":{"type":"Polygon","coordinates":[[[115.415,-8.434],[115.415,-8.474],[115.463,-8.504],[115.613,-8.506],[115.634,-8.462],[115.711,-8.4],[115.681,-8.347],[115.629,-8.325],[115.56,-8.233],[115.455,-8.167],[115.435,-8.183],[115.454,-8.198],[115.438,-8.218],[115.422,-8.313],[115.396,-8.357],[115.415,-8.434]]]},"properties":{"kode_bps":"5107"}},
{"type":"Feature","geometry":{"type":"Polygon","coordinates":[[[115.177,-8.242],[115.243,-8.216],[115.245,-8.177],[115.28,-8.161],[115.315,-8.146],[115.332,-8.154],[115.339,-8.144],[115.368,-8.166],[115.427,-8.19],[115.457,-8.167],[115.185,-8.061],[115.117,-8.081],[115.001,-8.176],[114.823,-8.192],[114.618,-8.123],[114.523,-8.134],[114.493,-8.096],[114.432,-8.119],[114.459,-8.194],[114.494,-8.194],[114.532,-8.191],[114.59,-8.173],[114.684,-8.232],[114.756,-8.232],[114.785,-8.254],[114.817,-8.261],[114.824,-8.333],[114.903,-8.375],[114.935,-8.357],[114.965,-8.306],[115.072,-8.314],[115.177,-8.242]]]},"properties":{"kode_bps":"5108"}},
{"type":"Feature","geometry":{"type":"Polygon","coordinates":[[[115.187,-8.711],[115.229,-8.753],[115.275,-8.65],[115.236,-8.592],[115.18,-8.616],[115.174,-8.66],[115.187,-8.711]]]},"properties":{"kode_bps":"5171"}},
{"type":"Feature","geometry":{"type":"Polygon","coordinates":[[[116.074,-8.625],[116.059,-8.727],[115.99,-8.731],[115.915,-8.776],[115.865,-8.743],[115.835,-8.809],[115.933,-8.833],[116.008,-8.904],[116.101,-8.87],[116.133,-8.768],[116.196,-8.674],[116.179,-8.62],[116.267,-8.564],[116.321,-8.505],[116.304,-8.462],[116.339,-8.411],[116.267,-8.451],[116.129,-8.471],[116.068,-8.462],[116.034,-8.485],[116.085,-8.56],[116.143,-8.566],[116.131,-8.619],[116.074,-8.625]]]},"properties":{"kode_bps":"5201"}},
{"type":"Feature","geometry":{"type":"Polygon","coordinates":[[[116.101,-8.87],[116.155,-8.864],[116.207,-8.901],[116.337,-8.916],[116.405,-8.899],[116.39,-8.821],[116.446,-8.746],[116.395,-8.684],[116.381,-8.667],[116.38,-8.528],[116.386,-8.489],[116.385,-8.421],[116.339,-8.411],[116.304,-8.462],[116.321,-8.505],[116.267,-8.564],[116.179,-8.62],[116.196,-8.674],[116.133,-8.768],[116.093,-8.84],[116.101,-8.87]]]},"properties":{"kode_bps":"5202"}},
{"type":"Feature","geometry":{"type":"Polygon","coordinates":[[[116.39,-8.821],[116.47,-8.824],[116.448,-8.899],[116.497,-8.911],[116.571,-8.892],[116.51,-8.78],[116.667,-8.559],[116.662,-8.487],[116.712,-8.443],[116.718,-8.347],[116.651,-8.288],[116.494,-8.246],[116.467,-8.331],[116.419,-8.419],[116.386,-8.489],[116.38,-8.528],[116.382,-8.668],[116.395,-8.684],[116.446,-8.746],[116.39,-8.821]]]},"properties":{"kode_bps":"5203"}},
{"type":"Feature","geometry":{"type":"MultiPolygon","coordinates":[[[[118.176,-8.655],[118.052,-8.663],[117.963,-8.743],[117.871,-8.696],[117.805,-8.727],[117.749,-8.645],[117.761,-8.599],[117.644,-8.556],[117.625,-8.443],[117.564,-8.406],[117.436,-8.411],[117.388,-8.473],[117.306,-8.432],[117.202,-8.406],[117.123,-8.369],[117.017,-8.463],[117.005,-8.505],[116.884,-8.526],[116.951,-8.601],[117,-8.625],[117.069,-8.678],[117.084,-8.764],[117.045,-8.803],[117.088,-8.927],[117.067,-8.946],[117.059,-9.056],[117.057,-9.104],[117.135,-9.084],[117.186,-9.021],[117.271,-9.041],[117.41,-9.049],[117.547,-9.003],[117.691,-8.919],[117.838,-8.932],[117.981,-8.895],[118.013,-8.853],[118.079,-8.84],[118.128,-8.878],[118.185,-8.854],[118.222,-8.807],[118.324,-8.732],[118.314,-8.694],[118.189,-8.706],[118.176,-8.655]]],[[[117.56,-8.144],[117.48,-8.192],[117.508,-8.273],[117.47,-8.356],[117.528,-8.39],[117.57,-8.335],[117.61,-8.238],[117.69,-8.181],[117.663,-8.15],[117.56,-8.144]]]]},"properties":{"kode_bps":"5204"}},
{"type":"Feature","geometry":{"type":"Polygon","coordinates":[[[118.444,-8.269],[118.338,-8.345],[118.323,-8.406],[118.298,-8.429],[118.242,-8.441],[118.205,-8.437],[118.185,-8.418],[118.103,-8.378],[118.025,-8.299],[117.92,-8.213],[117.851,-8.213],[117.765,-8.144],[117.719,-8.164],[117.691,-8.235],[117.817,-8.351],[117.98,-8.465],[118.082,-8.451],[118.105,-8.495],[118.278,-8.591],[118.248,-8.667],[118.176,-8.655],[118.189,-8.706],[118.314,-8.694],[118.429,-8.72],[118.386,-8.764],[118.379,-8.828],[118.412,-8.868],[118.477,-8.84],[118.509,-8.761],[118.536,-8.649],[118.508,-8.566],[118.514,-8.511],[118.502,-8.445],[118.527,-8.366],[118.473,-8.3],[118.444,-8.269]]]},"properties":{"kode_bps":"5205"}},
{"type":"Feature","geometry":{"type":"MultiPolygon","coordinates":[[[[118.732,-8.514],[118.66,-8.511],[118.687,-8.46],[118.696,-8.378],[118.649,-8.292],[118.584,-8.266],[118.464,-8.246],[118.444,-8.269],[118.473,-8.3],[118.527,-8.366],[118.502,-8.445],[118.514,-8.511],[118.508,-8.566],[118.536,-8.649],[118.509,-8.761],[118.477,-8.84],[118.478,-8.885],[118.637,-8.814],[118.758,-8.797],[118.836,-8.846],[118.96,-8.818],[118.895,-8.762],[118.746,-8.764],[118.761,-8.693],[118.846,-8.73],[118.908,-8.68],[118.972,-8.749],[119.172,-8.724],[119.129,-8.63],[119.055,-8.653],[119.013,-8.538],[119.052,-8.514],[119.047,-8.438],[118.992,-8.377],[119.001,-8.31],[118.821,-8.281],[118.727,-8.347],[118.747,-8.378],[118.864,-8.424],[118.896,-8.49],[118.768,-8.519],[118.732,-8.514]]],[[[119.089,-8.133],[119.012,-8.154],[119,-8.23],[119.088,-8.251],[119.123,-8.199],[119.089,-8.133]]],[[[118.323,-8.406],[118.317,-8.37],[118.234,-8.332],[118.218,-8.284],[118.163,-8.242],[118.145,-8.136],[118.081,-8.1],[117.961,-8.107],[117.924,-8.08],[117.829,-8.129],[117.765,-8.144],[117.851,-8.213],[117.92,-8.213],[118.025,-8.299],[118.103,-8.378],[118.185,-8.418],[118.205,-8.437],[118.272,-8.439],[118.298,-8.429],[118.323,-8.406]]]]},"properties":{"kode_bps":"5206"}},
{"type":"Feature","geometry":{"type":"Polygon","coordinates":[[[116.884,-8.526],[116.789,-8.59],[116.764,-8.654],[116.815,-8.813],[116.733,-8.869],[116.74,-8.997],[116.788,-9.036],[116.897,-9.065],[116.942,-9.052],[117.036,-9.106],[117.059,-9.056],[117.067,-8.946],[117.088,-8.927],[117.045,-8.803],[117.084,-8.764],[117.069,-8.678],[117,-8.625],[116.951,-8.601],[116.884,-8.526]]]},"properties":{"kode_bps":"5207"}},
{"type":"Feature","geometry":{"type":"Polygon","coordinates":[[[116.339,-8.411],[116.385,-8.421],[116.419,-8.419],[116.467,-8.331],[116.46,-8.227],[116.371,-8.21],[116.237,-8.266],[116.104,-8.391],[116.056,-8.404],[116.068,-8.462],[116.129,-8.471],[116.267,-8.451],[116.339,-8.411]]]},"properties":{"kode_bps":"5208"}},
{"type":"Feature","geometry":{"type":"Polygon","coordinates":[[[116.074,-8.625],[116.131,-8.619],[116.143,-8.566],[116.085,-8.56],[116.074,-8.625]]]},"properties":{"kode_bps":"5271"}},
{"type":"Feature","geometry":{"type":"Polygon","coordinates":[[[118.747,-8.378],[118.713,-8.496],[118.732,-8.514],[118.768,-8.519],[118.896,-8.49],[118.864,-8.424],[118.747,-8.378]]]},"properties":{"kode_bps":"5272"}},
{"type":"Feature","geometry":{"type":"Polygon","coordinates":[[[119.145,-9.73],[119.194,-9.748],[119.301,-9.744],[119.39,-9.797],[119.417,-9.761],[119.54,-9.742],[119.532,-9.689],[119.488,-9.655],[119.476,-9.528],[119.451,-9.477],[119.443,-9.465],[119.445,-9.455],[119.391,-9.383],[119.396,-9.392],[119.387,-9.505],[119.393,-9.541],[119.367,-9.616],[119.304,-9.672],[119.264,-9.679],[119.216,-9.677],[119.166,-9.658],[119.145,-9.73]]]},"properties":{"kode_bps":"5301"}},
{"type":"Feature","geometry":{"type":"Polygon","coordinates":[[[119.675,-9.829],[119.784,-9.922],[119.863,-9.922],[119.995,-10.038],[120.023,-10.098],[120.165,-10.24],[120.218,-10.254],[120.35,-10.249],[120.453,-10.317],[120.486,-10.263],[120.532,-10.24],[120.613,-10.253],[120.739,-10.19],[120.842,-10.089],[120.846,-10.029],[120.816,-9.977],[120.747,-9.924],[120.678,-9.899],[120.56,-9.698],[120.504,-9.686],[120.464,-9.615],[120.365,-9.644],[120.234,-9.616],[120.226,-9.531],[120.185,-9.468],[120.085,-9.47],[120.007,-9.383],[119.936,-9.276],[119.865,-9.344],[119.876,-9.371],[119.896,-9.432],[119.918,-9.488],[119.841,-9.578],[119.842,-9.618],[119.848,-9.628],[119.844,-9.663],[119.838,-9.669],[119.809,-9.667],[119.765,-9.676],[119.746,-9.67],[119.728,-9.715],[119.732,-9.84],[119.675,-9.829]]]},"properties":{"kode_bps":"5302"}},
{"type":"Feature","geometry":{"type":"MultiPolygon","coordinates":[[[[123.453,-10.115],[123.396,-10.134],[123.368,-10.204],[123.301,-10.271],[123.305,-10.312],[123.42,-10.296],[123.412,-10.241],[123.453,-10.218],[123.453,-10.115]]],[[[123.546,-10.214],[123.489,-10.224],[123.546,-10.328],[123.704,-10.366],[123.864,-10.333],[123.962,-10.277],[124.018,-10.273],[124.149,-10.158],[124.22,-10.163],[124.226,-10.144],[124.199,-10.101],[124.208,-10.085],[124.164,-10.044],[124.125,-9.976],[124.085,-9.964],[124.094,-9.809],[124.067,-9.759],[124.092,-9.697],[124.058,-9.668],[124.089,-9.62],[124.095,-9.58],[124.117,-9.484],[124.146,-9.476],[124.145,-9.453],[124.143,-9.444],[124.045,-9.347],[123.995,-9.342],[123.935,-9.421],[123.734,-9.567],[123.674,-9.628],[123.684,-9.702],[123.669,-9.85],[123.601,-9.898],[123.578,-9.943],[123.581,-10.018],[123.697,-10.01],[123.771,-10.043],[123.742,-10.098],[123.683,-10.14],[123.683,-10.165],[123.651,-10.189],[123.64,-10.218],[123.639,-10.244],[123.585,-10.289],[123.546,-10.214]]]]},"properties":{"kode_bps":"5303"}},
{"type":"Feature","geometry":{"type":"Polygon","coordinates":[[[124.22,-10.163],[124.349,-10.173],[124.412,-10.163],[124.508,-10.092],[124.548,-10.011],[124.588,-10],[124.673,-9.92],[124.751,-9.882],[124.81,-9.791],[124.798,-9.771],[124.821,-9.658],[124.762,-9.598],[124.714,-9.639],[124.663,-9.627],[124.634,-9.586],[124.517,-9.663],[124.424,-9.594],[124.351,-9.586],[124.215,-9.538],[124.146,-9.476],[124.117,-9.484],[124.095,-9.58],[124.089,-9.62],[124.058,-9.668],[124.092,-9.697],[124.067,-9.759],[124.094,-9.809],[124.085,-9.964],[124.125,-9.976],[124.164,-10.044],[124.209,-10.086],[124.226,-10.145],[124.22,-10.163]]]},"properties":{"kode_bps":"5304"}},
{"type":"Feature","geometry":{"type":"Polygon","coordinates":[[[124.82,-9.076],[124.792,-9.018],[124.697,-9.054],[124.67,-9.118],[124.53,-9.186],[124.476,-9.174],[124.463,-9.3],[124.374,-9.376],[124.365,-9.459],[124.287,-9.451],[124.217,-9.366],[124.143,-9.444],[124.145,-9.453],[124.224,-9.506],[124.215,-9.538],[124.351,-9.586],[124.424,-9.594],[124.517,-9.663],[124.634,-9.586],[124.698,-9.586],[124.738,-9.51],[124.782,-9.47],[124.803,-9.381],[124.809,-9.369],[124.801,-9.355],[124.804,-9.347],[124.84,-9.333],[124.855,-9.285],[124.82,-9.2],[124.82,-9.076]]]},"properties":{"kode_bps":"5305"}},
{"type":"Feature","geometry":{"type":"Polygon","coordinates":[[[125.014,-9.303],[124.983,-9.191],[125.014,-9.169],[125.097,-9.202],[125.193,-9.156],[125.171,-9.123],[125.185,-9.026],[125.112,-8.967],[125.077,-9.022],[125.003,-9.064],[124.94,-9.047],[124.944,-8.957],[124.849,-9.009],[124.796,-9.012],[124.82,-9.076],[124.82,-9.2],[124.855,-9.285],[124.84,-9.333],[124.815,-9.341],[124.846,-9.356],[124.872,-9.381],[124.961,-9.393],[125.014,-9.303]]]},"properties":{"kode_bps":"5306"}},
{"type":"Feature","geometry":{"type":"MultiPolygon","coordinates":[[[[124.292,-8.339],[124.324,-8.233],[124.288,-8.174],[124.23,-8.215],[124.204,-8.273],[124.133,-8.344],[124.086,-8.359],[124.059,-8.293],[123.965,-8.347],[123.946,-8.408],[124.034,-8.421],[124.065,-8.491],[124.066,-8.551],[124.146,-8.535],[124.208,-8.465],[124.209,-8.416],[124.292,-8.339]]],[[[124.603,-8.124],[124.477,-8.128],[124.4,-8.215],[124.399,-8.326],[124.341,-8.392],[124.355,-8.439],[124.51,-8.418],[124.547,-8.442],[124.658,-8.39],[124.787,-8.403],[124.891,-8.363],[125.062,-8.357],[125.126,-8.337],[125.142,-8.238],[125.091,-8.145],[124.92,-8.163],[124.813,-8.165],[124.782,-8.147],[124.668,-8.162],[124.608,-8.197],[124.603,-8.124]]]]},"properties":{"kode_bps":"5307"}},
{"type":"Feature","geometry":{"type":"Polygon","coordinates":[[[123.845,-8.21],[123.782,-8.167],[123.658,-8.247],[123.636,-8.284],[123.575,-8.285],[123.586,-8.35],[123.498,-8.336],[123.544,-8.283],[123.495,-8.239],[123.416,-8.289],[123.473,-8.335],[123.337,-8.398],[123.234,-8.507],[123.292,-8.547],[123.319,-8.523],[123.393,-8.584],[123.493,-8.513],[123.519,-8.559],[123.584,-8.539],[123.554,-8.465],[123.629,-8.4],[123.682,-8.418],[123.753,-8.299],[123.918,-8.253],[123.905,-8.211],[123.845,-8.21]]]},"properties":{"kode_bps":"5308"}},
{"type":"Feature","geometry":{"type":"MultiPolygon","coordinates":[[[[123.146,-8.424],[122.977,-8.436],[122.945,-8.493],[122.885,-8.524],[122.871,-8.586],[122.942,-8.589],[122.983,-8.507],[123.148,-8.462],[123.146,-8.424]]],[[[123.211,-8.225],[123.142,-8.234],[123.033,-8.308],[123.001,-8.41],[123.179,-8.385],[123.295,-8.388],[123.305,-8.297],[123.334,-8.264],[123.211,-8.225]]],[[[122.654,-8.637],[122.726,-8.633],[122.831,-8.59],[122.832,-8.518],[122.79,-8.484],[122.783,-8.423],[122.86,-8.453],[122.914,-8.329],[122.964,-8.352],[123.021,-8.316],[122.983,-8.251],[122.972,-8.133],[122.867,-8.063],[122.783,-8.108],[122.785,-8.15],[122.732,-8.216],[122.788,-8.236],[122.866,-8.176],[122.918,-8.194],[122.882,-8.289],[122.811,-8.298],[122.766,-8.363],[122.682,-8.383],[122.687,-8.485],[122.665,-8.52],[122.654,-8.637]]]]},"properties":{"kode_bps":"5309"}},
{"type":"Feature","geometry":{"type":"Polygon","coordinates":[[[121.997,-8.806],[122.084,-8.741],[122.175,-8.73],[122.196,-8.75],[122.421,-8.744],[122.54,-8.701],[122.557,-8.666],[122.654,-8.637],[122.665,-8.52],[122.687,-8.485],[122.682,-8.383],[122.621,-8.384],[122.548,-8.464],[122.479,-8.494],[122.518,-8.547],[122.472,-8.609],[122.33,-8.618],[122.292,-8.642],[122.221,-8.62],[122.159,-8.556],[122.071,-8.523],[121.977,-8.551],[121.984,-8.61],[121.926,-8.713],[121.99,-8.755],[121.997,-8.806]]]},"properties":{"kode_bps":"5310"}},
{"type":"Feature","geometry":{"type":"Polygon","coordinates":[[[121.977,-8.551],[122.007,-8.514],[121.983,-8.447],[121.913,-8.496],[121.726,-8.494],[121.68,-8.512],[121.613,-8.484],[121.519,-8.635],[121.432,-8.671],[121.396,-8.726],[121.414,-8.792],[121.542,-8.809],[121.567,-8.798],[121.661,-8.856],[121.776,-8.883],[121.884,-8.828],[121.997,-8.806],[121.99,-8.755],[121.926,-8.713],[121.984,-8.61],[121.977,-8.551]]]},"properties":{"kode_bps":"5311"}},
{"type":"Feature","geometry":{"type":"Polygon","coordinates":[[[120.811,-8.826],[120.931,-8.933],[121.001,-8.956],[121.057,-8.948],[121.139,-8.902],[121.122,-8.856],[121.122,-8.804],[121.096,-8.759],[121.124,-8.704],[121.142,-8.553],[121.184,-8.512],[121.173,-8.441],[121.024,-8.414],[120.979,-8.369],[120.929,-8.407],[120.923,-8.471],[120.845,-8.516],[120.891,-8.65],[120.856,-8.747],[120.811,-8.826]]]},"properties":{"kode_bps":"5312"}},
{"type":"Feature","geometry":{"type":"Polygon","coordinates":[[[120.493,-8.293],[120.408,-8.281],[120.361,-8.295],[120.292,-8.281],[120.284,-8.423],[120.398,-8.437],[120.372,-8.515],[120.315,-8.583],[120.281,-8.625],[120.29,-8.637],[120.306,-8.675],[120.313,-8.668],[120.327,-8.718],[120.284,-8.787],[120.24,-8.83],[120.313,-8.856],[120.438,-8.814],[120.518,-8.818],[120.501,-8.719],[120.469,-8.673],[120.524,-8.638],[120.51,-8.565],[120.546,-8.494],[120.514,-8.409],[120.478,-8.382],[120.493,-8.293]]]},"properties":{"kode_bps":"5313"}},
{"type":"Feature","geometry":{"type":"Polygon","coordinates":[[[123.379,-10.431],[123.37,-10.478],[123.264,-10.521],[123.195,-10.594],[123.043,-10.729],[122.858,-10.759],[122.81,-10.782],[122.831,-10.859],[122.825,-10.923],[122.949,-10.904],[123.133,-10.815],[123.189,-10.837],[123.245,-10.777],[123.253,-10.734],[123.427,-10.656],[123.421,-10.614],[123.357,-10.546],[123.4,-10.505],[123.379,-10.431]]]},"properties":{"kode_bps":"5314"}},
{"type":"Feature","geometry":{"type":"MultiPolygon","coordinates":[[[[119.635,-8.605],[119.661,-8.701],[119.617,-8.764],[119.694,-8.81],[119.729,-8.775],[119.709,-8.697],[119.799,-8.657],[119.792,-8.614],[119.719,-8.621],[119.658,-8.657],[119.635,-8.605]]],[[[119.457,-8.429],[119.412,-8.55],[119.374,-8.585],[119.433,-8.676],[119.475,-8.639],[119.505,-8.569],[119.56,-8.587],[119.571,-8.49],[119.471,-8.48],[119.457,-8.429]]],[[[120.292,-8.281],[120.201,-8.306],[120.158,-8.373],[120.049,-8.399],[119.908,-8.476],[119.804,-8.573],[119.803,-8.771],[119.89,-8.813],[120.016,-8.819],[120.149,-8.785],[120.24,-8.83],[120.284,-8.787],[120.327,-8.718],[120.313,-8.668],[120.306,-8.675],[120.29,-8.637],[120.281,-8.625],[120.315,-8.583],[120.372,-8.515],[120.398,-8.437],[120.284,-8.423],[120.292,-8.281]]]]},"properties":{"kode_bps":"5315"}},
{"type":"Feature","geometry":{"type":"Polygon","coordinates":[[[119.54,-9.742],[119.675,-9.829],[119.732,-9.84],[119.728,-9.715],[119.746,-9.67],[119.765,-9.676],[119.842,-9.667],[119.848,-9.629],[119.842,-9.618],[119.841,-9.578],[119.918,-9.488],[119.896,-9.432],[119.876,-9.371],[119.794,-9.399],[119.686,-9.382],[119.628,-9.345],[119.532,-9.378],[119.472,-9.358],[119.426,-9.378],[119.445,-9.455],[119.443,-9.465],[119.451,-9.477],[119.476,-9.528],[119.488,-9.655],[119.532,-9.689],[119.54,-9.742]]]},"properties":{"kode_bps":"5316"}},
{"type":"Feature","geometry":{"type":"Polygon","coordinates":[[[119.391,-9.383],[119.298,-9.357],[119.22,-9.391],[119.163,-9.379],[119.102,-9.421],[118.99,-9.456],[118.928,-9.557],[118.986,-9.608],[119.026,-9.675],[119.145,-9.73],[119.166,-9.658],[119.216,-9.677],[119.264,-9.679],[119.304,-9.672],[119.367,-9.616],[119.393,-9.541],[119.387,-9.505],[119.377,-9.426],[119.396,-9.392],[119.391,-9.383]]]},"properties":{"kode_bps":"5317"}},
{"type":"Feature","geometry":{"type":"Polygon","coordinates":[[[121.519,-8.635],[121.465,-8.561],[121.431,-8.586],[121.344,-8.547],[121.306,-8.486],[121.173,-8.441],[121.184,-8.512],[121.142,-8.553],[121.124,-8.704],[121.096,-8.759],[121.122,-8.804],[121.122,-8.856],[121.139,-8.898],[121.269,-8.886],[121.303,-8.908],[121.369,-8.879],[121.396,-8.726],[121.432,-8.671],[121.519,-8.635]]]},"properties":{"kode_bps":"5318"}},
{"type":"Feature","geometry":{"type":"Polygon","coordinates":[[[120.518,-8.818],[120.597,-8.815],[120.646,-8.867],[120.774,-8.887],[120.811,-8.826],[120.856,-8.747],[120.891,-8.65],[120.845,-8.516],[120.923,-8.471],[120.912,-8.446],[120.939,-8.357],[120.809,-8.339],[120.734,-8.349],[120.655,-8.289],[120.493,-8.293],[120.478,-8.382],[120.514,-8.409],[120.546,-8.494],[120.51,-8.565],[120.524,-8.638],[120.469,-8.673],[120.501,-8.719],[120.518,-8.818]]]},"properties":{"kode_bps":"5319"}},
{"type":"Feature","geometry":{"type":"Polygon","coordinates":[[[121.97,-10.443],[121.907,-10.419],[121.844,-10.45],[121.834,-10.499],[121.684,-10.578],[121.749,-10.615],[121.875,-10.618],[121.946,-10.557],[121.986,-10.551],[121.97,-10.443]]]},"properties":{"kode_bps":"5320"}},
{"type":"Feature","geometry":{"type":"Polygon","coordinates":[[[124.815,-9.341],[124.801,-9.351],[124.809,-9.369],[124.803,-9.381],[124.782,-9.47],[124.738,-9.51],[124.757,-9.56],[124.698,-9.586],[124.663,-9.627],[124.714,-9.639],[124.762,-9.598],[124.821,-9.658],[124.798,-9.771],[124.947,-9.678],[124.987,-9.629],[124.991,-9.559],[125.072,-9.482],[125.08,-9.392],[125.014,-9.303],[124.961,-9.393],[124.872,-9.381],[124.846,-9.356],[124.815,-9.341]]]},"properties":{"kode_bps":"5321"}},
{"type":"Feature","geometry":{"type":"Polygon","coordinates":[[[123.683,-10.14],[123.625,-10.14],[123.563,-10.172],[123.546,-10.214],[123.585,-10.289],[123.639,-10.244],[123.64,-10.218],[123.651,-10.189],[123.683,-10.165],[123.683,-10.14]]]},"properties":{"kode_bps":"5371"}},
{"type":"Feature","geometry":{"type":"Polygon","coordinates":[[[109.75,1.537],[109.662,1.617],[109.661,1.693],[109.685,1.782],[109.635,1.805],[109.586,1.792],[109.539,1.912],[109.585,1.99],[109.476,1.982],[109.429,1.95],[109.337,1.943],[109.337,1.833],[109.262,1.677],[109.232,1.641],[109.129,1.586],[109.056,1.521],[109.037,1.463],[109.041,1.345],[108.99,1.276],[108.948,1.165],[108.904,1.171],[108.968,1.041],[108.979,0.989],[109.063,0.99],[109.13,1.018],[109.174,0.979],[109.213,0.988],[109.23,0.989],[109.236,1.019],[109.251,1.035],[109.272,1.042],[109.421,1.052],[109.469,1.02],[109.537,1.194],[109.589,1.202],[109.626,1.332],[109.61,1.433],[109.678,1.449],[109.75,1.537]]]},"properties":{"kode_bps":"6101"}},
{"type":"Feature","geometry":{"type":"Polygon","coordinates":[[[110.105,1.104],[110.129,1.196],[110.07,1.228],[110.066,1.264],[109.979,1.298],[109.963,1.404],[109.929,1.426],[109.847,1.426],[109.799,1.505],[109.75,1.537],[109.678,1.449],[109.61,1.433],[109.626,1.332],[109.589,1.202],[109.537,1.194],[109.469,1.02],[109.421,1.052],[109.251,1.036],[109.234,1.017],[109.23,0.989],[109.213,0.988],[109.17,0.96],[109.157,0.903],[109.046,0.839],[109.036,0.779],[108.971,0.777],[108.874,0.841],[108.873,0.708],[108.923,0.645],[108.931,0.546],[108.95,0.54],[108.971,0.529],[109.039,0.594],[109.108,0.645],[109.133,0.66],[109.149,0.694],[109.193,0.701],[109.266,0.751],[109.291,0.711],[109.351,0.766],[109.396,0.734],[109.477,0.777],[109.533,0.712],[109.581,0.718],[109.676,0.761],[109.701,0.85],[109.783,0.841],[109.85,0.872],[109.909,0.935],[109.919,0.994],[109.911,1.033],[109.979,1.035],[110.091,1.028],[110.093,1.02],[110.138,1.032],[110.13,1.087],[110.105,1.104]]]},"properties":{"kode_bps":"6102"}},
{"type":"Feature","geometry":{"type":"Polygon","coordinates":[[[109.149,0.694],[109.181,0.671],[109.26,0.645],[109.29,0.607],[109.223,0.49],[109.314,0.403],[109.322,0.362],[109.235,0.342],[109.2,0.29],[109.26,0.264],[109.321,0.267],[109.447,0.255],[109.494,0.23],[109.495,0.09],[109.508,0.008],[109.549,-0.01],[109.605,0.036],[109.614,0.036],[109.633,0.05],[109.656,0.056],[109.75,0.093],[109.869,0.086],[109.913,0.107],[109.95,0.166],[110.014,0.168],[110.054,0.216],[110.116,0.209],[110.129,0.249],[110.148,0.338],[110.188,0.382],[110.198,0.407],[110.174,0.433],[110.2,0.527],[110.253,0.573],[110.235,0.583],[110.225,0.646],[110.23,0.665],[110.245,0.699],[110.238,0.728],[110.192,0.764],[110.176,0.808],[110.179,0.829],[110.205,0.848],[110.234,0.887],[110.203,0.927],[110.225,0.981],[110.159,1.004],[110.093,1.02],[110.091,1.028],[109.979,1.035],[109.911,1.033],[109.919,0.994],[109.909,0.935],[109.85,0.872],[109.783,0.841],[109.701,0.85],[109.676,0.761],[109.581,0.718],[109.533,0.712],[109.477,0.777],[109.396,0.734],[109.351,0.766],[109.293,0.712],[109.282,0.717],[109.266,0.751],[109.193,0.701],[109.149,0.694]]]},"properties":{"kode_bps":"6103"}},
{"type":"Feature","geometry":{"type":"Polygon","coordinates":[[[108.931,0.546],[108.908,0.483],[108.939,0.449],[108.94,0.371],[108.918,0.328],[109.015,0.298],[109.087,0.251],[109.129,0.189],[109.141,0.122],[109.176,0.074],[109.297,0.03],[109.309,0.038],[109.371,0.021],[109.364,0.047],[109.351,0.207],[109.384,0.255],[109.321,0.267],[109.26,0.264],[109.2,0.29],[109.235,0.342],[109.322,0.362],[109.314,0.403],[109.223,0.49],[109.29,0.607],[109.26,0.645],[109.181,0.671],[109.133,0.66],[109.108,0.645],[109.039,0.594],[108.971,0.529],[108.95,0.54],[108.931,0.546]]]},"properties":{"kode_bps":"6104"}},
{"type":"Feature","geometry":{"type":"Polygon","coordinates":[[[110.138,1.032],[110.159,1.004],[110.225,0.981],[110.203,0.927],[110.234,0.887],[110.205,0.848],[110.182,0.836],[110.176,0.808],[110.195,0.758],[110.24,0.724],[110.245,0.697],[110.23,0.665],[110.225,0.646],[110.235,0.583],[110.253,0.573],[110.2,0.527],[110.174,0.433],[110.198,0.407],[110.188,0.382],[110.148,0.338],[110.129,0.249],[110.116,0.209],[110.054,0.216],[110.014,0.168],[109.95,0.166],[109.913,0.107],[109.864,0.038],[109.856,0.025],[109.848,-0.046],[109.904,-0.107],[109.939,-0.143],[109.942,-0.225],[109.966,-0.281],[109.948,-0.346],[109.923,-0.357],[109.92,-0.398],[109.926,-0.412],[109.972,-0.433],[109.946,-0.444],[109.996,-0.485],[110.04,-0.4],[110.099,-0.397],[110.151,-0.435],[110.213,-0.419],[110.275,-0.437],[110.318,-0.409],[110.37,-0.466],[110.414,-0.434],[110.402,-0.377],[110.458,-0.331],[110.472,-0.326],[110.528,-0.338],[110.562,-0.366],[110.555,-0.324],[110.57,-0.282],[110.56,-0.259],[110.63,-0.204],[110.644,-0.145],[110.701,-0.169],[110.719,-0.039],[110.754,0.013],[110.75,0.061],[110.873,0.124],[110.888,0.215],[110.922,0.229],[110.973,0.36],[110.943,0.462],[111.002,0.563],[111.013,0.662],[111.04,0.712],[111.054,0.738],[110.992,0.754],[110.905,0.731],[110.813,0.752],[110.782,0.81],[110.809,0.868],[110.716,0.906],[110.698,0.884],[110.575,0.854],[110.49,0.877],[110.438,0.917],[110.396,0.998],[110.359,0.983],[110.283,1.011],[110.286,1.045],[110.193,1.183],[110.132,1.199],[110.105,1.104],[110.13,1.087],[110.138,1.032]]]},"properties":{"kode_bps":"6105"}},
{"type":"Feature","geometry":{"type":"Polygon","coordinates":[[[110.068,-1.368],[110.064,-1.46],[110.035,-1.525],[110.027,-1.683],[109.901,-1.828],[109.924,-1.858],[110.067,-1.931],[110.1,-1.98],[110.12,-2.078],[110.082,-2.24],[110.139,-2.305],[110.153,-2.408],[110.197,-2.521],[110.184,-2.59],[110.256,-2.759],[110.257,-2.837],[110.224,-2.887],[110.26,-2.961],[110.307,-2.991],[110.419,-2.897],[110.57,-2.84],[110.623,-2.889],[110.657,-3.04],[110.726,-3.002],[110.755,-2.942],[110.794,-2.909],[110.889,-2.872],[110.967,-2.858],[111.012,-2.795],[111.146,-2.741],[111.166,-2.674],[111.136,-2.611],[111.103,-2.424],[111.07,-2.3],[111.032,-2.241],[111.079,-2.161],[111.057,-2.072],[111.06,-2.058],[111.083,-2.045],[110.975,-1.878],[111.014,-1.778],[111.006,-1.727],[110.974,-1.669],[110.901,-1.713],[110.854,-1.636],[110.9,-1.592],[111.013,-1.563],[111.06,-1.536],[111.119,-1.553],[111.129,-1.473],[111.163,-1.433],[111.26,-1.416],[111.332,-1.334],[111.37,-1.33],[111.315,-1.293],[111.313,-1.257],[111.266,-1.254],[111.235,-1.183],[111.265,-1.098],[111.206,-1.019],[111.144,-1.007],[111.17,-0.91],[111.218,-0.864],[111.242,-0.701],[111.222,-0.659],[111.266,-0.588],[111.239,-0.589],[111.213,-0.537],[111.189,-0.516],[111.135,-0.514],[111.089,-0.496],[111.018,-0.504],[110.907,-0.458],[110.867,-0.49],[110.844,-0.568],[110.732,-0.629],[110.637,-0.619],[110.617,-0.459],[110.604,-0.423],[110.562,-0.366],[110.528,-0.338],[110.468,-0.326],[110.402,-0.377],[110.414,-0.434],[110.37,-0.466],[110.318,-0.409],[110.275,-0.437],[110.213,-0.419],[110.151,-0.435],[110.099,-0.397],[110.04,-0.4],[109.996,-0.485],[109.947,-0.499],[109.885,-0.554],[109.881,-0.586],[109.815,-0.643],[109.813,-0.68],[109.82,-0.682],[109.825,-0.672],[109.932,-0.752],[110.057,-0.76],[110.127,-0.79],[110.219,-0.861],[110.353,-0.874],[110.416,-1.103],[110.457,-1.126],[110.462,-1.166],[110.441,-1.234],[110.353,-1.236],[110.271,-1.304],[110.161,-1.327],[110.068,-1.368]]]},"properties":{"kode_bps":"6106"}},
{"type":"Feature","geometry":{"type":"Polygon","coordinates":[[[113.265,-0.42],[113.262,-0.392],[113.228,-0.328],[113.288,-0.245],[113.353,-0.224],[113.414,-0.159],[113.423,-0.096],[113.437,-0.058],[113.44,0.014],[113.41,0.05],[113.421,0.122],[113.325,0.18],[113.271,0.241],[113.168,0.262],[113.101,0.285],[113.057,0.317],[112.986,0.293],[112.97,0.225],[112.958,0.2],[112.858,0.21],[112.794,0.241],[112.742,0.216],[112.683,0.241],[112.568,0.203],[112.505,0.153],[112.348,0.117],[112.244,0.109],[112.15,0.08],[112.107,0.115],[112.09,0.17],[111.995,0.213],[111.965,0.187],[111.878,0.179],[111.862,0.186],[111.837,0.229],[111.751,0.241],[111.677,0.272],[111.653,0.345],[111.687,0.378],[111.73,0.472],[111.71,0.554],[111.735,0.597],[111.717,0.667],[111.727,0.781],[111.638,0.861],[111.623,0.925],[111.567,0.916],[111.52,0.96],[111.489,1.035],[111.385,1.015],[111.352,1.04],[111.252,1.063],[111.232,1.086],[111.154,1.053],[110.995,1.029],[110.907,1.029],[110.861,0.951],[110.809,0.95],[110.809,0.868],[110.782,0.81],[110.813,0.752],[110.905,0.731],[110.995,0.754],[111.1,0.728],[111.156,0.662],[111.23,0.589],[111.27,0.589],[111.294,0.537],[111.293,0.509],[111.258,0.428],[111.267,0.375],[111.217,0.358],[111.273,0.246],[111.275,0.132],[111.238,0.121],[111.214,0.062],[111.16,0.103],[111.124,0.086],[111.149,0.001],[111.136,-0.113],[111.096,-0.139],[111.092,-0.231],[111.029,-0.328],[111.035,-0.416],[111.092,-0.502],[111.138,-0.514],[111.18,-0.514],[111.202,-0.525],[111.278,-0.449],[111.368,-0.362],[111.447,-0.35],[111.464,-0.252],[111.504,-0.221],[111.57,-0.223],[111.647,-0.197],[111.689,-0.14],[111.799,-0.178],[111.897,-0.234],[111.962,-0.198],[112.031,-0.216],[112.126,-0.278],[112.191,-0.286],[112.243,-0.242],[112.37,-0.231],[112.376,-0.372],[112.416,-0.401],[112.429,-0.537],[112.455,-0.564],[112.459,-0.614],[112.451,-0.647],[112.46,-0.673],[112.498,-0.698],[112.578,-0.681],[112.644,-0.676],[112.687,-0.657],[112.745,-0.572],[112.787,-0.585],[113.024,-0.475],[113.059,-0.509],[113.15,-0.449],[113.211,-0.506],[113.22,-0.506],[113.246,-0.45],[113.264,-0.442],[113.265,-0.42]]]},"properties":{"kode_bps":"6107"}},
{"type":"Feature","geometry":{"type":"Polygon","coordinates":[[[114.166,1.382],[114.205,1.41],[114.141,1.467],[113.955,1.443],[113.936,1.417],[113.822,1.374],[113.804,1.3],[113.703,1.265],[113.631,1.219],[113.583,1.308],[113.538,1.323],[113.421,1.285],[113.357,1.358],[113.268,1.388],[113.144,1.388],[113.124,1.429],[112.975,1.411],[112.983,1.45],[113.071,1.529],[113.059,1.559],[112.933,1.567],[112.884,1.587],[112.841,1.538],[112.775,1.564],[112.515,1.576],[112.434,1.527],[112.352,1.504],[112.205,1.438],[112.232,1.379],[112.179,1.304],[112.143,1.135],[111.935,1.122],[111.813,0.999],[111.717,1.007],[111.668,1.043],[111.596,1.009],[111.551,0.947],[111.567,0.916],[111.623,0.925],[111.638,0.861],[111.727,0.781],[111.717,0.667],[111.735,0.597],[111.71,0.554],[111.73,0.472],[111.687,0.378],[111.653,0.345],[111.665,0.293],[111.682,0.268],[111.731,0.247],[111.837,0.229],[111.862,0.186],[111.872,0.18],[111.957,0.185],[111.995,0.213],[112.09,0.17],[112.107,0.115],[112.15,0.08],[112.244,0.109],[112.348,0.117],[112.505,0.153],[112.568,0.203],[112.683,0.241],[112.737,0.217],[112.755,0.219],[112.794,0.241],[112.858,0.21],[112.96,0.2],[112.97,0.225],[112.986,0.293],[113.057,0.317],[113.101,0.285],[113.168,0.262],[113.271,0.241],[113.321,0.272],[113.352,0.278],[113.407,0.264],[113.443,0.267],[113.514,0.321],[113.586,0.405],[113.657,0.439],[113.694,0.518],[113.775,0.566],[113.802,0.606],[113.836,0.682],[113.875,0.713],[113.896,0.755],[113.874,0.78],[113.926,0.84],[113.871,0.889],[113.915,0.977],[113.893,1.019],[113.948,1.061],[113.987,1.126],[114.087,1.105],[114.18,1.152],[114.208,1.236],[114.187,1.269],[114.207,1.342],[114.166,1.382]]]},"properties":{"kode_bps":"6108"}},
{"type":"Feature","geometry":{"type":"Polygon","coordinates":[[[111.089,-0.496],[111.035,-0.416],[111.029,-0.328],[111.092,-0.231],[111.096,-0.139],[111.136,-0.113],[111.149,0.001],[111.124,0.086],[111.16,0.103],[111.214,0.062],[111.238,0.121],[111.275,0.132],[111.273,0.246],[111.217,0.358],[111.267,0.375],[111.258,0.428],[111.296,0.525],[111.27,0.589],[111.23,0.589],[111.156,0.662],[111.1,0.728],[111.04,0.712],[111.013,0.662],[111.002,0.563],[110.943,0.462],[110.973,0.36],[110.922,0.229],[110.888,0.215],[110.873,0.124],[110.75,0.061],[110.754,0.013],[110.719,-0.039],[110.701,-0.169],[110.644,-0.145],[110.63,-0.204],[110.56,-0.259],[110.555,-0.332],[110.566,-0.379],[110.617,-0.459],[110.637,-0.619],[110.732,-0.629],[110.844,-0.568],[110.867,-0.49],[110.9,-0.459],[111.018,-0.504],[111.089,-0.496]]]},"properties":{"kode_bps":"6109"}},
{"type":"Feature","geometry":{"type":"Polygon","coordinates":[[[112.46,-0.673],[112.451,-0.647],[112.459,-0.614],[112.455,-0.564],[112.429,-0.537],[112.416,-0.401],[112.376,-0.372],[112.37,-0.231],[112.243,-0.242],[112.191,-0.286],[112.126,-0.278],[112.031,-0.216],[111.962,-0.198],[111.897,-0.234],[111.799,-0.178],[111.689,-0.14],[111.647,-0.197],[111.57,-0.223],[111.504,-0.221],[111.464,-0.252],[111.447,-0.35],[111.368,-0.362],[111.278,-0.449],[111.202,-0.525],[111.239,-0.589],[111.266,-0.588],[111.222,-0.659],[111.242,-0.701],[111.218,-0.864],[111.17,-0.91],[111.144,-1.007],[111.206,-1.019],[111.265,-1.098],[111.235,-1.183],[111.266,-1.254],[111.313,-1.257],[111.317,-1.295],[111.37,-1.33],[111.393,-1.328],[111.384,-1.28],[111.446,-1.224],[111.495,-1.213],[111.558,-1.201],[111.568,-1.11],[111.624,-1.065],[111.64,-0.972],[111.75,-0.913],[111.825,-0.911],[111.918,-0.841],[111.922,-0.794],[111.994,-0.8],[112.109,-0.702],[112.175,-0.726],[112.178,-0.643],[112.235,-0.617],[112.274,-0.647],[112.315,-0.723],[112.388,-0.714],[112.428,-0.673],[112.46,-0.673]]]},"properties":{"kode_bps":"6110"}},
{"type":"Feature","geometry":{"type":"MultiPolygon","coordinates":[[[[108.898,-1.535],[108.827,-1.59],[108.858,-1.677],[108.937,-1.654],[108.983,-1.602],[108.898,-1.535]]],[[[109.528,-0.999],[109.458,-1.004],[109.449,-1.107],[109.406,-1.245],[109.427,-1.292],[109.497,-1.31],[109.542,-1.273],[109.664,-1.217],[109.78,-1.144],[109.756,-1.022],[109.687,-1.018],[109.596,-0.981],[109.528,-0.999]]],[[[110.068,-1.368],[110.161,-1.327],[110.271,-1.304],[110.353,-1.236],[110.441,-1.234],[110.462,-1.166],[110.457,-1.126],[110.416,-1.103],[110.353,-0.874],[110.219,-0.861],[110.127,-0.79],[110.057,-0.76],[109.932,-0.752],[109.894,-0.822],[109.803,-0.867],[109.729,-0.92],[109.732,-0.988],[109.819,-1.092],[109.94,-1.124],[109.908,-1.209],[109.962,-1.277],[110.022,-1.292],[110.068,-1.368]]]]},"properties":{"kode_bps":"6111"}},
{"type":"Feature","geometry":{"type":"MultiPolygon","coordinates":[[[[109.251,-0.662],[109.24,-0.817],[109.33,-0.919],[109.406,-0.933],[109.456,-0.866],[109.584,-0.898],[109.613,-0.972],[109.682,-1.014],[109.721,-0.974],[109.721,-0.914],[109.746,-0.9],[109.676,-0.832],[109.553,-0.744],[109.467,-0.755],[109.394,-0.707],[109.306,-0.702],[109.251,-0.662]]],[[[109.127,-0.202],[109.059,-0.213],[109.058,-0.273],[109.117,-0.257],[109.132,-0.236],[109.127,-0.202]]],[[[109.932,-0.752],[109.825,-0.672],[109.819,-0.682],[109.81,-0.668],[109.816,-0.641],[109.86,-0.611],[109.881,-0.586],[109.885,-0.554],[109.947,-0.499],[109.946,-0.444],[109.972,-0.433],[109.927,-0.413],[109.921,-0.402],[109.923,-0.357],[109.948,-0.346],[109.966,-0.281],[109.942,-0.225],[109.939,-0.143],[109.904,-0.107],[109.848,-0.046],[109.856,0.025],[109.864,0.038],[109.869,0.086],[109.75,0.093],[109.656,0.056],[109.633,0.05],[109.614,0.036],[109.605,0.036],[109.549,-0.01],[109.508,0.008],[109.495,0.09],[109.494,0.23],[109.447,0.255],[109.384,0.255],[109.351,0.207],[109.364,0.047],[109.369,0.01],[109.377,-0.021],[109.371,-0.036],[109.384,-0.052],[109.366,-0.061],[109.317,-0.075],[109.287,0.002],[109.181,0.033],[109.159,-0.039],[109.188,-0.091],[109.182,-0.197],[109.198,-0.221],[109.133,-0.238],[109.12,-0.26],[109.089,-0.274],[109.117,-0.437],[109.114,-0.503],[109.148,-0.568],[109.202,-0.551],[109.25,-0.605],[109.374,-0.585],[109.415,-0.631],[109.475,-0.616],[109.583,-0.678],[109.657,-0.671],[109.696,-0.72],[109.635,-0.797],[109.713,-0.829],[109.75,-0.875],[109.803,-0.867],[109.894,-0.822],[109.932,-0.752]]]]},"properties":{"kode_bps":"6112"}},
{"type":"Feature","geometry":{"type":"MultiPolygon","coordinates":[[[[109.366,-0.061],[109.287,0.002],[109.317,-0.075],[109.366,-0.061]]],[[[109.371,0.021],[109.309,0.038],[109.297,0.03],[109.377,-0.021],[109.371,0.021]]]]},"properties":{"kode_bps":"6171"}},
{"type":"Feature","geometry":{"type":"Polygon","coordinates":[[[109.157,0.903],[109.174,0.979],[109.13,1.018],[109.063,0.99],[108.979,0.989],[108.949,0.899],[108.874,0.841],[108.971,0.777],[109.036,0.779],[109.046,0.839],[109.157,0.903]]]},"properties":{"kode_bps":"6172"}},
{"type":"Feature","geometry":{"type":"Polygon","coordinates":[[[111.819,-3.534],[111.933,-3.312],[111.995,-3.132],[112.047,-3.007],[112.055,-2.889],[111.989,-2.809],[111.971,-2.738],[112.004,-2.621],[112.015,-2.529],[112.059,-2.409],[112.025,-2.301],[111.991,-2.289],[111.99,-2.187],[112.021,-2.095],[112.091,-2.001],[112.074,-1.965],[111.991,-1.898],[111.963,-1.85],[111.953,-1.809],[111.963,-1.777],[111.906,-1.717],[111.888,-1.658],[111.862,-1.617],[111.836,-1.595],[111.797,-1.563],[111.809,-1.583],[111.822,-1.739],[111.82,-1.874],[111.791,-1.972],[111.712,-2.128],[111.607,-2.235],[111.603,-2.306],[111.438,-2.313],[111.408,-2.301],[111.368,-2.263],[111.274,-2.336],[111.284,-2.373],[111.279,-2.542],[111.302,-2.618],[111.4,-2.653],[111.383,-2.735],[111.38,-2.877],[111.362,-2.908],[111.413,-2.904],[111.486,-2.943],[111.56,-3.007],[111.69,-2.942],[111.669,-2.894],[111.718,-2.847],[111.814,-3.001],[111.825,-3.053],[111.798,-3.204],[111.82,-3.375],[111.775,-3.507],[111.819,-3.534]]]},"properties":{"kode_bps":"6201"}},
{"type":"Feature","geometry":{"type":"Polygon","coordinates":[[[112.128,-1.313],[112.133,-1.412],[112.112,-1.495],[112.079,-1.544],[112.073,-1.599],[112.09,-1.644],[112.251,-1.831],[112.285,-1.975],[112.284,-2.095],[112.334,-2.181],[112.373,-2.197],[112.408,-2.267],[112.435,-2.391],[112.459,-2.405],[112.481,-2.581],[112.607,-2.683],[112.688,-2.722],[112.871,-2.831],[112.81,-3.043],[112.874,-3.265],[112.936,-3.228],[112.963,-3.145],[112.945,-3.102],[113.014,-3.029],[113.088,-3.034],[113.157,-3.064],[113.167,-3.018],[113.098,-2.8],[113.091,-2.673],[113.203,-2.499],[113.213,-2.449],[113.172,-2.322],[113.196,-2.248],[113.247,-2.186],[113.231,-2.103],[113.282,-2.046],[113.28,-1.966],[113.196,-1.926],[113.196,-1.856],[113.097,-1.795],[113.027,-1.768],[112.981,-1.705],[112.864,-1.593],[112.841,-1.432],[112.744,-1.303],[112.597,-1.207],[112.523,-1.195],[112.393,-1.215],[112.289,-1.286],[112.128,-1.313]]]},"properties":{"kode_bps":"6202"}},
{"type":"Feature","geometry":{"type":"Polygon","coordinates":[[[114.792,-2.624],[114.698,-2.572],[114.757,-2.491],[114.703,-2.48],[114.655,-2.56],[114.554,-2.546],[114.716,-2.144],[114.706,-2.04],[114.621,-1.95],[114.637,-1.788],[114.599,-1.678],[114.675,-1.521],[114.662,-1.426],[114.668,-1.317],[114.701,-1.252],[114.711,-1.165],[114.679,-1.139],[114.541,-1.138],[114.499,-1.111],[114.457,-1.035],[114.459,-0.989],[114.502,-0.916],[114.569,-0.858],[114.424,-0.833],[114.27,-0.865],[114.228,-0.859],[114.134,-0.783],[114.061,-0.541],[113.991,-0.381],[113.928,-0.405],[113.929,-0.458],[113.826,-0.453],[113.761,-0.484],[113.737,-0.601],[113.671,-0.679],[113.65,-0.738],[113.679,-0.774],[113.723,-0.888],[113.763,-0.938],[113.934,-1.003],[113.973,-1.045],[113.969,-1.112],[113.997,-1.23],[114.008,-1.475],[113.969,-1.542],[113.992,-1.579],[113.971,-1.673],[113.981,-1.694],[113.989,-1.797],[114.033,-1.924],[114.117,-2],[114.137,-2.065],[114.134,-2.219],[114.252,-2.294],[114.276,-2.332],[114.318,-2.524],[114.335,-2.718],[114.349,-2.735],[114.287,-2.793],[114.265,-2.911],[114.223,-2.953],[114.284,-3.043],[114.227,-3.194],[114.204,-3.188],[114.132,-3.382],[114.255,-3.403],[114.321,-3.455],[114.354,-3.442],[114.349,-3.348],[114.375,-3.287],[114.436,-3.242],[114.423,-3.18],[114.546,-3.068],[114.507,-2.999],[114.55,-2.943],[114.597,-2.816],[114.679,-2.782],[114.718,-2.74],[114.763,-2.72],[114.792,-2.624]]]},"properties":{"kode_bps":"6203"}},
{"type":"Feature","geometry":{"type":"Polygon","coordinates":[[[114.861,-2.522],[114.915,-2.459],[115.003,-2.4],[114.918,-2.223],[114.934,-2.178],[114.931,-2.096],[114.963,-1.951],[114.956,-1.89],[114.971,-1.796],[115.034,-1.692],[115.131,-1.649],[115.268,-1.63],[115.416,-1.644],[115.447,-1.565],[115.507,-1.473],[115.515,-1.448],[115.472,-1.413],[115.456,-1.355],[115.412,-1.329],[115.237,-1.333],[115.162,-1.307],[114.99,-1.32],[114.852,-1.36],[114.668,-1.317],[114.662,-1.426],[114.675,-1.521],[114.599,-1.678],[114.637,-1.788],[114.621,-1.95],[114.706,-2.04],[114.716,-2.144],[114.554,-2.546],[114.655,-2.56],[114.703,-2.48],[114.757,-2.491],[114.698,-2.572],[114.792,-2.624],[114.801,-2.586],[114.836,-2.56],[114.861,-2.522]]]},"properties":{"kode_bps":"6204"}},
{"type":"Feature","geometry":{"type":"Polygon","coordinates":[[[115.515,-1.448],[115.524,-1.43],[115.576,-1.381],[115.668,-1.335],[115.709,-1.339],[115.754,-1.315],[115.755,-1.28],[115.772,-1.229],[115.847,-1.157],[115.8,-1.115],[115.757,-1.135],[115.743,-1.096],[115.664,-1.036],[115.66,-1],[115.566,-0.933],[115.505,-0.856],[115.403,-0.827],[115.367,-0.749],[115.354,-0.583],[115.299,-0.497],[115.246,-0.452],[115.253,-0.412],[115.222,-0.307],[115.238,-0.236],[115.315,-0.101],[115.297,-0.054],[115.298,-0.032],[115.262,-0.047],[115.182,-0.094],[115.146,-0.138],[115.119,-0.147],[115.105,-0.145],[115.067,-0.166],[115.054,-0.247],[115.052,-0.367],[115.031,-0.405],[115.043,-0.512],[114.908,-0.707],[114.874,-0.736],[114.723,-0.751],[114.67,-0.776],[114.502,-0.916],[114.459,-0.989],[114.457,-1.035],[114.499,-1.111],[114.541,-1.138],[114.679,-1.139],[114.711,-1.165],[114.701,-1.252],[114.668,-1.317],[114.852,-1.36],[114.99,-1.32],[115.162,-1.307],[115.237,-1.333],[115.412,-1.329],[115.456,-1.355],[115.472,-1.413],[115.515,-1.448]]]},"properties":{"kode_bps":"6205"}},
{"type":"Feature","geometry":{"type":"Polygon","coordinates":[[[110.755,-2.942],[110.919,-3.046],[110.983,-3.066],[111.111,-3.029],[111.267,-2.943],[111.362,-2.908],[111.38,-2.877],[111.383,-2.735],[111.4,-2.653],[111.302,-2.618],[111.279,-2.542],[111.284,-2.373],[111.274,-2.336],[111.368,-2.263],[111.382,-2.281],[111.391,-2.267],[111.386,-2.198],[111.355,-2.152],[111.293,-2.149],[111.201,-2.1],[111.203,-2.075],[111.167,-2.054],[111.066,-2.118],[111.079,-2.161],[111.032,-2.241],[111.07,-2.3],[111.103,-2.424],[111.136,-2.611],[111.166,-2.674],[111.146,-2.741],[111.012,-2.795],[110.967,-2.858],[110.889,-2.872],[110.794,-2.909],[110.755,-2.942]]]},"properties":{"kode_bps":"6206"}},
{"type":"Feature","geometry":{"type":"Polygon","coordinates":[[[111.066,-2.118],[111.157,-2.056],[111.179,-2.056],[111.203,-2.075],[111.201,-2.1],[111.293,-2.149],[111.355,-2.152],[111.386,-2.198],[111.391,-2.267],[111.382,-2.281],[111.408,-2.301],[111.438,-2.313],[111.603,-2.306],[111.607,-2.235],[111.712,-2.128],[111.791,-1.972],[111.82,-1.874],[111.822,-1.739],[111.809,-1.583],[111.797,-1.563],[111.781,-1.554],[111.736,-1.501],[111.607,-1.414],[111.518,-1.42],[111.447,-1.393],[111.394,-1.327],[111.332,-1.334],[111.26,-1.416],[111.163,-1.433],[111.129,-1.473],[111.119,-1.553],[111.06,-1.536],[111.013,-1.563],[110.9,-1.592],[110.854,-1.636],[110.901,-1.713],[110.974,-1.669],[111.006,-1.727],[111.014,-1.778],[110.975,-1.878],[111.083,-2.045],[111.059,-2.063],[111.066,-2.118]]]},"properties":{"kode_bps":"6207"}},
{"type":"Feature","geometry":{"type":"Polygon","coordinates":[[[112.152,-0.729],[112.109,-0.702],[111.994,-0.8],[111.922,-0.794],[111.918,-0.841],[111.825,-0.911],[111.75,-0.913],[111.64,-0.972],[111.624,-1.065],[111.568,-1.11],[111.558,-1.201],[111.495,-1.213],[111.446,-1.224],[111.384,-1.28],[111.394,-1.327],[111.447,-1.393],[111.518,-1.42],[111.607,-1.414],[111.736,-1.501],[111.781,-1.554],[111.836,-1.595],[111.862,-1.617],[111.888,-1.658],[111.906,-1.717],[111.963,-1.777],[111.955,-1.822],[111.991,-1.898],[112.074,-1.965],[112.091,-2.001],[112.021,-2.095],[111.99,-2.187],[111.991,-2.289],[112.025,-2.301],[112.059,-2.409],[112.015,-2.529],[112.004,-2.621],[111.971,-2.738],[111.989,-2.809],[112.055,-2.889],[112.047,-3.007],[111.995,-3.132],[111.933,-3.312],[111.819,-3.534],[111.907,-3.538],[111.992,-3.466],[112.186,-3.34],[112.309,-3.311],[112.381,-3.332],[112.535,-3.441],[112.637,-3.406],[112.685,-3.362],[112.874,-3.265],[112.81,-3.043],[112.871,-2.831],[112.688,-2.722],[112.607,-2.683],[112.481,-2.581],[112.459,-2.405],[112.435,-2.391],[112.408,-2.267],[112.373,-2.197],[112.334,-2.181],[112.284,-2.095],[112.285,-1.975],[112.251,-1.831],[112.09,-1.644],[112.073,-1.599],[112.079,-1.544],[112.112,-1.495],[112.133,-1.412],[112.099,-0.99],[112.181,-0.796],[112.152,-0.729]]]},"properties":{"kode_bps":"6208"}},
{"type":"Feature","geometry":{"type":"Polygon","coordinates":[[[113.206,-0.562],[113.211,-0.506],[113.15,-0.449],[113.059,-0.509],[113.024,-0.475],[112.787,-0.585],[112.745,-0.572],[112.687,-0.657],[112.644,-0.676],[112.578,-0.681],[112.498,-0.698],[112.463,-0.672],[112.431,-0.671],[112.388,-0.714],[112.315,-0.723],[112.274,-0.647],[112.235,-0.617],[112.178,-0.643],[112.175,-0.726],[112.152,-0.729],[112.181,-0.796],[112.099,-0.99],[112.128,-1.313],[112.289,-1.286],[112.393,-1.215],[112.523,-1.195],[112.597,-1.207],[112.744,-1.303],[112.841,-1.432],[112.864,-1.593],[112.981,-1.705],[113.027,-1.768],[113.097,-1.795],[113.196,-1.856],[113.196,-1.926],[113.28,-1.966],[113.282,-2.046],[113.231,-2.103],[113.247,-2.186],[113.196,-2.248],[113.172,-2.322],[113.213,-2.449],[113.203,-2.499],[113.091,-2.673],[113.098,-2.8],[113.167,-3.018],[113.157,-3.064],[113.345,-3.281],[113.429,-3.235],[113.45,-3.19],[113.538,-3.163],[113.593,-3.167],[113.629,-3.133],[113.647,-3.002],[113.639,-2.929],[113.578,-2.82],[113.583,-2.741],[113.763,-2.399],[113.753,-2.333],[113.697,-2.257],[113.695,-2.087],[113.623,-1.991],[113.594,-1.919],[113.506,-1.823],[113.489,-1.786],[113.482,-1.685],[113.483,-1.603],[113.361,-1.526],[113.199,-1.284],[113.187,-1.214],[113.233,-1.129],[113.229,-1.072],[113.092,-0.935],[113.02,-0.885],[113.032,-0.814],[113.131,-0.692],[113.206,-0.562]]]},"properties":{"kode_bps":"6209"}},
{"type":"Feature","geometry":{"type":"Polygon","coordinates":[[[113.827,-1.631],[113.805,-1.741],[113.823,-1.84],[113.815,-1.956],[113.831,-2.004],[113.938,-2.164],[114.107,-2.198],[114.085,-2.251],[114.03,-2.292],[114.027,-2.397],[113.763,-2.399],[113.583,-2.741],[113.578,-2.82],[113.639,-2.929],[113.647,-3.002],[113.629,-3.133],[113.593,-3.167],[113.626,-3.242],[113.632,-3.321],[113.581,-3.442],[113.631,-3.466],[113.735,-3.467],[113.821,-3.45],[113.962,-3.365],[114.076,-3.346],[114.132,-3.382],[114.204,-3.188],[114.227,-3.194],[114.284,-3.043],[114.223,-2.953],[114.265,-2.911],[114.287,-2.793],[114.349,-2.735],[114.335,-2.716],[114.318,-2.524],[114.276,-2.332],[114.252,-2.294],[114.134,-2.219],[114.137,-2.065],[114.117,-2],[114.033,-1.924],[113.999,-1.833],[113.984,-1.76],[113.981,-1.694],[113.971,-1.673],[113.992,-1.579],[113.983,-1.556],[113.969,-1.542],[113.914,-1.575],[113.888,-1.617],[113.827,-1.631]]]},"properties":{"kode_bps":"6210"}},
{"type":"Feature","geometry":{"type":"Polygon","coordinates":[[[113.761,-0.484],[113.714,-0.411],[113.596,-0.384],[113.442,-0.303],[113.365,-0.319],[113.265,-0.42],[113.264,-0.442],[113.25,-0.447],[113.23,-0.476],[113.206,-0.562],[113.152,-0.656],[113.076,-0.766],[113.032,-0.814],[113.02,-0.885],[113.092,-0.935],[113.229,-1.072],[113.233,-1.129],[113.187,-1.214],[113.199,-1.284],[113.361,-1.526],[113.483,-1.603],[113.492,-1.658],[113.519,-1.671],[113.737,-1.624],[113.82,-1.632],[113.888,-1.617],[113.914,-1.575],[113.97,-1.542],[114.008,-1.475],[113.997,-1.23],[113.969,-1.112],[113.973,-1.045],[113.934,-1.003],[113.763,-0.938],[113.723,-0.888],[113.679,-0.774],[113.65,-0.738],[113.671,-0.679],[113.737,-0.601],[113.761,-0.484]]]},"properties":{"kode_bps":"6211"}},
{"type":"Feature","geometry":{"type":"Polygon","coordinates":[[[115.003,-2.4],[115.254,-2.239],[115.241,-2.196],[115.291,-2.226],[115.33,-2.163],[115.322,-2.072],[115.408,-2.058],[115.417,-1.912],[115.409,-1.9],[115.397,-1.9],[115.354,-1.832],[115.366,-1.807],[115.38,-1.797],[115.382,-1.719],[115.416,-1.644],[115.268,-1.63],[115.131,-1.649],[115.034,-1.692],[114.971,-1.796],[114.956,-1.89],[114.963,-1.951],[114.931,-2.096],[114.934,-2.178],[114.918,-2.218],[115.003,-2.4]]]},"properties":{"kode_bps":"6212"}},
{"type":"Feature","geometry":{"type":"Polygon","coordinates":[[[115.067,-0.166],[114.992,-0.186],[114.951,-0.19],[114.93,-0.161],[114.893,-0.026],[114.895,0.04],[114.861,0.054],[114.836,0.075],[114.814,0.067],[114.794,0.085],[114.793,0.119],[114.901,0.316],[114.944,0.334],[115.055,0.318],[115.129,0.375],[115.133,0.432],[115.072,0.517],[115.011,0.607],[114.982,0.735],[114.958,0.762],[114.916,0.778],[114.91,0.767],[114.862,0.737],[114.782,0.727],[114.665,0.703],[114.618,0.641],[114.54,0.62],[114.435,0.543],[114.41,0.495],[114.322,0.541],[114.245,0.521],[114.203,0.54],[114.177,0.64],[114.091,0.698],[114.004,0.656],[113.88,0.66],[113.843,0.666],[113.802,0.606],[113.775,0.566],[113.694,0.518],[113.657,0.439],[113.586,0.405],[113.514,0.321],[113.458,0.276],[113.423,0.263],[113.349,0.278],[113.317,0.271],[113.271,0.241],[113.325,0.18],[113.421,0.122],[113.41,0.05],[113.44,0.014],[113.437,-0.058],[113.423,-0.096],[113.414,-0.159],[113.353,-0.224],[113.288,-0.245],[113.228,-0.328],[113.262,-0.392],[113.265,-0.42],[113.365,-0.319],[113.442,-0.303],[113.596,-0.384],[113.714,-0.411],[113.761,-0.484],[113.826,-0.453],[113.929,-0.458],[113.928,-0.405],[113.991,-0.381],[114.061,-0.541],[114.134,-0.783],[114.228,-0.859],[114.246,-0.867],[114.424,-0.833],[114.569,-0.858],[114.67,-0.776],[114.723,-0.751],[114.874,-0.736],[114.946,-0.659],[115.043,-0.512],[115.031,-0.405],[115.052,-0.367],[115.054,-0.247],[115.067,-0.166]]]},"properties":{"kode_bps":"6213"}},
{"type":"Feature","geometry":{"type":"Polygon","coordinates":[[[113.492,-1.658],[113.482,-1.685],[113.489,-1.786],[113.506,-1.823],[113.594,-1.919],[113.623,-1.991],[113.695,-2.087],[113.697,-2.257],[113.753,-2.333],[113.763,-2.399],[114.027,-2.397],[114.03,-2.292],[114.085,-2.251],[114.107,-2.198],[113.938,-2.164],[113.831,-2.004],[113.815,-1.956],[113.823,-1.84],[113.805,-1.741],[113.827,-1.631],[113.737,-1.624],[113.519,-1.671],[113.492,-1.658]]]},"properties":{"kode_bps":"6271"}},
{"type":"Feature","geometry":{"type":"Polygon","coordinates":[[[114.957,-3.614],[114.894,-3.574],[114.89,-3.551],[114.832,-3.523],[114.762,-3.509],[114.559,-3.555],[114.604,-3.621],[114.623,-3.711],[114.603,-3.806],[114.637,-4.019],[114.631,-4.17],[114.72,-4.165],[115.021,-4.006],[115.377,-3.859],[115.367,-3.818],[115.28,-3.679],[115.247,-3.596],[115.188,-3.61],[114.957,-3.731],[114.935,-3.688],[114.957,-3.614]]]},"properties":{"kode_bps":"6301"}},
{"type":"Feature","geometry":{"type":"MultiPolygon","coordinates":[[[[116.411,-3.362],[116.345,-3.452],[116.313,-3.555],[116.399,-3.627],[116.408,-3.527],[116.435,-3.422],[116.411,-3.362]]],[[[116.057,-4.004],[116.097,-4.055],[116.143,-4.035],[116.203,-3.96],[116.276,-3.906],[116.315,-3.773],[116.299,-3.709],[116.306,-3.59],[116.274,-3.528],[116.314,-3.503],[116.306,-3.446],[116.249,-3.375],[116.274,-3.283],[116.236,-3.224],[116.119,-3.302],[116.077,-3.419],[116.039,-3.481],[116.047,-3.544],[116.01,-3.612],[116.006,-3.682],[116.081,-3.825],[116.057,-4.004]]],[[[115.804,-2.504],[115.878,-2.527],[115.888,-2.615],[115.829,-2.606],[115.764,-2.659],[115.725,-2.659],[115.72,-2.682],[115.693,-2.71],[115.597,-2.735],[115.587,-2.778],[115.556,-2.834],[115.572,-2.852],[115.596,-2.892],[115.547,-2.94],[115.512,-3.029],[115.56,-3.048],[115.568,-3.069],[115.638,-3.057],[115.712,-3.115],[115.765,-3.192],[115.934,-3.153],[115.951,-3.192],[116.041,-3.262],[116.092,-3.283],[116.176,-3.251],[116.168,-3.166],[116.268,-3.11],[116.17,-3.059],[116.105,-2.917],[116.132,-2.886],[116.205,-2.936],[116.22,-3.007],[116.271,-3.003],[116.36,-2.86],[116.366,-2.673],[116.391,-2.585],[116.356,-2.55],[116.527,-2.497],[116.559,-2.405],[116.455,-2.371],[116.255,-2.335],[116.227,-2.309],[116.148,-2.32],[115.97,-2.322],[115.944,-2.342],[115.887,-2.375],[115.872,-2.372],[115.817,-2.414],[115.804,-2.504]]]]},"properties":{"kode_bps":"6302"}},
{"type":"Feature","geometry":{"type":"Polygon","coordinates":[[[115.572,-2.852],[115.545,-2.832],[115.507,-2.885],[115.477,-2.941],[115.435,-2.976],[115.412,-2.983],[115.388,-2.978],[115.346,-2.966],[115.279,-2.996],[115.22,-3.038],[115.169,-3.116],[115.242,-3.135],[115.204,-3.212],[115.089,-3.183],[114.828,-3.015],[114.83,-3.074],[114.816,-3.2],[114.768,-3.227],[114.639,-3.276],[114.628,-3.312],[114.633,-3.347],[114.586,-3.382],[114.549,-3.374],[114.522,-3.363],[114.511,-3.379],[114.507,-3.395],[114.52,-3.439],[114.512,-3.464],[114.514,-3.542],[114.704,-3.513],[114.698,-3.459],[114.741,-3.371],[114.807,-3.419],[114.93,-3.446],[114.918,-3.573],[114.957,-3.614],[114.935,-3.688],[114.957,-3.731],[115.188,-3.61],[115.237,-3.604],[115.311,-3.55],[115.38,-3.506],[115.407,-3.444],[115.43,-3.363],[115.46,-3.329],[115.411,-3.239],[115.422,-3.159],[115.494,-3.125],[115.562,-3.06],[115.56,-3.048],[115.512,-3.029],[115.547,-2.94],[115.596,-2.892],[115.572,-2.852]]]},"properties":{"kode_bps":"6303"}},
{"type":"Feature","geometry":{"type":"Polygon","coordinates":[[[114.354,-3.442],[114.429,-3.5],[114.503,-3.515],[114.511,-3.538],[114.52,-3.434],[114.507,-3.389],[114.561,-3.316],[114.569,-3.267],[114.625,-3.285],[114.768,-3.227],[114.816,-3.2],[114.83,-3.074],[114.828,-3.015],[114.815,-3.007],[114.803,-2.941],[114.84,-2.871],[114.804,-2.742],[114.861,-2.522],[114.836,-2.56],[114.796,-2.596],[114.791,-2.672],[114.763,-2.72],[114.718,-2.74],[114.679,-2.782],[114.597,-2.816],[114.55,-2.943],[114.507,-2.999],[114.546,-3.068],[114.423,-3.18],[114.436,-3.242],[114.375,-3.287],[114.349,-3.348],[114.354,-3.442]]]},"properties":{"kode_bps":"6304"}},
{"type":"Feature","geometry":{"type":"Polygon","coordinates":[[[115.507,-2.885],[115.479,-2.873],[115.385,-2.904],[115.322,-2.936],[115.267,-2.896],[115.095,-2.829],[115.074,-2.787],[114.997,-2.756],[114.862,-2.524],[114.804,-2.742],[114.84,-2.871],[114.803,-2.941],[114.815,-3.007],[115.089,-3.183],[115.204,-3.212],[115.242,-3.135],[115.169,-3.116],[115.22,-3.038],[115.279,-2.996],[115.346,-2.966],[115.388,-2.978],[115.412,-2.983],[115.435,-2.976],[115.477,-2.941],[115.507,-2.885]]]},"properties":{"kode_bps":"6305"}},
{"type":"Feature","geometry":{"type":"Polygon","coordinates":[[[115.545,-2.832],[115.573,-2.811],[115.589,-2.773],[115.599,-2.722],[115.548,-2.729],[115.496,-2.718],[115.438,-2.782],[115.358,-2.716],[115.25,-2.679],[115.172,-2.636],[115.178,-2.555],[114.998,-2.499],[114.915,-2.519],[114.891,-2.515],[114.866,-2.532],[114.997,-2.756],[115.074,-2.787],[115.095,-2.829],[115.267,-2.896],[115.322,-2.936],[115.385,-2.904],[115.479,-2.873],[115.545,-2.832]]]},"properties":{"kode_bps":"6306"}},
{"type":"Feature","geometry":{"type":"Polygon","coordinates":[[[115.519,-2.467],[115.402,-2.441],[115.349,-2.483],[115.285,-2.524],[115.178,-2.555],[115.172,-2.636],[115.25,-2.679],[115.358,-2.716],[115.438,-2.782],[115.496,-2.718],[115.548,-2.729],[115.599,-2.722],[115.597,-2.735],[115.663,-2.723],[115.706,-2.702],[115.725,-2.659],[115.764,-2.659],[115.829,-2.606],[115.888,-2.615],[115.878,-2.527],[115.804,-2.504],[115.759,-2.569],[115.699,-2.572],[115.686,-2.514],[115.616,-2.505],[115.519,-2.467]]]},"properties":{"kode_bps":"6307"}},
{"type":"Feature","geometry":{"type":"Polygon","coordinates":[[[115.356,-2.342],[115.251,-2.354],[115.154,-2.305],[114.915,-2.459],[114.861,-2.522],[114.866,-2.532],[114.891,-2.515],[114.915,-2.519],[114.998,-2.499],[115.178,-2.555],[115.285,-2.524],[115.349,-2.483],[115.359,-2.421],[115.316,-2.397],[115.356,-2.342]]]},"properties":{"kode_bps":"6308"}},
{"type":"Feature","geometry":{"type":"Polygon","coordinates":[[[115.712,-2.007],[115.711,-1.98],[115.719,-1.927],[115.727,-1.804],[115.665,-1.71],[115.669,-1.631],[115.639,-1.609],[115.655,-1.512],[115.679,-1.456],[115.724,-1.373],[115.754,-1.315],[115.709,-1.339],[115.668,-1.335],[115.576,-1.381],[115.524,-1.43],[115.507,-1.473],[115.447,-1.565],[115.399,-1.675],[115.382,-1.719],[115.38,-1.797],[115.366,-1.807],[115.354,-1.832],[115.397,-1.9],[115.409,-1.9],[115.417,-1.912],[115.408,-2.058],[115.322,-2.072],[115.33,-2.163],[115.291,-2.226],[115.241,-2.196],[115.254,-2.239],[115.154,-2.305],[115.251,-2.354],[115.356,-2.342],[115.401,-2.301],[115.492,-2.25],[115.518,-2.208],[115.64,-2.15],[115.702,-2.069],[115.712,-2.007]]]},"properties":{"kode_bps":"6309"}},
{"type":"Feature","geometry":{"type":"Polygon","coordinates":[[[115.247,-3.596],[115.28,-3.679],[115.367,-3.818],[115.367,-3.847],[115.376,-3.861],[115.478,-3.81],[115.713,-3.733],[115.833,-3.631],[115.97,-3.607],[116.014,-3.484],[116.007,-3.433],[116.031,-3.364],[116.087,-3.281],[116.041,-3.262],[115.951,-3.192],[115.934,-3.153],[115.765,-3.192],[115.712,-3.115],[115.638,-3.057],[115.568,-3.069],[115.562,-3.06],[115.494,-3.125],[115.422,-3.159],[115.411,-3.239],[115.46,-3.329],[115.43,-3.363],[115.407,-3.444],[115.38,-3.506],[115.311,-3.55],[115.247,-3.596]]]},"properties":{"kode_bps":"6310"}},
{"type":"Feature","geometry":{"type":"Polygon","coordinates":[[[115.85,-2.389],[115.836,-2.287],[115.801,-2.211],[115.804,-2.038],[115.725,-2.026],[115.729,-1.979],[115.712,-2.007],[115.702,-2.069],[115.64,-2.15],[115.518,-2.208],[115.492,-2.25],[115.401,-2.301],[115.316,-2.397],[115.359,-2.421],[115.519,-2.467],[115.616,-2.505],[115.686,-2.514],[115.699,-2.572],[115.759,-2.569],[115.804,-2.504],[115.817,-2.414],[115.85,-2.389]]]},"properties":{"kode_bps":"6311"}},
{"type":"Feature","geometry":{"type":"Polygon","coordinates":[[[114.639,-3.276],[114.625,-3.285],[114.569,-3.267],[114.561,-3.316],[114.522,-3.363],[114.549,-3.374],[114.586,-3.382],[114.633,-3.347],[114.628,-3.312],[114.639,-3.276]]]},"properties":{"kode_bps":"6371"}},
{"type":"Feature","geometry":{"type":"Polygon","coordinates":[[[114.704,-3.513],[114.762,-3.509],[114.832,-3.523],[114.89,-3.551],[114.894,-3.574],[114.918,-3.573],[114.93,-3.446],[114.807,-3.419],[114.741,-3.371],[114.698,-3.459],[114.704,-3.513]]]},"properties":{"kode_bps":"6372"}},
{"type":"Feature","geometry":{"type":"Polygon","coordinates":[[[115.85,-2.389],[115.872,-2.372],[115.887,-2.375],[115.944,-2.342],[115.97,-2.322],[116.148,-2.32],[116.227,-2.309],[116.255,-2.335],[116.455,-2.371],[116.559,-2.405],[116.597,-2.203],[116.537,-2.201],[116.502,-2.109],[116.463,-2.133],[116.389,-2.129],[116.394,-2.083],[116.46,-2.057],[116.457,-1.92],[116.443,-1.874],[116.45,-1.77],[116.373,-1.763],[116.264,-1.81],[116.28,-1.736],[116.446,-1.65],[116.552,-1.605],[116.387,-1.544],[116.335,-1.334],[116.344,-1.245],[116.378,-1.199],[116.371,-1.144],[116.454,-1.044],[116.442,-0.97],[116.361,-0.993],[116.312,-1.048],[116.255,-1.051],[116.219,-1.118],[116.139,-1.153],[116.094,-1.086],[116.052,-1.114],[115.962,-1.097],[115.899,-1.113],[115.847,-1.09],[115.813,-1.105],[115.803,-1.118],[115.843,-1.151],[115.847,-1.163],[115.772,-1.229],[115.755,-1.28],[115.758,-1.307],[115.744,-1.36],[115.724,-1.373],[115.679,-1.456],[115.655,-1.512],[115.639,-1.609],[115.669,-1.631],[115.665,-1.71],[115.727,-1.804],[115.719,-1.927],[115.711,-1.98],[115.729,-1.979],[115.725,-2.026],[115.804,-2.038],[115.801,-2.211],[115.836,-2.287],[115.85,-2.389]]]},"properties":{"kode_bps":"6401"}},
{"type":"Feature","geometry":{"type":"Polygon","coordinates":[[[115.803,-1.118],[115.813,-1.105],[115.847,-1.09],[115.899,-1.113],[115.962,-1.097],[116.052,-1.114],[116.094,-1.086],[116.139,-1.153],[116.219,-1.118],[116.255,-1.051],[116.312,-1.048],[116.361,-0.993],[116.439,-0.974],[116.468,-0.939],[116.488,-0.884],[116.505,-0.839],[116.522,-0.775],[116.444,-0.727],[116.35,-0.572],[116.333,-0.488],[116.292,-0.448],[116.276,-0.425],[116.32,-0.3],[116.255,-0.29],[116.072,-0.165],[115.982,-0.065],[115.973,-0.028],[116.028,0.059],[115.923,0.138],[115.896,0.213],[115.797,0.185],[115.777,0.149],[115.615,0.152],[115.472,0.138],[115.441,0.042],[115.374,0.032],[115.305,-0.037],[115.297,-0.054],[115.315,-0.101],[115.238,-0.236],[115.222,-0.307],[115.253,-0.412],[115.246,-0.452],[115.299,-0.497],[115.354,-0.583],[115.367,-0.749],[115.403,-0.827],[115.505,-0.856],[115.566,-0.933],[115.66,-1],[115.664,-1.036],[115.743,-1.096],[115.757,-1.135],[115.803,-1.118]]]},"properties":{"kode_bps":"6402"}},
{"type":"Feature","geometry":{"type":"MultiPolygon","coordinates":[[[[117.46,-0.703],[117.522,-0.776],[117.597,-0.785],[117.591,-0.736],[117.515,-0.736],[117.46,-0.703]]],[[[117.329,-0.767],[117.292,-0.782],[117.328,-0.904],[117.393,-0.877],[117.329,-0.767]]],[[[117.573,-0.51],[117.505,-0.526],[117.514,-0.602],[117.578,-0.578],[117.573,-0.51]]],[[[117.524,-0.351],[117.469,-0.418],[117.516,-0.435],[117.524,-0.351]]],[[[117.512,0.017],[117.369,0.021],[117.434,-0.021],[117.458,-0.051],[117.511,-0.029],[117.512,0.017]]],[[[116.929,-1.106],[117.022,-1.141],[117.065,-1.106],[117.17,-0.953],[117.249,-0.907],[117.254,-0.811],[117.282,-0.791],[117.304,-0.683],[117.272,-0.6],[117.235,-0.653],[117.194,-0.676],[117.182,-0.706],[117.152,-0.685],[117.139,-0.687],[117.142,-0.619],[117.075,-0.59],[117.047,-0.517],[117.049,-0.486],[117.065,-0.442],[117.123,-0.409],[117.145,-0.35],[117.17,-0.338],[117.193,-0.315],[117.208,-0.313],[117.239,-0.339],[117.244,-0.367],[117.303,-0.383],[117.262,-0.481],[117.256,-0.556],[117.281,-0.577],[117.369,-0.569],[117.412,-0.54],[117.455,-0.455],[117.429,-0.397],[117.453,-0.356],[117.427,-0.277],[117.487,-0.044],[117.456,-0.055],[117.421,-0.015],[117.348,0.027],[117.338,0.049],[117.286,0.032],[117.17,0.105],[117.148,0.144],[117.184,0.284],[117.18,0.323],[117.041,0.501],[116.992,0.614],[116.951,0.597],[116.93,0.488],[116.944,0.375],[116.849,0.222],[116.739,0.095],[116.715,0.016],[116.475,0.027],[116.491,0.121],[116.493,0.269],[116.453,0.354],[116.389,0.372],[116.285,0.449],[116.274,0.558],[116.3,0.587],[116.233,0.703],[116.147,0.721],[116.061,0.803],[116.007,0.823],[116.039,0.887],[116.066,1.015],[116.066,1.093],[116.132,1.111],[116.158,1.387],[116.141,1.478],[116.088,1.491],[116.01,1.528],[115.973,1.531],[115.957,1.513],[115.954,1.491],[115.853,1.436],[115.855,1.402],[115.769,1.355],[115.769,1.264],[115.709,1.263],[115.594,1.283],[115.499,1.236],[115.526,1.058],[115.509,0.912],[115.465,0.834],[115.466,0.771],[115.588,0.635],[115.653,0.604],[115.67,0.536],[115.782,0.426],[115.761,0.318],[115.789,0.301],[115.821,0.195],[115.896,0.213],[115.923,0.138],[116.028,0.059],[115.973,-0.028],[115.982,-0.065],[116.072,-0.165],[116.255,-0.29],[116.32,-0.3],[116.276,-0.425],[116.292,-0.448],[116.333,-0.488],[116.35,-0.572],[116.444,-0.727],[116.522,-0.775],[116.505,-0.839],[116.543,-0.839],[116.63,-0.882],[116.667,-0.812],[116.86,-0.818],[116.955,-0.926],[116.843,-1.022],[116.837,-1.046],[116.903,-1.063],[116.929,-1.106]]]]},"properties":{"kode_bps":"6403"}},
{"type":"Feature","geometry":{"type":"Polygon","coordinates":[[[116.185,1.841],[116.161,1.767],[116.162,1.745],[116.141,1.687],[116.131,1.679],[116.103,1.666],[116.074,1.652],[116.046,1.582],[116.041,1.56],[116.01,1.529],[116.088,1.491],[116.141,1.478],[116.158,1.387],[116.132,1.111],[116.066,1.093],[116.066,1.015],[116.039,0.887],[116.007,0.823],[116.061,0.803],[116.147,0.721],[116.233,0.703],[116.3,0.587],[116.274,0.558],[116.285,0.449],[116.389,0.372],[116.453,0.354],[116.493,0.269],[116.491,0.121],[116.475,0.027],[116.715,0.016],[116.739,0.095],[116.849,0.222],[116.944,0.375],[116.93,0.488],[116.951,0.597],[116.992,0.614],[117.041,0.501],[117.18,0.323],[117.184,0.284],[117.148,0.144],[117.17,0.105],[117.286,0.032],[117.338,0.049],[117.348,0.027],[117.389,0.062],[117.431,0.111],[117.468,0.199],[117.493,0.198],[117.567,0.392],[117.61,0.429],[117.6,0.474],[117.635,0.516],[117.674,0.616],[117.711,0.628],[117.712,0.697],[117.752,0.756],[117.826,0.804],[117.914,0.837],[117.972,0.773],[118.029,0.78],[118.022,0.859],[117.977,0.93],[117.972,0.98],[117.902,1.08],[117.984,1.059],[118.009,0.96],[118.064,0.903],[118.32,0.85],[118.369,0.803],[118.443,0.844],[118.546,0.808],[118.589,0.81],[118.672,0.857],[118.76,0.806],[118.829,0.827],[118.855,0.876],[118.964,0.943],[118.941,1.009],[118.892,1.028],[118.806,1.004],[118.769,1.104],[118.668,1.102],[118.585,1.113],[118.59,1.212],[118.533,1.214],[118.461,1.278],[118.38,1.274],[118.351,1.186],[118.286,1.205],[118.212,1.261],[118.207,1.202],[118.125,1.165],[118.033,1.188],[117.959,1.28],[117.855,1.345],[117.904,1.405],[117.914,1.494],[117.841,1.569],[117.714,1.608],[117.647,1.598],[117.574,1.625],[117.54,1.595],[117.535,1.527],[117.491,1.514],[117.432,1.589],[117.396,1.608],[117.329,1.529],[117.343,1.476],[117.319,1.388],[117.163,1.305],[117.1,1.351],[116.99,1.353],[116.963,1.418],[116.991,1.476],[116.989,1.534],[116.924,1.58],[116.86,1.594],[116.797,1.58],[116.757,1.622],[116.603,1.611],[116.544,1.589],[116.531,1.663],[116.476,1.725],[116.426,1.708],[116.399,1.721],[116.355,1.762],[116.316,1.829],[116.185,1.841]]]},"properties":{"kode_bps":"6404"}},
{"type":"Feature","geometry":{"type":"MultiPolygon","coordinates":[[[[117.908,2.055],[117.833,2.095],[117.802,2.026],[117.908,2.055]]],[[[117.802,2.121],[117.801,2.178],[117.728,2.14],[117.732,2.087],[117.802,2.121]]],[[[118.941,1.009],[118.945,1.059],[118.872,1.067],[118.777,1.134],[118.769,1.19],[118.712,1.251],[118.563,1.367],[118.455,1.386],[118.411,1.483],[118.247,1.559],[118.135,1.634],[118.054,1.73],[118.048,1.783],[117.918,1.813],[117.89,1.873],[117.844,1.891],[117.824,2.01],[117.716,2.026],[117.723,2.138],[117.683,2.178],[117.816,2.201],[117.933,2.18],[118.019,2.197],[118.098,2.282],[118.067,2.357],[117.975,2.426],[117.919,2.396],[117.857,2.392],[117.809,2.327],[117.721,2.347],[117.705,2.399],[117.612,2.522],[117.571,2.502],[117.499,2.523],[117.405,2.609],[117.315,2.626],[117.218,2.596],[117.074,2.608],[116.917,2.534],[116.836,2.515],[116.712,2.438],[116.575,2.429],[116.492,2.494],[116.424,2.498],[116.44,2.459],[116.36,2.324],[116.31,2.266],[116.322,2.13],[116.286,2.103],[116.234,2.103],[116.231,2.014],[116.195,1.985],[116.177,1.86],[116.185,1.841],[116.316,1.829],[116.355,1.762],[116.399,1.721],[116.426,1.708],[116.476,1.725],[116.531,1.663],[116.544,1.589],[116.603,1.611],[116.757,1.622],[116.797,1.58],[116.86,1.594],[116.924,1.58],[116.989,1.534],[116.991,1.476],[116.963,1.418],[116.99,1.353],[117.1,1.351],[117.163,1.305],[117.319,1.388],[117.343,1.476],[117.329,1.529],[117.396,1.608],[117.432,1.589],[117.491,1.514],[117.535,1.527],[117.54,1.595],[117.574,1.625],[117.647,1.598],[117.714,1.608],[117.841,1.569],[117.914,1.494],[117.904,1.405],[117.855,1.345],[117.959,1.28],[118.033,1.188],[118.125,1.165],[118.207,1.202],[118.212,1.261],[118.286,1.205],[118.351,1.186],[118.38,1.274],[118.461,1.278],[118.533,1.214],[118.59,1.212],[118.585,1.113],[118.668,1.102],[118.769,1.104],[118.806,1.004],[118.892,1.028],[118.941,1.009]]]]},"properties":{"kode_bps":"6405"}},
{"type":"Feature","geometry":{"type":"Polygon","coordinates":[[[116.837,-1.046],[116.843,-1.022],[116.955,-0.926],[116.86,-0.818],[116.667,-0.812],[116.63,-0.882],[116.543,-0.839],[116.488,-0.884],[116.468,-0.939],[116.44,-0.966],[116.454,-1.044],[116.371,-1.144],[116.378,-1.199],[116.344,-1.245],[116.335,-1.334],[116.387,-1.544],[116.552,-1.605],[116.542,-1.462],[116.603,-1.418],[116.764,-1.357],[116.766,-1.212],[116.76,-1.076],[116.806,-1.058],[116.837,-1.046]]]},"properties":{"kode_bps":"6409"}},
{"type":"Feature","geometry":{"type":"Polygon","coordinates":[[[115.305,-0.037],[115.374,0.032],[115.441,0.042],[115.472,0.138],[115.615,0.152],[115.777,0.149],[115.797,0.185],[115.821,0.195],[115.789,0.301],[115.761,0.318],[115.782,0.426],[115.67,0.536],[115.653,0.604],[115.588,0.635],[115.466,0.771],[115.465,0.834],[115.509,0.912],[115.526,1.058],[115.499,1.236],[115.504,1.257],[115.426,1.219],[115.407,1.185],[115.418,1.144],[115.378,1.1],[115.317,1.059],[115.266,1.044],[115.186,1.068],[115.174,1.116],[115.084,1.116],[115.01,1.123],[114.989,1.157],[114.936,1.178],[114.859,1.192],[114.797,1.204],[114.717,1.273],[114.726,1.311],[114.672,1.353],[114.635,1.431],[114.59,1.463],[114.558,1.436],[114.405,1.523],[114.299,1.457],[114.238,1.448],[114.223,1.417],[114.166,1.382],[114.207,1.342],[114.187,1.269],[114.208,1.236],[114.18,1.152],[114.087,1.105],[113.987,1.126],[113.948,1.061],[113.893,1.019],[113.915,0.977],[113.871,0.889],[113.926,0.84],[113.874,0.78],[113.896,0.755],[113.875,0.713],[113.836,0.682],[113.88,0.66],[114.004,0.656],[114.091,0.698],[114.177,0.64],[114.203,0.54],[114.245,0.521],[114.322,0.541],[114.41,0.495],[114.435,0.543],[114.54,0.62],[114.618,0.641],[114.665,0.703],[114.782,0.727],[114.862,0.737],[114.91,0.767],[114.915,0.778],[114.939,0.773],[114.983,0.733],[115.011,0.607],[115.072,0.517],[115.133,0.432],[115.129,0.375],[115.055,0.318],[114.944,0.334],[114.901,0.316],[114.793,0.119],[114.794,0.084],[114.817,0.066],[114.861,0.054],[114.895,0.04],[114.893,-0.026],[114.93,-0.161],[114.951,-0.19],[114.992,-0.186],[115.043,-0.191],[115.081,-0.153],[115.106,-0.144],[115.119,-0.147],[115.146,-0.138],[115.182,-0.094],[115.262,-0.047],[115.298,-0.032],[115.305,-0.037]]]},"properties":{"kode_bps":"6411"}},
{"type":"Feature","geometry":{"type":"Polygon","coordinates":[[[116.837,-1.046],[116.806,-1.058],[116.76,-1.076],[116.766,-1.212],[116.884,-1.277],[117.001,-1.2],[117.022,-1.141],[116.929,-1.106],[116.903,-1.063],[116.837,-1.046]]]},"properties":{"kode_bps":"6471"}},
{"type":"Feature","geometry":{"type":"Polygon","coordinates":[[[117.272,-0.6],[117.256,-0.556],[117.262,-0.481],[117.303,-0.383],[117.244,-0.367],[117.239,-0.339],[117.214,-0.316],[117.199,-0.312],[117.145,-0.351],[117.123,-0.409],[117.069,-0.434],[117.053,-0.472],[117.047,-0.516],[117.075,-0.59],[117.142,-0.619],[117.139,-0.687],[117.152,-0.685],[117.182,-0.706],[117.194,-0.676],[117.235,-0.653],[117.272,-0.6]]]},"properties":{"kode_bps":"6472"}},
{"type":"Feature","geometry":{"type":"Polygon","coordinates":[[[117.512,0.017],[117.474,0.09],[117.522,0.126],[117.493,0.198],[117.468,0.199],[117.431,0.111],[117.389,0.062],[117.389,0.019],[117.512,0.017]]]},"properties":{"kode_bps":"6474"}},
{"type":"Feature","geometry":{"type":"Polygon","coordinates":[[[116.234,2.103],[116.228,2.133],[116.157,2.133],[116.13,2.168],[116.052,2.151],[116.017,2.192],[115.996,2.267],[116.029,2.253],[116.061,2.303],[116.113,2.391],[116.182,2.408],[116.234,2.489],[116.266,2.479],[116.323,2.597],[116.325,2.691],[116.431,2.78],[116.581,2.89],[116.608,2.948],[116.679,3.018],[116.742,3.036],[116.724,3.105],[116.744,3.153],[116.769,3.169],[116.805,3.2],[116.806,3.285],[116.776,3.341],[116.774,3.359],[116.739,3.39],[116.735,3.409],[116.693,3.474],[116.728,3.493],[116.76,3.626],[116.739,3.658],[116.716,3.7],[116.589,3.691],[116.489,3.745],[116.421,3.867],[116.355,4.034],[116.319,4.063],[116.269,4.04],[116.086,4.118],[116.032,4.08],[115.958,4.092],[115.951,3.96],[115.922,3.931],[115.909,3.841],[115.928,3.753],[115.912,3.69],[115.978,3.553],[115.968,3.523],[115.884,3.47],[115.839,3.492],[115.714,3.438],[115.7,3.403],[115.658,3.439],[115.58,3.419],[115.545,3.363],[115.517,3.224],[115.563,3.17],[115.515,3.109],[115.517,3.057],[115.395,2.98],[115.332,2.975],[115.286,3.047],[115.247,2.981],[115.149,2.908],[115.092,2.823],[115.156,2.79],[115.096,2.698],[115.179,2.61],[115.251,2.509],[115.206,2.471],[115.145,2.476],[115.101,2.405],[115.054,2.405],[114.999,2.349],[114.962,2.365],[114.918,2.255],[114.8,2.249],[114.788,2.2],[114.742,2.191],[114.742,2.132],[114.822,2.13],[114.795,2.058],[114.81,2.024],[114.875,2.013],[114.853,1.943],[114.794,1.849],[114.747,1.869],[114.694,1.808],[114.709,1.638],[114.61,1.575],[114.616,1.516],[114.59,1.463],[114.635,1.431],[114.672,1.353],[114.726,1.311],[114.717,1.273],[114.797,1.204],[114.859,1.192],[114.936,1.178],[114.989,1.157],[114.999,1.153],[115.016,1.121],[115.084,1.116],[115.174,1.116],[115.186,1.068],[115.266,1.044],[115.317,1.059],[115.378,1.1],[115.418,1.144],[115.407,1.185],[115.436,1.229],[115.495,1.255],[115.594,1.283],[115.709,1.263],[115.769,1.264],[115.769,1.355],[115.855,1.402],[115.853,1.436],[115.954,1.491],[115.955,1.508],[115.97,1.53],[116.009,1.527],[116.041,1.56],[116.046,1.582],[116.074,1.652],[116.103,1.666],[116.131,1.679],[116.141,1.687],[116.184,1.837],[116.176,1.871],[116.194,1.983],[116.231,2.014],[116.234,2.103]]]},"properties":{"kode_bps":"6501"}},
{"type":"Feature","geometry":{"type":"MultiPolygon","coordinates":[[[[117.667,2.987],[117.589,2.974],[117.571,2.922],[117.693,2.946],[117.667,2.987]]],[[[117.549,3.064],[117.446,3.054],[117.378,3.004],[117.374,2.962],[117.402,2.957],[117.42,2.968],[117.448,2.965],[117.46,3.005],[117.549,3.064]]],[[[117.447,3.341],[117.386,3.281],[117.517,3.276],[117.506,3.321],[117.447,3.341]]],[[[117.975,2.426],[117.888,2.538],[117.8,2.626],[117.785,2.748],[117.698,2.784],[117.615,2.795],[117.595,2.858],[117.455,2.934],[117.431,2.965],[117.398,2.955],[117.356,2.955],[117.389,3.031],[117.361,3.067],[117.46,3.142],[117.425,3.173],[117.318,3.167],[117.31,3.206],[117.379,3.229],[117.352,3.272],[117.388,3.323],[117.331,3.38],[117.279,3.402],[117.243,3.313],[117.173,3.357],[117.111,3.347],[117.054,3.407],[116.962,3.385],[116.924,3.399],[116.781,3.368],[116.761,3.378],[116.756,3.385],[116.753,3.377],[116.774,3.359],[116.776,3.341],[116.805,3.288],[116.808,3.224],[116.805,3.2],[116.769,3.169],[116.744,3.153],[116.724,3.105],[116.742,3.036],[116.679,3.018],[116.608,2.948],[116.581,2.89],[116.431,2.78],[116.325,2.691],[116.323,2.597],[116.266,2.479],[116.234,2.489],[116.182,2.408],[116.113,2.391],[116.061,2.303],[116.029,2.253],[115.996,2.267],[116.017,2.192],[116.052,2.151],[116.13,2.168],[116.157,2.133],[116.228,2.133],[116.286,2.103],[116.322,2.13],[116.31,2.266],[116.36,2.324],[116.44,2.459],[116.424,2.498],[116.492,2.494],[116.575,2.429],[116.712,2.438],[116.836,2.515],[116.917,2.534],[117.074,2.608],[117.218,2.596],[117.315,2.626],[117.405,2.609],[117.499,2.523],[117.571,2.502],[117.612,2.522],[117.705,2.399],[117.721,2.347],[117.809,2.327],[117.857,2.392],[117.919,2.396],[117.975,2.426]]],[[[117.5,3.546],[117.486,3.498],[117.547,3.471],[117.609,3.501],[117.5,3.546]]],[[[117.817,3.577],[117.759,3.567],[117.763,3.511],[117.864,3.448],[117.855,3.528],[117.817,3.577]]]]},"properties":{"kode_bps":"6502"}},
{"type":"Feature","geometry":{"type":"MultiPolygon","coordinates":[[[[117.388,3.323],[117.413,3.39],[117.357,3.448],[117.331,3.38],[117.388,3.323]]],[[[117.248,3.588],[117.201,3.54],[117.231,3.497],[117.325,3.491],[117.449,3.455],[117.485,3.492],[117.371,3.563],[117.302,3.56],[117.248,3.588]]],[[[117.279,3.402],[117.299,3.449],[117.218,3.493],[117.193,3.536],[117.221,3.609],[117.384,3.641],[117.428,3.625],[117.49,3.67],[117.46,3.655],[117.297,3.636],[117.196,3.669],[117.093,3.681],[116.956,3.715],[116.912,3.71],[116.839,3.686],[116.761,3.66],[116.76,3.626],[116.728,3.493],[116.693,3.474],[116.735,3.409],[116.736,3.395],[116.753,3.377],[116.756,3.385],[116.761,3.378],[116.781,3.368],[116.924,3.399],[116.965,3.385],[117.054,3.407],[117.111,3.347],[117.173,3.357],[117.243,3.313],[117.279,3.402]]],[[[117.68,3.776],[117.708,3.748],[117.728,3.745],[117.736,3.719],[117.779,3.686],[117.81,3.726],[117.68,3.776]]],[[[117.595,3.78],[117.559,3.783],[117.478,3.756],[117.521,3.674],[117.585,3.63],[117.667,3.615],[117.717,3.628],[117.708,3.667],[117.729,3.688],[117.729,3.741],[117.712,3.742],[117.664,3.771],[117.65,3.768],[117.631,3.776],[117.605,3.771],[117.595,3.78]]]]},"properties":{"kode_bps":"6503"}},
{"type":"Feature","geometry":{"type":"MultiPolygon","coordinates":[[[[117.523,4.028],[117.443,4.006],[117.497,3.916],[117.526,3.929],[117.569,3.916],[117.602,3.883],[117.682,3.887],[117.683,3.914],[117.597,3.933],[117.523,4.028]]],[[[117.661,4.147],[117.589,4.079],[117.603,4.011],[117.672,3.966],[117.726,3.986],[117.754,4.061],[117.661,4.147]]],[[[117.902,4.167],[117.683,4.167],[117.861,4.029],[117.926,4.061],[117.902,4.167]]],[[[116.739,3.658],[116.761,3.66],[116.839,3.686],[116.938,3.715],[117.093,3.681],[117.196,3.669],[117.297,3.636],[117.46,3.655],[117.49,3.67],[117.427,3.69],[117.488,3.723],[117.476,3.755],[117.493,3.775],[117.556,3.785],[117.579,3.782],[117.597,3.797],[117.599,3.776],[117.63,3.781],[117.651,3.772],[117.662,3.788],[117.678,3.782],[117.695,3.814],[117.671,3.878],[117.591,3.879],[117.538,3.923],[117.496,3.913],[117.438,4.013],[117.474,4.071],[117.418,4.094],[117.416,4.14],[117.521,4.102],[117.53,4.161],[117.458,4.178],[117.373,4.286],[117.298,4.31],[117.249,4.374],[117.201,4.335],[117.044,4.347],[116.97,4.337],[116.912,4.369],[116.836,4.326],[116.753,4.391],[116.706,4.332],[116.615,4.377],[116.538,4.376],[116.443,4.288],[116.405,4.359],[116.355,4.389],[116.308,4.369],[116.205,4.373],[116.112,4.332],[116.074,4.277],[116.033,4.329],[115.93,4.353],[115.879,4.391],[115.876,4.291],[115.768,4.245],[115.684,4.16],[115.65,3.987],[115.619,3.937],[115.614,3.824],[115.578,3.747],[115.572,3.652],[115.639,3.456],[115.7,3.403],[115.714,3.438],[115.839,3.492],[115.884,3.47],[115.968,3.523],[115.978,3.553],[115.912,3.69],[115.928,3.753],[115.909,3.841],[115.922,3.931],[115.951,3.96],[115.958,4.092],[116.032,4.08],[116.086,4.118],[116.269,4.04],[116.319,4.063],[116.355,4.034],[116.421,3.867],[116.489,3.745],[116.589,3.691],[116.716,3.7],[116.739,3.658]]]]},"properties":{"kode_bps":"6504"}},
{"type":"Feature","geometry":{"type":"Polygon","coordinates":[[[117.619,3.439],[117.549,3.442],[117.515,3.381],[117.542,3.326],[117.656,3.254],[117.666,3.415],[117.619,3.439]]]},"properties":{"kode_bps":"6571"}},
{"type":"Feature","geometry":{"type":"Polygon","coordinates":[[[124.317,1.008],[124.203,0.99],[124.137,0.928],[124.072,0.921],[123.88,0.839],[123.72,0.834],[123.728,0.659],[123.698,0.613],[123.666,0.617],[123.644,0.573],[123.71,0.571],[123.691,0.486],[123.713,0.467],[123.793,0.44],[123.86,0.459],[123.91,0.434],[124.024,0.477],[124.051,0.513],[124.181,0.539],[124.274,0.544],[124.32,0.583],[124.341,0.648],[124.293,0.66],[124.271,0.711],[124.257,0.745],[124.346,0.769],[124.356,0.755],[124.416,0.769],[124.434,0.793],[124.436,0.826],[124.407,0.859],[124.379,0.912],[124.361,0.963],[124.332,0.99],[124.317,1.008]]]},"properties":{"kode_bps":"7101"}},
{"type":"Feature","geometry":{"type":"Polygon","coordinates":[[[124.784,1.461],[124.675,1.395],[124.618,1.419],[124.583,1.357],[124.622,1.336],[124.658,1.337],[124.718,1.325],[124.725,1.301],[124.759,1.253],[124.726,1.188],[124.744,1.144],[124.737,1.115],[124.771,1.096],[124.837,1.121],[124.873,1.071],[124.911,1.018],[125.024,1.143],[125.064,1.286],[125.025,1.289],[124.956,1.328],[124.931,1.376],[124.907,1.457],[124.873,1.466],[124.851,1.44],[124.784,1.461]],[[124.917,1.284],[124.931,1.247],[124.904,1.184],[124.858,1.202],[124.917,1.284]],[[124.83,1.405],[124.863,1.353],[124.854,1.264],[124.827,1.253],[124.744,1.333],[124.804,1.36],[124.83,1.405]]]},"properties":{"kode_bps":"7102"}},
{"type":"Feature","geometry":{"type":"Polygon","coordinates":[[[125.488,3.479],[125.524,3.412],[125.558,3.422],[125.605,3.368],[125.676,3.427],[125.671,3.494],[125.59,3.553],[125.595,3.611],[125.508,3.723],[125.447,3.737],[125.398,3.673],[125.48,3.605],[125.488,3.479]]]},"properties":{"kode_bps":"7103"}},
{"type":"Feature","geometry":{"type":"MultiPolygon","coordinates":[[[[126.803,3.834],[126.754,3.786],[126.823,3.728],[126.851,3.758],[126.803,3.834]]],[[[126.744,4.546],[126.734,4.462],[126.703,4.429],[126.68,4.334],[126.709,4.273],[126.793,4.236],[126.733,4.109],[126.686,4.075],[126.67,4.005],[126.762,3.995],[126.809,4.032],[126.797,4.148],[126.913,4.269],[126.85,4.375],[126.87,4.429],[126.856,4.489],[126.808,4.534],[126.744,4.546]]]]},"properties":{"kode_bps":"7104"}},
{"type":"Feature","geometry":{"type":"Polygon","coordinates":[[[124.407,0.859],[124.419,0.808],[124.448,0.771],[124.488,0.803],[124.558,0.887],[124.572,0.977],[124.55,1.088],[124.679,1.1],[124.744,1.144],[124.726,1.188],[124.759,1.253],[124.725,1.301],[124.716,1.326],[124.652,1.338],[124.622,1.336],[124.583,1.357],[124.512,1.316],[124.61,1.232],[124.576,1.186],[124.415,1.196],[124.321,1.078],[124.317,1.008],[124.332,0.99],[124.361,0.963],[124.379,0.912],[124.407,0.859]]]},"properties":{"kode_bps":"7105"}},
{"type":"Feature","geometry":{"type":"Polygon","coordinates":[[[125.155,1.596],[125.166,1.69],[125.111,1.662],[125.017,1.685],[124.99,1.751],[124.871,1.621],[124.844,1.564],[124.903,1.575],[124.933,1.508],[124.894,1.485],[124.907,1.457],[124.931,1.376],[124.956,1.328],[125.025,1.289],[125.064,1.288],[125.104,1.397],[125.092,1.447],[125.031,1.454],[125.155,1.596]]]},"properties":{"kode_bps":"7106"}},
{"type":"Feature","geometry":{"type":"Polygon","coordinates":[[[123.72,0.834],[123.681,0.876],[123.591,0.905],[123.56,0.889],[123.417,0.891],[123.373,0.913],[123.282,0.912],[123.215,0.947],[123.178,0.902],[123.121,0.89],[123.179,0.862],[123.271,0.803],[123.268,0.794],[123.269,0.768],[123.247,0.717],[123.322,0.699],[123.359,0.651],[123.486,0.627],[123.488,0.601],[123.588,0.587],[123.644,0.573],[123.666,0.617],[123.698,0.613],[123.728,0.659],[123.72,0.834]]]},"properties":{"kode_bps":"7107"}},
{"type":"Feature","geometry":{"type":"Polygon","coordinates":[[[125.422,2.81],[125.375,2.797],[125.36,2.738],[125.451,2.753],[125.422,2.81]]]},"properties":{"kode_bps":"7108"}},
{"type":"Feature","geometry":{"type":"Polygon","coordinates":[[[124.696,0.859],[124.771,0.899],[124.791,0.946],[124.885,0.971],[124.908,1.019],[124.873,1.071],[124.837,1.121],[124.771,1.096],[124.737,1.115],[124.679,1.1],[124.55,1.088],[124.572,0.977],[124.581,0.935],[124.651,0.956],[124.696,0.859]]]},"properties":{"kode_bps":"7109"}},
{"type":"Feature","geometry":{"type":"Polygon","coordinates":[[[123.644,0.573],[123.588,0.587],[123.533,0.577],[123.523,0.49],[123.55,0.433],[123.48,0.354],[123.486,0.309],[123.574,0.322],[123.677,0.296],[123.708,0.319],[123.778,0.312],[123.82,0.337],[123.993,0.375],[124.288,0.406],[124.324,0.446],[124.453,0.444],[124.466,0.477],[124.436,0.534],[124.42,0.564],[124.375,0.599],[124.32,0.583],[124.274,0.544],[124.181,0.539],[124.051,0.513],[124.024,0.477],[123.91,0.434],[123.86,0.459],[123.793,0.44],[123.713,0.467],[123.691,0.486],[123.71,0.571],[123.644,0.573]]]},"properties":{"kode_bps":"7110"}},
{"type":"Feature","geometry":{"type":"Polygon","coordinates":[[[124.356,0.755],[124.349,0.731],[124.377,0.661],[124.341,0.648],[124.375,0.599],[124.42,0.564],[124.436,0.534],[124.466,0.477],[124.539,0.588],[124.544,0.625],[124.613,0.7],[124.629,0.774],[124.696,0.859],[124.651,0.956],[124.58,0.935],[124.558,0.887],[124.488,0.803],[124.489,0.766],[124.416,0.769],[124.356,0.755]]]},"properties":{"kode_bps":"7111"}},
{"type":"Feature","geometry":{"type":"Polygon","coordinates":[[[124.873,1.466],[124.894,1.485],[124.933,1.508],[124.903,1.575],[124.844,1.564],[124.827,1.463],[124.784,1.461],[124.851,1.44],[124.873,1.466]]]},"properties":{"kode_bps":"7171"}},
{"type":"Feature","geometry":{"type":"Polygon","coordinates":[[[125.104,1.397],[125.142,1.437],[125.196,1.438],[125.248,1.508],[125.155,1.596],[125.031,1.454],[125.092,1.447],[125.104,1.397]]]},"properties":{"kode_bps":"7172"}},
{"type":"Feature","geometry":{"type":"Polygon","coordinates":[[[124.83,1.405],[124.804,1.36],[124.744,1.333],[124.827,1.253],[124.854,1.264],[124.863,1.353],[124.83,1.405]]]},"properties":{"kode_bps":"7173"}},
{"type":"Feature","geometry":{"type":"Polygon","coordinates":[[[124.341,0.648],[124.377,0.662],[124.349,0.731],[124.346,0.769],[124.257,0.745],[124.271,0.711],[124.293,0.66],[124.341,0.648]]]},"properties":{"kode_bps":"7174"}},
{"type":"Feature","geometry":{"type":"Polygon","coordinates":[[[123.194,-1.154],[123.105,-1.161],[122.978,-1.203],[122.905,-1.183],[122.871,-1.25],[122.831,-1.278],[122.796,-1.371],[122.786,-1.464],[122.821,-1.482],[122.869,-1.596],[122.911,-1.597],[122.946,-1.545],[123.017,-1.493],[123.037,-1.421],[123.142,-1.297],[123.173,-1.428],[123.17,-1.536],[123.115,-1.612],[123.226,-1.595],[123.259,-1.483],[123.295,-1.411],[123.371,-1.498],[123.458,-1.519],[123.513,-1.455],[123.557,-1.33],[123.556,-1.278],[123.446,-1.267],[123.375,-1.222],[123.279,-1.329],[123.27,-1.382],[123.191,-1.32],[123.235,-1.237],[123.194,-1.154]]]},"properties":{"kode_bps":"7201"}},
{"type":"Feature","geometry":{"type":"Polygon","coordinates":[[[122.032,-1.574],[122.064,-1.616],[122.213,-1.606],[122.304,-1.533],[122.392,-1.493],[122.418,-1.441],[122.56,-1.312],[122.56,-1.268],[122.633,-1.235],[122.635,-1.165],[122.715,-1.134],[122.728,-1.086],[122.798,-1.003],[122.809,-0.937],[122.89,-0.93],[123.06,-0.871],[123.1,-0.835],[123.151,-0.885],[123.148,-0.937],[123.265,-1.042],[123.311,-1.051],[123.375,-1.007],[123.392,-0.89],[123.447,-0.771],[123.387,-0.681],[123.411,-0.654],[123.261,-0.579],[123.17,-0.583],[123.057,-0.564],[122.957,-0.644],[122.928,-0.618],[122.807,-0.634],[122.782,-0.705],[122.869,-0.711],[122.871,-0.776],[122.791,-0.776],[122.686,-0.81],[122.615,-0.761],[122.58,-0.784],[122.459,-0.759],[122.414,-0.783],[122.331,-0.777],[122.2,-0.788],[122.147,-0.86],[122.145,-0.905],[122.104,-0.951],[122.005,-0.933],[121.942,-0.989],[121.856,-0.969],[121.854,-1.012],[121.878,-1.072],[121.937,-1.129],[122.031,-1.12],[122.101,-1.249],[122.039,-1.35],[122.029,-1.354],[122.054,-1.412],[122.015,-1.467],[122.043,-1.493],[122.032,-1.574]]]},"properties":{"kode_bps":"7202"}},
{"type":"Feature","geometry":{"type":"MultiPolygon","coordinates":[[[[123.157,-3.557],[123.076,-3.576],[123.074,-3.625],[123.183,-3.614],[123.157,-3.557]]],[[[122.061,-2.949],[122.085,-2.969],[122.1,-3.009],[122.179,-3.033],[122.172,-3.084],[122.222,-3.135],[122.314,-3.165],[122.296,-3.255],[122.433,-3.257],[122.427,-3.127],[122.371,-3.142],[122.336,-3.086],[122.259,-3.037],[122.319,-2.928],[122.193,-2.845],[122.14,-2.789],[122.086,-2.789],[122.01,-2.718],[122.001,-2.628],[121.968,-2.528],[121.906,-2.43],[121.724,-2.198],[121.614,-2.187],[121.544,-2.148],[121.53,-2.155],[121.485,-2.191],[121.479,-2.262],[121.438,-2.394],[121.49,-2.43],[121.56,-2.491],[121.626,-2.49],[121.684,-2.543],[121.738,-2.593],[121.778,-2.645],[121.778,-2.686],[121.722,-2.768],[121.724,-2.808],[121.67,-2.843],[121.691,-2.882],[121.714,-2.92],[121.73,-2.916],[121.771,-2.943],[121.921,-2.99],[122.061,-2.949]]]]},"properties":{"kode_bps":"7203"}},
{"type":"Feature","geometry":{"type":"Polygon","coordinates":[[[120.842,-2.218],[120.83,-2.095],[120.841,-2.038],[120.93,-1.912],[120.901,-1.889],[120.864,-1.842],[120.864,-1.826],[120.834,-1.752],[120.882,-1.625],[120.962,-1.624],[120.915,-1.571],[120.902,-1.538],[120.891,-1.483],[120.891,-1.413],[120.864,-1.414],[120.837,-1.394],[120.802,-1.351],[120.693,-1.419],[120.643,-1.363],[120.638,-1.308],[120.571,-1.256],[120.593,-1.168],[120.581,-1.108],[120.493,-1.142],[120.428,-1.15],[120.29,-1.202],[120.27,-1.232],[120.186,-1.273],[120.287,-1.364],[120.222,-1.456],[120.181,-1.448],[120.099,-1.557],[120.143,-1.571],[120.136,-1.651],[120.178,-1.781],[120.108,-1.803],[120.145,-1.886],[120.103,-1.899],[120.099,-1.986],[120.113,-1.992],[120.179,-2.034],[120.271,-2.028],[120.34,-2.061],[120.403,-1.895],[120.471,-1.963],[120.484,-2.002],[120.503,-2.03],[120.622,-2.162],[120.685,-2.205],[120.757,-2.239],[120.805,-2.225],[120.842,-2.218]]]},"properties":{"kode_bps":"7204"}},
{"type":"Feature","geometry":{"type":"MultiPolygon","coordinates":[[[[119.797,-0.817],[119.761,-0.682],[119.67,-0.703],[119.685,-0.741],[119.623,-0.801],[119.573,-0.88],[119.553,-0.938],[119.573,-1.05],[119.572,-1.149],[119.565,-1.201],[119.448,-1.341],[119.478,-1.398],[119.52,-1.434],[119.589,-1.409],[119.61,-1.406],[119.666,-1.434],[119.682,-1.44],[119.686,-1.45],[119.697,-1.453],[119.728,-1.42],[119.728,-1.348],[119.794,-1.151],[119.796,-1.131],[119.804,-1.089],[119.753,-1.009],[119.704,-1.02],[119.661,-0.988],[119.65,-0.994],[119.654,-0.951],[119.731,-0.901],[119.785,-0.904],[119.768,-0.893],[119.76,-0.835],[119.797,-0.817]]],[[[120.197,0.701],[120.151,0.725],[120.137,0.745],[120.073,0.741],[120.016,0.671],[120.047,0.513],[120.001,0.484],[119.912,0.475],[119.889,0.394],[119.845,0.335],[119.891,0.296],[119.887,0.211],[119.808,0.236],[119.775,0.194],[119.863,0.115],[119.883,-0.021],[119.822,-0.116],[119.778,-0.114],[119.733,-0.021],[119.605,-0.008],[119.654,-0.094],[119.703,-0.137],[119.794,-0.122],[119.818,-0.196],[119.779,-0.277],[119.754,-0.437],[119.759,-0.495],[119.844,-0.697],[119.92,-0.794],[120.015,-0.795],[120.044,-0.83],[120.027,-0.744],[120.033,-0.684],[120.001,-0.591],[119.931,-0.505],[119.905,-0.27],[119.938,-0.21],[119.9,-0.139],[119.936,-0.101],[119.961,0.084],[120.038,0.129],[120.096,0.244],[120.055,0.286],[120.083,0.386],[120.114,0.395],[120.129,0.415],[120.114,0.429],[120.157,0.468],[120.159,0.531],[120.203,0.575],[120.197,0.701]]]]},"properties":{"kode_bps":"7205"}},
{"type":"Feature","geometry":{"type":"Polygon","coordinates":[[[121.175,1.245],[121.1,1.316],[121.063,1.303],[120.996,1.34],[120.839,1.313],[120.808,1.267],[120.822,1.172],[120.777,1.111],[120.785,1.03],[120.731,0.969],[120.635,0.94],[120.597,0.809],[120.474,0.778],[120.397,0.792],[120.327,0.855],[120.346,0.968],[120.281,0.985],[120.247,0.958],[120.239,0.802],[120.178,0.757],[120.137,0.748],[120.147,0.729],[120.197,0.701],[120.215,0.606],[120.356,0.678],[120.449,0.643],[120.538,0.635],[120.575,0.609],[120.614,0.6],[120.642,0.612],[120.706,0.669],[120.815,0.676],[120.879,0.75],[120.932,0.827],[120.99,0.842],[121.027,1.002],[121.007,1.032],[121.095,1.093],[121.08,1.152],[121.175,1.245]]]},"properties":{"kode_bps":"7206"}},
{"type":"Feature","geometry":{"type":"Polygon","coordinates":[[[122.195,1.038],[122.109,1.069],[121.982,1.023],[121.927,1.103],[121.767,1.071],[121.711,1.082],[121.648,1.053],[121.558,1.062],[121.51,1.088],[121.422,1.189],[121.472,1.263],[121.308,1.256],[121.242,1.233],[121.175,1.245],[121.08,1.152],[121.095,1.093],[121.007,1.032],[121.027,1.002],[120.99,0.842],[120.932,0.827],[120.879,0.75],[120.861,0.709],[120.935,0.686],[121.011,0.708],[121.126,0.682],[121.173,0.685],[121.214,0.773],[121.215,0.791],[121.246,0.801],[121.303,0.796],[121.318,0.785],[121.35,0.821],[121.401,0.843],[121.467,0.847],[121.532,0.853],[121.812,0.95],[121.851,0.993],[121.955,0.908],[122.023,0.958],[122.042,0.989],[122.093,1],[122.126,1.018],[122.195,1.038]]]},"properties":{"kode_bps":"7207"}},
{"type":"Feature","geometry":{"type":"Polygon","coordinates":[[[120.861,0.709],[120.815,0.676],[120.706,0.669],[120.642,0.612],[120.614,0.6],[120.575,0.609],[120.538,0.635],[120.449,0.643],[120.356,0.678],[120.215,0.606],[120.203,0.575],[120.159,0.531],[120.157,0.468],[120.114,0.429],[120.129,0.415],[120.114,0.395],[120.083,0.386],[120.055,0.286],[120.096,0.244],[120.038,0.129],[119.961,0.084],[119.936,-0.101],[119.9,-0.136],[119.938,-0.21],[119.905,-0.27],[119.931,-0.505],[120.001,-0.591],[120.033,-0.684],[120.027,-0.744],[120.044,-0.83],[120.039,-0.868],[120.031,-0.881],[120.072,-0.913],[120.057,-0.968],[120.076,-1.017],[120.203,-1.054],[120.228,-1.126],[120.34,-1.155],[120.343,-1.168],[120.428,-1.15],[120.493,-1.142],[120.582,-1.108],[120.508,-0.997],[120.461,-0.994],[120.412,-0.924],[120.311,-0.966],[120.277,-0.912],[120.197,-0.846],[120.174,-0.797],[120.11,-0.736],[120.059,-0.63],[120.047,-0.531],[120.071,-0.433],[120.041,-0.391],[120.031,-0.304],[120.007,-0.277],[120.009,-0.178],[120.042,-0.129],[120.035,-0.065],[120.095,-0.031],[120.106,0.095],[120.158,0.228],[120.202,0.264],[120.303,0.418],[120.352,0.452],[120.529,0.517],[120.647,0.521],[120.725,0.476],[120.854,0.443],[120.897,0.396],[121.028,0.44],[121.081,0.398],[121.16,0.414],[121.185,0.462],[121.232,0.458],[121.331,0.523],[121.316,0.578],[121.239,0.602],[121.197,0.642],[121.126,0.682],[121.011,0.708],[120.935,0.686],[120.861,0.709]]]},"properties":{"kode_bps":"7208"}},
{"type":"Feature","geometry":{"type":"MultiPolygon","coordinates":[[[[121.854,-1.012],[121.817,-0.956],[121.761,-0.971],[121.655,-0.909],[121.663,-0.813],[121.628,-0.809],[121.589,-0.866],[121.48,-0.9],[121.449,-0.973],[121.396,-1.005],[121.295,-1.116],[121.28,-1.159],[121.204,-1.237],[121.164,-1.367],[121.101,-1.438],[121.059,-1.443],[120.982,-1.399],[120.889,-1.411],[120.891,-1.483],[120.915,-1.571],[120.962,-1.624],[121.007,-1.624],[121.074,-1.58],[121.162,-1.575],[121.257,-1.476],[121.352,-1.473],[121.475,-1.374],[121.571,-1.425],[121.664,-1.364],[121.75,-1.334],[121.915,-1.295],[121.964,-1.285],[121.973,-1.342],[122.039,-1.35],[122.101,-1.249],[122.031,-1.12],[121.937,-1.129],[121.878,-1.072],[121.854,-1.012]]],[[[121.853,-0.41],[121.803,-0.442],[121.755,-0.43],[121.672,-0.513],[121.783,-0.494],[121.831,-0.532],[121.919,-0.511],[121.914,-0.444],[121.853,-0.41]]],[[[121.948,-0.324],[121.862,-0.369],[121.918,-0.439],[121.972,-0.416],[122.042,-0.426],[122.062,-0.37],[121.979,-0.356],[121.948,-0.324]]],[[[122.092,-0.275],[122.064,-0.409],[122.13,-0.424],[122.154,-0.393],[122.092,-0.275]]],[[[122.209,-0.21],[122.146,-0.249],[122.234,-0.298],[122.209,-0.21]]],[[[122.243,-0.207],[122.347,-0.321],[122.38,-0.274],[122.243,-0.207]]],[[[121.654,-0.137],[121.604,-0.128],[121.564,-0.161],[121.593,-0.211],[121.652,-0.192],[121.654,-0.137]]]]},"properties":{"kode_bps":"7209"}},
{"type":"Feature","geometry":{"type":"Polygon","coordinates":[[[119.697,-1.453],[119.7,-1.459],[119.671,-1.544],[119.733,-1.605],[119.776,-1.709],[119.827,-1.767],[119.866,-1.771],[119.858,-1.822],[119.857,-1.876],[119.86,-1.928],[119.864,-1.961],[119.87,-2.033],[119.909,-2.053],[119.969,-1.977],[120.022,-1.968],[120.051,-1.985],[120.099,-1.986],[120.103,-1.899],[120.145,-1.886],[120.108,-1.803],[120.178,-1.781],[120.136,-1.651],[120.143,-1.571],[120.099,-1.557],[120.181,-1.448],[120.222,-1.456],[120.287,-1.364],[120.186,-1.273],[120.27,-1.232],[120.29,-1.202],[120.343,-1.168],[120.34,-1.155],[120.228,-1.126],[120.203,-1.054],[120.076,-1.017],[120.057,-0.968],[120.072,-0.913],[120.018,-0.896],[119.929,-0.921],[119.933,-0.944],[119.876,-0.923],[119.831,-0.942],[119.796,-0.871],[119.785,-0.904],[119.731,-0.901],[119.654,-0.951],[119.65,-0.994],[119.661,-0.988],[119.704,-1.02],[119.753,-1.009],[119.804,-1.089],[119.796,-1.131],[119.794,-1.151],[119.728,-1.348],[119.728,-1.42],[119.697,-1.453]]]},"properties":{"kode_bps":"7210"}},
{"type":"Feature","geometry":{"type":"MultiPolygon","coordinates":[[[[123.804,-1.893],[123.771,-1.943],[123.825,-2.027],[123.864,-1.979],[123.804,-1.893]]],[[[123.106,-1.775],[123.059,-1.83],[123.062,-1.926],[123.133,-1.87],[123.145,-1.799],[123.106,-1.775]]],[[[123.532,-1.478],[123.479,-1.547],[123.473,-1.654],[123.489,-1.714],[123.576,-1.727],[123.613,-1.699],[123.623,-1.624],[123.592,-1.594],[123.532,-1.478]]]]},"properties":{"kode_bps":"7211"}},
{"type":"Feature","geometry":{"type":"Polygon","coordinates":[[[122.029,-1.354],[121.973,-1.342],[121.915,-1.295],[121.75,-1.334],[121.664,-1.364],[121.571,-1.425],[121.475,-1.374],[121.352,-1.473],[121.257,-1.476],[121.162,-1.575],[121.074,-1.58],[121.007,-1.624],[120.882,-1.625],[120.834,-1.761],[120.864,-1.842],[120.901,-1.889],[120.921,-1.898],[120.93,-1.913],[120.841,-2.038],[120.83,-2.095],[120.842,-2.218],[120.961,-2.234],[120.993,-2.245],[121.034,-2.276],[121.053,-2.267],[121.099,-2.275],[121.182,-2.375],[121.231,-2.361],[121.382,-2.405],[121.441,-2.407],[121.438,-2.394],[121.479,-2.262],[121.485,-2.191],[121.544,-2.149],[121.538,-2.131],[121.54,-2.133],[121.545,-2.11],[121.532,-2.074],[121.377,-1.916],[121.295,-1.808],[121.325,-1.773],[121.372,-1.808],[121.442,-1.805],[121.498,-1.897],[121.564,-1.957],[121.677,-1.947],[121.744,-1.888],[121.824,-1.727],[121.878,-1.688],[121.959,-1.679],[122.03,-1.612],[122.032,-1.574],[122.043,-1.493],[122.015,-1.467],[122.054,-1.412],[122.029,-1.354]]]},"properties":{"kode_bps":"7212"}},
{"type":"Feature","geometry":{"type":"Polygon","coordinates":[[[119.768,-0.893],[119.796,-0.871],[119.831,-0.942],[119.876,-0.923],[119.933,-0.944],[119.929,-0.921],[120.018,-0.896],[120.031,-0.881],[120.039,-0.868],[120.015,-0.795],[119.92,-0.794],[119.844,-0.697],[119.884,-0.821],[119.839,-0.879],[119.797,-0.817],[119.76,-0.835],[119.768,-0.893]]]},"properties":{"kode_bps":"7271"}},
{"type":"Feature","geometry":{"type":"MultiPolygon","coordinates":[[[[121.829,-7.334],[121.756,-7.35],[121.781,-7.424],[121.84,-7.372],[121.829,-7.334]]],[[[121.086,-7.304],[121.099,-7.398],[121.165,-7.346],[121.086,-7.304]]],[[[120.821,-7.259],[120.851,-7.293],[121.004,-7.333],[121.004,-7.282],[120.919,-7.285],[120.821,-7.259]]],[[[120.632,-7],[120.624,-7.114],[120.67,-7.151],[120.767,-7.135],[120.783,-7.098],[120.673,-7.043],[120.632,-7]]],[[[120.445,-6.198],[120.445,-6.266],[120.481,-6.283],[120.46,-6.408],[120.484,-6.499],[120.521,-6.336],[120.538,-6.328],[120.529,-6.187],[120.568,-6.055],[120.533,-5.912],[120.53,-5.844],[120.462,-5.791],[120.448,-6.037],[120.466,-6.094],[120.445,-6.198]]]]},"properties":{"kode_bps":"7301"}},
{"type":"Feature","geometry":{"type":"Polygon","coordinates":[[[120.101,-5.586],[120.352,-5.52],[120.394,-5.587],[120.472,-5.623],[120.403,-5.339],[120.307,-5.294],[120.125,-5.312],[120.061,-5.333],[120.04,-5.347],[119.958,-5.343],[120.012,-5.387],[120.068,-5.455],[120.09,-5.488],[120.101,-5.586]]]},"properties":{"kode_bps":"7302"}},
{"type":"Feature","geometry":{"type":"Polygon","coordinates":[[[119.955,-5.355],[119.88,-5.491],[119.876,-5.527],[119.863,-5.531],[119.9,-5.557],[119.938,-5.544],[120.101,-5.586],[120.068,-5.455],[120.012,-5.387],[119.955,-5.355]]]},"properties":{"kode_bps":"7303"}},
{"type":"Feature","geometry":{"type":"Polygon","coordinates":[[[119.937,-5.387],[119.874,-5.432],[119.786,-5.569],[119.73,-5.561],[119.706,-5.506],[119.658,-5.486],[119.648,-5.453],[119.573,-5.447],[119.524,-5.446],[119.522,-5.485],[119.487,-5.511],[119.505,-5.523],[119.513,-5.569],[119.585,-5.615],[119.651,-5.629],[119.641,-5.672],[119.705,-5.703],[119.793,-5.701],[119.85,-5.665],[119.9,-5.557],[119.863,-5.531],[119.876,-5.527],[119.88,-5.491],[119.937,-5.387]]]},"properties":{"kode_bps":"7304"}},
{"type":"Feature","geometry":{"type":"Polygon","coordinates":[[[119.386,-5.269],[119.354,-5.326],[119.361,-5.411],[119.432,-5.512],[119.44,-5.596],[119.505,-5.523],[119.487,-5.511],[119.522,-5.485],[119.524,-5.446],[119.573,-5.447],[119.638,-5.425],[119.647,-5.397],[119.6,-5.334],[119.593,-5.293],[119.542,-5.306],[119.529,-5.298],[119.502,-5.313],[119.426,-5.398],[119.419,-5.438],[119.401,-5.408],[119.393,-5.386],[119.406,-5.33],[119.386,-5.269]]]},"properties":{"kode_bps":"7305"}},
{"type":"Feature","geometry":{"type":"Polygon","coordinates":[[[119.937,-5.356],[119.981,-5.248],[119.992,-5.206],[120.004,-5.165],[119.938,-5.129],[119.864,-5.092],[119.858,-5.142],[119.775,-5.207],[119.748,-5.182],[119.601,-5.153],[119.572,-5.175],[119.519,-5.166],[119.513,-5.195],[119.397,-5.187],[119.401,-5.233],[119.386,-5.269],[119.406,-5.33],[119.393,-5.386],[119.401,-5.408],[119.419,-5.438],[119.426,-5.398],[119.502,-5.313],[119.529,-5.298],[119.542,-5.306],[119.593,-5.293],[119.6,-5.334],[119.647,-5.397],[119.638,-5.425],[119.648,-5.453],[119.658,-5.486],[119.73,-5.561],[119.786,-5.569],[119.874,-5.432],[119.937,-5.387],[119.937,-5.356]]]},"properties":{"kode_bps":"7306"}},
{"type":"Feature","geometry":{"type":"Polygon","coordinates":[[[119.955,-5.355],[119.958,-5.343],[120.04,-5.347],[120.061,-5.333],[120.125,-5.312],[120.307,-5.294],[120.311,-5.217],[120.265,-5.101],[120.25,-5.095],[120.131,-5.044],[120.081,-5.078],[120.019,-5.132],[120,-5.133],[120.004,-5.165],[119.992,-5.206],[119.981,-5.248],[119.937,-5.356],[119.955,-5.355]]]},"properties":{"kode_bps":"7307"}},
{"type":"Feature","geometry":{"type":"Polygon","coordinates":[[[119.813,-4.766],[119.81,-4.824],[119.786,-4.928],[119.747,-4.929],[119.674,-4.953],[119.667,-4.949],[119.668,-4.93],[119.646,-4.921],[119.603,-4.887],[119.564,-4.892],[119.53,-4.892],[119.479,-4.99],[119.502,-5.069],[119.541,-5.083],[119.493,-5.151],[119.572,-5.175],[119.601,-5.153],[119.748,-5.182],[119.775,-5.207],[119.835,-5.192],[119.858,-5.142],[119.864,-5.092],[119.847,-5.047],[119.884,-5.002],[119.897,-4.916],[119.969,-4.789],[119.885,-4.719],[119.813,-4.766]]]},"properties":{"kode_bps":"7308"}},
{"type":"Feature","geometry":{"type":"Polygon","coordinates":[[[119.594,-4.557],[119.526,-4.675],[119.491,-4.765],[119.507,-4.868],[119.53,-4.892],[119.564,-4.892],[119.603,-4.887],[119.646,-4.921],[119.669,-4.931],[119.668,-4.951],[119.721,-4.942],[119.747,-4.929],[119.786,-4.928],[119.81,-4.824],[119.807,-4.809],[119.764,-4.808],[119.726,-4.823],[119.701,-4.802],[119.69,-4.774],[119.681,-4.769],[119.659,-4.723],[119.631,-4.585],[119.594,-4.557]]]},"properties":{"kode_bps":"7309"}},
{"type":"Feature","geometry":{"type":"Polygon","coordinates":[[[119.62,-4.067],[119.636,-4.161],[119.595,-4.243],[119.636,-4.319],[119.597,-4.416],[119.594,-4.557],[119.631,-4.585],[119.659,-4.723],[119.681,-4.769],[119.724,-4.787],[119.733,-4.8],[119.755,-4.775],[119.8,-4.765],[119.813,-4.705],[119.758,-4.681],[119.758,-4.627],[119.798,-4.565],[119.786,-4.498],[119.755,-4.473],[119.755,-4.285],[119.706,-4.231],[119.73,-4.174],[119.749,-4.129],[119.67,-4.072],[119.62,-4.067]]]},"properties":{"kode_bps":"7310"}},
{"type":"Feature","geometry":{"type":"Polygon","coordinates":[[[119.724,-4.787],[119.697,-4.788],[119.699,-4.8],[119.721,-4.822],[119.753,-4.803],[119.764,-4.808],[119.807,-4.809],[119.813,-4.766],[119.885,-4.719],[119.969,-4.789],[119.897,-4.916],[119.884,-5.002],[119.846,-5.05],[119.861,-5.09],[119.893,-5.097],[119.938,-5.129],[120,-5.133],[120.019,-5.132],[120.081,-5.078],[120.131,-5.044],[120.25,-5.095],[120.265,-5.101],[120.306,-5.002],[120.293,-4.923],[120.306,-4.868],[120.379,-4.807],[120.4,-4.709],[120.445,-4.662],[120.4,-4.606],[120.377,-4.512],[120.397,-4.469],[120.347,-4.405],[120.393,-4.336],[120.335,-4.24],[120.283,-4.247],[120.237,-4.267],[120.225,-4.235],[120.139,-4.22],[120.076,-4.247],[120.077,-4.304],[120.096,-4.362],[120.08,-4.401],[120.049,-4.397],[120.058,-4.5],[120.038,-4.521],[119.939,-4.534],[119.901,-4.516],[119.821,-4.527],[119.798,-4.565],[119.765,-4.616],[119.754,-4.642],[119.76,-4.685],[119.813,-4.705],[119.8,-4.765],[119.755,-4.775],[119.733,-4.8],[119.724,-4.787]]]},"properties":{"kode_bps":"7311"}},
{"type":"Feature","geometry":{"type":"Polygon","coordinates":[[[119.786,-4.498],[119.821,-4.527],[119.901,-4.516],[119.939,-4.534],[120.038,-4.521],[120.058,-4.5],[120.049,-4.397],[120.08,-4.401],[120.096,-4.362],[120.077,-4.304],[120.043,-4.286],[119.964,-4.274],[119.958,-4.258],[119.936,-4.206],[119.949,-4.184],[119.944,-4.176],[119.941,-4.186],[119.923,-4.183],[119.917,-4.163],[119.933,-4.134],[119.901,-4.117],[119.849,-4.098],[119.806,-4.132],[119.777,-4.133],[119.749,-4.129],[119.73,-4.174],[119.706,-4.231],[119.755,-4.285],[119.755,-4.473],[119.786,-4.498]]]},"properties":{"kode_bps":"7312"}},
{"type":"Feature","geometry":{"type":"Polygon","coordinates":[[[120.335,-4.24],[120.381,-4.177],[120.331,-4.096],[120.361,-4.022],[120.336,-3.935],[120.344,-3.892],[120.401,-3.786],[120.439,-3.746],[120.412,-3.664],[120.328,-3.65],[120.331,-3.679],[120.314,-3.69],[120.297,-3.718],[120.267,-3.722],[120.237,-3.708],[120.213,-3.73],[120.15,-3.773],[120.13,-3.846],[120.058,-3.855],[120.042,-3.912],[119.916,-3.933],[119.887,-4.019],[119.893,-4.079],[119.901,-4.117],[119.933,-4.134],[119.917,-4.163],[119.923,-4.183],[119.941,-4.186],[119.944,-4.176],[119.949,-4.184],[119.936,-4.206],[119.958,-4.258],[119.964,-4.274],[120.043,-4.286],[120.076,-4.247],[120.139,-4.22],[120.225,-4.235],[120.237,-4.267],[120.283,-4.247],[120.335,-4.24]]]},"properties":{"kode_bps":"7313"}},
{"type":"Feature","geometry":{"type":"Polygon","coordinates":[[[119.749,-4.129],[119.777,-4.133],[119.806,-4.132],[119.849,-4.098],[119.893,-4.079],[119.887,-4.019],[119.916,-3.933],[120.042,-3.912],[120.058,-3.855],[120.13,-3.846],[120.15,-3.773],[120.213,-3.73],[120.237,-3.708],[120.263,-3.722],[120.292,-3.72],[120.331,-3.68],[120.322,-3.65],[120.305,-3.649],[120.231,-3.592],[120.208,-3.594],[120.179,-3.507],[120.171,-3.498],[120.136,-3.501],[120.096,-3.483],[120.077,-3.509],[120.041,-3.541],[119.983,-3.67],[119.951,-3.66],[119.937,-3.709],[119.95,-3.779],[119.945,-3.81],[119.893,-3.817],[119.852,-3.803],[119.818,-3.748],[119.786,-3.729],[119.756,-3.745],[119.759,-3.765],[119.756,-3.801],[119.728,-3.863],[119.704,-3.906],[119.664,-3.961],[119.702,-4.019],[119.707,-4.079],[119.749,-4.129]]]},"properties":{"kode_bps":"7314"}},
{"type":"Feature","geometry":{"type":"Polygon","coordinates":[[[119.69,-3.36],[119.65,-3.36],[119.644,-3.318],[119.604,-3.282],[119.581,-3.288],[119.529,-3.275],[119.514,-3.297],[119.434,-3.258],[119.434,-3.316],[119.465,-3.377],[119.473,-3.413],[119.493,-3.484],[119.474,-3.503],[119.51,-3.597],[119.458,-3.642],[119.452,-3.714],[119.481,-3.749],[119.537,-3.898],[119.587,-3.974],[119.636,-3.982],[119.704,-3.906],[119.728,-3.863],[119.756,-3.801],[119.759,-3.765],[119.756,-3.745],[119.786,-3.729],[119.759,-3.699],[119.723,-3.646],[119.719,-3.556],[119.69,-3.36]]]},"properties":{"kode_bps":"7315"}},
{"type":"Feature","geometry":{"type":"Polygon","coordinates":[[[120.034,-3.374],[120.002,-3.334],[120.006,-3.318],[119.966,-3.292],[119.929,-3.281],[119.831,-3.249],[119.77,-3.274],[119.717,-3.298],[119.697,-3.35],[119.69,-3.36],[119.719,-3.556],[119.723,-3.646],[119.759,-3.699],[119.818,-3.748],[119.852,-3.803],[119.893,-3.817],[119.945,-3.81],[119.95,-3.779],[119.937,-3.709],[119.951,-3.66],[119.983,-3.67],[120.041,-3.541],[120.077,-3.509],[120.098,-3.475],[120.066,-3.438],[120.032,-3.403],[120.018,-3.387],[120.034,-3.374]]]},"properties":{"kode_bps":"7316"}},
{"type":"Feature","geometry":{"type":"MultiPolygon","coordinates":[[[[120.096,-3.483],[120.136,-3.501],[120.174,-3.5],[120.196,-3.581],[120.208,-3.594],[120.231,-3.592],[120.305,-3.649],[120.35,-3.65],[120.414,-3.662],[120.417,-3.573],[120.391,-3.489],[120.404,-3.34],[120.382,-3.202],[120.256,-3.16],[120.262,-3.082],[120.208,-3.06],[120.139,-3.087],[120.066,-3.05],[120.017,-3.119],[120.008,-3.173],[119.98,-3.224],[120.025,-3.282],[120.03,-3.322],[120.043,-3.352],[120.04,-3.372],[120.018,-3.387],[120.032,-3.403],[120.066,-3.438],[120.098,-3.475],[120.096,-3.483]]],[[[120.23,-2.953],[120.267,-2.894],[120.256,-2.838],[120.26,-2.824],[120.245,-2.815],[120.182,-2.764],[120.102,-2.666],[120.082,-2.695],[119.998,-2.701],[119.872,-2.741],[119.874,-2.754],[119.941,-2.781],[119.952,-2.83],[120.048,-2.954],[120.172,-2.887],[120.217,-2.896],[120.23,-2.953]]]]},"properties":{"kode_bps":"7317"}},
{"type":"Feature","geometry":{"type":"Polygon","coordinates":[[[120.034,-3.374],[120.03,-3.322],[120.025,-3.282],[119.98,-3.224],[119.956,-3.173],[119.963,-3.101],[119.948,-3.073],[119.923,-3.045],[119.803,-3.029],[119.783,-2.933],[119.733,-2.953],[119.71,-2.942],[119.687,-2.877],[119.696,-2.849],[119.675,-2.77],[119.63,-2.755],[119.573,-2.775],[119.577,-2.951],[119.565,-2.997],[119.636,-3.128],[119.536,-3.139],[119.476,-3.191],[119.439,-3.184],[119.395,-3.198],[119.434,-3.258],[119.514,-3.297],[119.529,-3.275],[119.581,-3.288],[119.603,-3.282],[119.615,-3.287],[119.62,-3.302],[119.645,-3.32],[119.65,-3.36],[119.697,-3.35],[119.717,-3.298],[119.77,-3.274],[119.831,-3.249],[119.929,-3.281],[119.966,-3.292],[120.006,-3.318],[120.002,-3.334],[120.034,-3.374]]]},"properties":{"kode_bps":"7318"}},
{"type":"Feature","geometry":{"type":"Polygon","coordinates":[[[120.267,-2.894],[120.319,-2.903],[120.355,-2.864],[120.453,-2.823],[120.534,-2.757],[120.573,-2.685],[120.656,-2.667],[120.631,-2.62],[120.621,-2.585],[120.545,-2.396],[120.531,-2.332],[120.472,-2.254],[120.52,-2.144],[120.508,-2.069],[120.521,-2.051],[120.484,-2.002],[120.471,-1.963],[120.403,-1.895],[120.34,-2.061],[120.271,-2.028],[120.179,-2.034],[120.113,-1.992],[120.051,-1.985],[120.022,-1.968],[119.969,-1.977],[119.909,-2.053],[119.87,-2.033],[119.87,-2.018],[119.851,-2.042],[119.792,-2.109],[119.762,-2.145],[119.729,-2.166],[119.706,-2.198],[119.675,-2.21],[119.658,-2.233],[119.633,-2.242],[119.629,-2.253],[119.636,-2.28],[119.674,-2.339],[119.72,-2.404],[119.694,-2.461],[119.731,-2.5],[119.711,-2.569],[119.797,-2.64],[119.858,-2.642],[119.852,-2.698],[119.872,-2.741],[119.998,-2.701],[120.082,-2.695],[120.102,-2.666],[120.182,-2.764],[120.245,-2.815],[120.26,-2.824],[120.256,-2.838],[120.267,-2.894]]]},"properties":{"kode_bps":"7322"}},
{"type":"Feature","geometry":{"type":"Polygon","coordinates":[[[121.358,-2.975],[121.412,-3.003],[121.492,-2.978],[121.547,-2.922],[121.638,-2.894],[121.691,-2.882],[121.67,-2.843],[121.724,-2.808],[121.722,-2.768],[121.778,-2.686],[121.778,-2.645],[121.738,-2.593],[121.684,-2.543],[121.626,-2.49],[121.56,-2.491],[121.49,-2.43],[121.442,-2.405],[121.408,-2.41],[121.231,-2.361],[121.181,-2.375],[121.097,-2.275],[121.053,-2.267],[121.034,-2.276],[120.991,-2.244],[120.88,-2.22],[120.805,-2.225],[120.757,-2.239],[120.724,-2.226],[120.615,-2.157],[120.521,-2.051],[120.508,-2.069],[120.52,-2.144],[120.472,-2.254],[120.531,-2.332],[120.545,-2.396],[120.621,-2.585],[120.631,-2.62],[120.674,-2.645],[120.817,-2.619],[121.037,-2.694],[121.079,-2.697],[121.032,-2.793],[121.084,-2.78],[121.172,-2.818],[121.221,-2.843],[121.281,-2.819],[121.295,-2.807],[121.319,-2.808],[121.358,-2.899],[121.358,-2.975]]]},"properties":{"kode_bps":"7325"}},
{"type":"Feature","geometry":{"type":"Polygon","coordinates":[[[120.048,-2.954],[119.952,-2.83],[119.941,-2.781],[119.874,-2.754],[119.852,-2.698],[119.858,-2.642],[119.778,-2.662],[119.748,-2.689],[119.675,-2.769],[119.696,-2.849],[119.687,-2.88],[119.712,-2.945],[119.733,-2.953],[119.783,-2.933],[119.803,-3.029],[119.923,-3.045],[119.948,-3.073],[119.963,-3.101],[119.956,-3.173],[120.008,-3.173],[120.017,-3.119],[120.066,-3.05],[120.084,-3.006],[120.048,-2.954]]]},"properties":{"kode_bps":"7326"}},
{"type":"Feature","geometry":{"type":"Polygon","coordinates":[[[119.519,-5.166],[119.493,-5.151],[119.541,-5.083],[119.502,-5.069],[119.409,-5.113],[119.38,-5.205],[119.401,-5.233],[119.397,-5.187],[119.513,-5.195],[119.519,-5.166]]]},"properties":{"kode_bps":"7371"}},
{"type":"Feature","geometry":{"type":"Polygon","coordinates":[[[119.707,-4.079],[119.702,-4.019],[119.664,-3.961],[119.621,-4.002],[119.62,-4.067],[119.67,-4.072],[119.707,-4.079]]]},"properties":{"kode_bps":"7372"}},
{"type":"Feature","geometry":{"type":"Polygon","coordinates":[[[120.23,-2.953],[120.217,-2.896],[120.172,-2.887],[120.048,-2.954],[120.084,-3.006],[120.139,-3.087],[120.208,-3.06],[120.23,-3.043],[120.23,-2.953]]]},"properties":{"kode_bps":"7373"}},
{"type":"Feature","geometry":{"type":"Polygon","coordinates":[[[122.954,-5.141],[122.867,-5.1],[122.786,-5.101],[122.737,-5.175],[122.799,-5.192],[122.794,-5.242],[122.714,-5.262],[122.708,-5.332],[122.748,-5.361],[122.77,-5.413],[122.76,-5.423],[122.739,-5.491],[122.807,-5.532],[122.821,-5.625],[122.894,-5.565],[122.898,-5.524],[122.849,-5.486],[122.895,-5.439],[122.976,-5.394],[123.017,-5.443],[123.131,-5.399],[123.217,-5.303],[123.105,-5.189],[123.034,-5.136],[122.945,-5.216],[122.954,-5.141]]]},"properties":{"kode_bps":"7401"}},
{"type":"Feature","geometry":{"type":"MultiPolygon","coordinates":[[[[122.626,-5.204],[122.589,-5.16],[122.637,-5.059],[122.704,-5.006],[122.765,-4.93],[122.726,-4.85],[122.745,-4.793],[122.699,-4.617],[122.631,-4.632],[122.656,-4.723],[122.587,-4.772],[122.661,-4.89],[122.586,-4.997],[122.525,-4.938],[122.42,-4.896],[122.366,-4.92],[122.384,-4.98],[122.381,-5.088],[122.316,-5.142],[122.441,-5.227],[122.626,-5.204]]],[[[122.928,-4.612],[122.849,-4.609],[122.828,-4.678],[122.857,-4.78],[122.8,-5.051],[122.829,-5.098],[122.878,-5.027],[122.892,-4.948],[122.922,-4.873],[122.924,-4.837],[122.914,-4.797],[122.928,-4.612]]]]},"properties":{"kode_bps":"7402"}},
{"type":"Feature","geometry":{"type":"MultiPolygon","coordinates":[[[[121.994,-4.132],[122.091,-4.114],[122.179,-4.065],[122.222,-4.005],[122.284,-4.005],[122.44,-4.008],[122.452,-3.94],[122.481,-3.909],[122.581,-3.94],[122.573,-3.904],[122.507,-3.882],[122.459,-3.819],[122.429,-3.858],[122.357,-3.864],[122.314,-3.869],[122.269,-3.769],[122.213,-3.744],[122.177,-3.768],[122.081,-3.717],[122.042,-3.62],[121.92,-3.562],[121.856,-3.559],[121.794,-3.583],[121.764,-3.483],[121.67,-3.471],[121.554,-3.386],[121.531,-3.399],[121.503,-3.45],[121.533,-3.542],[121.56,-3.587],[121.612,-3.681],[121.619,-3.736],[121.672,-3.731],[121.701,-3.778],[121.791,-3.727],[121.865,-3.756],[121.863,-3.792],[121.931,-3.832],[121.97,-3.901],[121.953,-4.003],[121.988,-4.106],[121.994,-4.132]]],[[[121.431,-3.273],[121.504,-3.224],[121.554,-3.203],[121.591,-3.16],[121.649,-3.167],[121.672,-3.219],[121.764,-3.25],[121.828,-3.226],[122.079,-2.962],[122.061,-2.949],[121.921,-2.99],[121.771,-2.943],[121.73,-2.916],[121.714,-2.92],[121.638,-2.894],[121.547,-2.922],[121.492,-2.978],[121.412,-3.003],[121.358,-2.975],[121.361,-3.052],[121.442,-3.168],[121.431,-3.273]]]]},"properties":{"kode_bps":"7403"}},
{"type":"Feature","geometry":{"type":"Polygon","coordinates":[[[121.805,-4.414],[121.805,-4.384],[121.777,-4.294],[121.739,-4.267],[121.779,-4.163],[121.762,-4.044],[121.678,-3.977],[121.697,-3.942],[121.624,-3.894],[121.605,-3.823],[121.524,-3.748],[121.432,-3.703],[121.428,-3.62],[121.37,-3.631],[121.29,-3.69],[121.253,-3.659],[121.161,-3.704],[121.106,-3.746],[121.17,-3.826],[121.246,-3.829],[121.3,-3.89],[121.319,-3.945],[121.371,-4.004],[121.506,-4.018],[121.61,-4.067],[121.617,-4.151],[121.566,-4.262],[121.526,-4.246],[121.524,-4.402],[121.475,-4.551],[121.491,-4.592],[121.558,-4.569],[121.638,-4.568],[121.723,-4.524],[121.782,-4.456],[121.805,-4.414]]]},"properties":{"kode_bps":"7404"}},
{"type":"Feature","geometry":{"type":"Polygon","coordinates":[[[122.099,-4.506],[122.163,-4.528],[122.217,-4.482],[122.261,-4.493],[122.39,-4.456],[122.421,-4.429],[122.524,-4.439],[122.594,-4.394],[122.677,-4.483],[122.745,-4.509],[122.742,-4.432],[122.663,-4.356],[122.697,-4.328],[122.77,-4.409],[122.832,-4.449],[122.901,-4.378],[122.881,-4.295],[122.907,-4.231],[122.885,-4.126],[122.85,-4.07],[122.8,-4.156],[122.677,-4.158],[122.649,-4.058],[122.616,-4.026],[122.527,-4.091],[122.44,-4.018],[122.44,-4.008],[122.284,-4.005],[122.222,-4.005],[122.179,-4.065],[122.091,-4.114],[121.994,-4.132],[122.015,-4.202],[122.01,-4.36],[121.977,-4.379],[121.908,-4.378],[122,-4.428],[122.099,-4.506]]]},"properties":{"kode_bps":"7405"}},
{"type":"Feature","geometry":{"type":"MultiPolygon","coordinates":[[[[122.045,-5.401],[122.049,-5.244],[122.035,-5.149],[121.992,-5.159],[121.967,-5.062],[121.839,-5.113],[121.832,-5.202],[121.794,-5.277],[121.875,-5.388],[121.955,-5.405],[122.045,-5.401]]],[[[121.908,-4.378],[121.882,-4.376],[121.806,-4.405],[121.806,-4.421],[121.782,-4.456],[121.723,-4.524],[121.638,-4.568],[121.558,-4.569],[121.491,-4.592],[121.467,-4.683],[121.55,-4.773],[121.66,-4.818],[121.71,-4.855],[121.812,-4.835],[121.88,-4.876],[122.023,-4.893],[122.099,-4.812],[122.046,-4.768],[122.031,-4.667],[122.099,-4.506],[122,-4.428],[121.908,-4.378]]]]},"properties":{"kode_bps":"7406"}},
{"type":"Feature","geometry":{"type":"MultiPolygon","coordinates":[[[[123.987,-5.878],[123.982,-5.963],[124.081,-6.001],[124.042,-5.908],[123.987,-5.878]]],[[[123.733,-5.48],[123.72,-5.517],[123.761,-5.551],[123.812,-5.558],[123.733,-5.48]]],[[[123.575,-5.247],[123.52,-5.259],[123.538,-5.349],[123.617,-5.384],[123.643,-5.292],[123.575,-5.247]]]]},"properties":{"kode_bps":"7407"}},
{"type":"Feature","geometry":{"type":"Polygon","coordinates":[[[121.253,-3.659],[121.237,-3.604],[121.12,-3.49],[121.155,-3.436],[121.123,-3.411],[121.158,-3.297],[121.28,-3.227],[121.318,-3.303],[121.416,-3.356],[121.441,-3.351],[121.428,-3.326],[121.442,-3.168],[121.361,-3.052],[121.358,-2.975],[121.358,-2.899],[121.319,-2.808],[121.302,-2.806],[121.281,-2.819],[121.221,-2.843],[121.172,-2.818],[121.121,-2.791],[121.079,-2.78],[121.032,-2.793],[121.016,-2.838],[121.091,-2.923],[121.06,-3.068],[121.056,-3.184],[121.02,-3.245],[120.972,-3.264],[120.938,-3.335],[120.866,-3.429],[120.88,-3.53],[120.945,-3.62],[121.01,-3.679],[121.084,-3.715],[121.161,-3.704],[121.253,-3.659]]]},"properties":{"kode_bps":"7408"}},
{"type":"Feature","geometry":{"type":"Polygon","coordinates":[[[122.954,-5.141],[122.979,-5.059],[122.952,-5.019],[122.969,-4.952],[123.009,-4.904],[122.994,-4.826],[123.04,-4.802],[123.033,-4.746],[123.11,-4.771],[123.149,-4.729],[123.174,-4.837],[123.214,-4.826],[123.212,-4.715],[123.18,-4.646],[123.198,-4.61],[123.139,-4.482],[123.081,-4.46],[123.042,-4.369],[122.908,-4.46],[122.867,-4.526],[122.849,-4.609],[122.928,-4.612],[122.914,-4.797],[122.925,-4.858],[122.892,-4.948],[122.878,-5.027],[122.848,-5.077],[122.954,-5.141]]]},"properties":{"kode_bps":"7409"}},
{"type":"Feature","geometry":{"type":"Polygon","coordinates":[[[121.503,-3.45],[121.531,-3.399],[121.554,-3.386],[121.67,-3.471],[121.764,-3.483],[121.794,-3.583],[121.856,-3.559],[121.92,-3.562],[122.042,-3.62],[122.081,-3.717],[122.177,-3.768],[122.213,-3.744],[122.269,-3.769],[122.314,-3.869],[122.357,-3.864],[122.429,-3.858],[122.459,-3.819],[122.444,-3.75],[122.363,-3.753],[122.196,-3.609],[122.2,-3.565],[122.282,-3.549],[122.302,-3.468],[122.249,-3.416],[122.29,-3.377],[122.296,-3.255],[122.314,-3.165],[122.222,-3.135],[122.172,-3.084],[122.179,-3.033],[122.1,-3.009],[122.085,-2.969],[122.079,-2.962],[121.828,-3.226],[121.764,-3.25],[121.672,-3.219],[121.649,-3.167],[121.591,-3.16],[121.554,-3.203],[121.504,-3.224],[121.431,-3.273],[121.43,-3.333],[121.503,-3.45]]]},"properties":{"kode_bps":"7410"}},
{"type":"Feature","geometry":{"type":"Polygon","coordinates":[[[121.882,-4.376],[121.977,-4.379],[122.004,-4.369],[122.011,-4.356],[122.014,-4.193],[121.988,-4.106],[121.953,-4.003],[121.97,-3.901],[121.931,-3.832],[121.863,-3.792],[121.865,-3.756],[121.791,-3.727],[121.701,-3.778],[121.672,-3.731],[121.619,-3.736],[121.612,-3.681],[121.56,-3.587],[121.533,-3.542],[121.524,-3.476],[121.441,-3.351],[121.416,-3.356],[121.318,-3.303],[121.28,-3.227],[121.158,-3.297],[121.123,-3.411],[121.155,-3.436],[121.12,-3.49],[121.237,-3.604],[121.253,-3.659],[121.29,-3.69],[121.37,-3.631],[121.428,-3.62],[121.432,-3.703],[121.524,-3.748],[121.605,-3.823],[121.624,-3.894],[121.697,-3.942],[121.678,-3.977],[121.762,-4.044],[121.779,-4.163],[121.739,-4.267],[121.777,-4.294],[121.805,-4.384],[121.805,-4.414],[121.806,-4.405],[121.882,-4.376]]]},"properties":{"kode_bps":"7411"}},
{"type":"Feature","geometry":{"type":"Polygon","coordinates":[[[123.087,-4.022],[123.011,-3.979],[122.947,-4.122],[123.01,-4.204],[123.117,-4.261],[123.247,-4.125],[123.254,-4.067],[123.192,-4.01],[123.087,-4.022]]]},"properties":{"kode_bps":"7412"}},
{"type":"Feature","geometry":{"type":"Polygon","coordinates":[[[122.631,-4.632],[122.476,-4.738],[122.374,-4.739],[122.318,-4.833],[122.366,-4.92],[122.42,-4.896],[122.525,-4.938],[122.586,-4.997],[122.661,-4.89],[122.587,-4.772],[122.656,-4.723],[122.631,-4.632]]]},"properties":{"kode_bps":"7413"}},
{"type":"Feature","geometry":{"type":"MultiPolygon","coordinates":[[[[121.955,-5.405],[121.955,-5.481],[122.05,-5.461],[122.045,-5.401],[121.955,-5.405]]],[[[122.316,-5.142],[122.315,-5.238],[122.266,-5.327],[122.272,-5.388],[122.465,-5.403],[122.52,-5.437],[122.594,-5.365],[122.639,-5.357],[122.646,-5.289],[122.626,-5.204],[122.441,-5.227],[122.316,-5.142]]]]},"properties":{"kode_bps":"7414"}},
{"type":"Feature","geometry":{"type":"MultiPolygon","coordinates":[[[[122.511,-5.624],[122.457,-5.693],[122.536,-5.693],[122.511,-5.624]]],[[[122.739,-5.491],[122.669,-5.496],[122.574,-5.538],[122.644,-5.699],[122.712,-5.619],[122.803,-5.696],[122.821,-5.625],[122.807,-5.532],[122.739,-5.491]]]]},"properties":{"kode_bps":"7415"}},
{"type":"Feature","geometry":{"type":"Polygon","coordinates":[[[122.452,-3.94],[122.44,-4.018],[122.527,-4.091],[122.616,-4.026],[122.581,-3.94],[122.481,-3.909],[122.452,-3.94]]]},"properties":{"kode_bps":"7471"}},
{"type":"Feature","geometry":{"type":"Polygon","coordinates":[[[122.708,-5.332],[122.655,-5.324],[122.62,-5.4],[122.628,-5.46],[122.564,-5.483],[122.574,-5.538],[122.669,-5.496],[122.741,-5.489],[122.77,-5.413],[122.748,-5.361],[122.708,-5.332]]]},"properties":{"kode_bps":"7472"}},
{"type":"Feature","geometry":{"type":"Polygon","coordinates":[[[122.248,0.854],[122.209,0.899],[122.084,0.921],[122.077,0.904],[122.082,0.844],[122.115,0.819],[122.135,0.596],[122.119,0.543],[122.119,0.497],[122.148,0.481],[122.477,0.507],[122.618,0.49],[122.655,0.495],[122.647,0.524],[122.629,0.535],[122.639,0.566],[122.595,0.639],[122.595,0.648],[122.493,0.728],[122.486,0.742],[122.478,0.743],[122.453,0.754],[122.43,0.755],[122.41,0.764],[122.395,0.773],[122.341,0.795],[122.282,0.78],[122.255,0.839],[122.248,0.854]]]},"properties":{"kode_bps":"7501"}},
{"type":"Feature","geometry":{"type":"Polygon","coordinates":[[[122.639,0.566],[122.629,0.534],[122.685,0.504],[122.693,0.473],[122.723,0.485],[122.822,0.498],[122.888,0.486],[123.039,0.513],[123.012,0.526],[123.031,0.547],[123.027,0.564],[123.074,0.608],[123.037,0.628],[123.081,0.695],[123.064,0.781],[123.037,0.782],[122.985,0.763],[122.967,0.716],[122.901,0.699],[122.877,0.765],[122.756,0.765],[122.645,0.848],[122.583,0.872],[122.419,0.885],[122.313,0.931],[122.279,0.912],[122.248,0.854],[122.255,0.839],[122.282,0.78],[122.341,0.795],[122.395,0.773],[122.41,0.764],[122.43,0.755],[122.453,0.754],[122.478,0.743],[122.486,0.742],[122.493,0.728],[122.595,0.648],[122.595,0.639],[122.639,0.566]]]},"properties":{"kode_bps":"7502"}},
{"type":"Feature","geometry":{"type":"Polygon","coordinates":[[[122.077,0.904],[122.032,0.886],[121.982,0.907],[121.955,0.908],[121.851,0.993],[121.812,0.95],[121.532,0.853],[121.467,0.847],[121.401,0.843],[121.35,0.821],[121.318,0.785],[121.289,0.798],[121.238,0.801],[121.216,0.792],[121.214,0.773],[121.173,0.685],[121.197,0.642],[121.239,0.602],[121.316,0.578],[121.331,0.523],[121.352,0.492],[121.44,0.465],[121.519,0.496],[121.535,0.546],[121.649,0.533],[121.732,0.502],[121.806,0.412],[121.869,0.442],[121.937,0.445],[122.119,0.497],[122.119,0.543],[122.135,0.596],[122.115,0.819],[122.082,0.844],[122.077,0.904]]]},"properties":{"kode_bps":"7503"}},
{"type":"Feature","geometry":{"type":"Polygon","coordinates":[[[123.533,0.577],[123.488,0.601],[123.486,0.627],[123.359,0.651],[123.322,0.699],[123.247,0.717],[123.251,0.754],[123.168,0.753],[123.085,0.806],[123.064,0.781],[123.081,0.695],[123.037,0.628],[123.074,0.608],[123.061,0.589],[123.1,0.503],[123.156,0.404],[123.195,0.394],[123.268,0.322],[123.345,0.306],[123.434,0.316],[123.48,0.354],[123.55,0.433],[123.523,0.49],[123.533,0.577]]]},"properties":{"kode_bps":"7504"}},
{"type":"Feature","geometry":{"type":"Polygon","coordinates":[[[122.209,0.899],[122.279,0.912],[122.313,0.931],[122.419,0.885],[122.583,0.872],[122.645,0.848],[122.756,0.765],[122.877,0.765],[122.901,0.699],[122.967,0.716],[122.985,0.763],[123.037,0.782],[123.085,0.806],[123.168,0.753],[123.251,0.754],[123.269,0.768],[123.268,0.794],[123.271,0.803],[123.179,0.862],[123.121,0.89],[123.02,0.933],[122.986,0.968],[122.922,0.861],[122.859,0.809],[122.774,0.878],[122.688,0.893],[122.65,0.949],[122.56,0.96],[122.445,0.999],[122.252,1.002],[122.195,1.038],[122.126,1.018],[122.093,1],[122.042,0.989],[122.023,0.958],[121.982,0.907],[122.032,0.886],[122.084,0.921],[122.209,0.899]]]},"properties":{"kode_bps":"7505"}},
{"type":"Feature","geometry":{"type":"Polygon","coordinates":[[[123.061,0.589],[123.027,0.564],[123.031,0.547],[123.012,0.526],[123.039,0.513],[123.1,0.503],[123.061,0.589]]]},"properties":{"kode_bps":"7571"}},
{"type":"Feature","geometry":{"type":"Polygon","coordinates":[[[119.069,-2.994],[119.007,-2.955],[118.994,-2.928],[118.957,-2.928],[118.944,-2.915],[118.894,-2.933],[118.848,-2.99],[118.84,-3.081],[118.782,-3.125],[118.827,-3.165],[118.829,-3.232],[118.858,-3.296],[118.845,-3.377],[118.879,-3.476],[118.938,-3.57],[119.006,-3.533],[118.985,-3.497],[118.916,-3.409],[118.905,-3.328],[118.913,-3.222],[118.953,-3.159],[118.984,-3.092],[119.065,-3.105],[119.069,-3.101],[119.059,-3.05],[119.069,-2.994]]]},"properties":{"kode_bps":"7601"}},
{"type":"Feature","geometry":{"type":"Polygon","coordinates":[[[118.985,-3.497],[119.065,-3.502],[119.233,-3.487],[119.299,-3.425],[119.386,-3.45],[119.474,-3.503],[119.493,-3.484],[119.473,-3.413],[119.465,-3.377],[119.433,-3.323],[119.295,-3.253],[119.224,-3.072],[119.148,-3.117],[119.081,-3.113],[119.045,-3.087],[118.984,-3.092],[118.953,-3.159],[118.913,-3.222],[118.905,-3.328],[118.916,-3.409],[118.985,-3.497]]]},"properties":{"kode_bps":"7602"}},
{"type":"Feature","geometry":{"type":"Polygon","coordinates":[[[119.065,-3.105],[119.081,-3.113],[119.148,-3.117],[119.224,-3.072],[119.295,-3.253],[119.433,-3.323],[119.431,-3.263],[119.395,-3.198],[119.439,-3.184],[119.476,-3.191],[119.536,-3.139],[119.636,-3.128],[119.565,-2.997],[119.577,-2.951],[119.573,-2.775],[119.583,-2.748],[119.553,-2.729],[119.48,-2.75],[119.39,-2.768],[119.377,-2.747],[119.232,-2.712],[119.165,-2.662],[119.081,-2.702],[119.04,-2.751],[119.025,-2.75],[119.025,-2.806],[119.011,-2.854],[119.034,-2.929],[119.069,-2.994],[119.059,-3.05],[119.069,-3.089],[119.065,-3.105]]]},"properties":{"kode_bps":"7603"}},
{"type":"Feature","geometry":{"type":"Polygon","coordinates":[[[119.674,-2.21],[119.637,-2.147],[119.478,-2.14],[119.412,-2.185],[119.29,-2.22],[119.226,-2.286],[119.142,-2.298],[119.143,-2.393],[119.124,-2.483],[119.041,-2.508],[119.031,-2.581],[119,-2.615],[118.873,-2.681],[118.822,-2.62],[118.778,-2.684],[118.758,-2.801],[118.769,-2.867],[118.851,-2.852],[118.944,-2.915],[118.957,-2.928],[118.994,-2.928],[119.007,-2.955],[119.034,-2.929],[119.011,-2.854],[119.025,-2.806],[119.025,-2.75],[119.04,-2.751],[119.081,-2.702],[119.165,-2.662],[119.232,-2.712],[119.377,-2.747],[119.39,-2.768],[119.48,-2.75],[119.553,-2.729],[119.583,-2.748],[119.63,-2.755],[119.68,-2.756],[119.748,-2.689],[119.778,-2.662],[119.797,-2.64],[119.711,-2.569],[119.731,-2.5],[119.694,-2.461],[119.72,-2.404],[119.674,-2.339],[119.636,-2.28],[119.632,-2.243],[119.657,-2.234],[119.674,-2.21]]]},"properties":{"kode_bps":"7604"}},
{"type":"Feature","geometry":{"type":"Polygon","coordinates":[[[119.573,-0.88],[119.481,-0.998],[119.461,-1.074],[119.337,-1.192],[119.303,-1.274],[119.332,-1.35],[119.291,-1.392],[119.288,-1.45],[119.325,-1.567],[119.281,-1.689],[119.34,-1.793],[119.347,-1.777],[119.353,-1.772],[119.365,-1.77],[119.39,-1.756],[119.431,-1.737],[119.448,-1.752],[119.511,-1.793],[119.595,-1.809],[119.674,-1.828],[119.851,-1.787],[119.866,-1.771],[119.827,-1.767],[119.776,-1.709],[119.733,-1.605],[119.671,-1.544],[119.7,-1.459],[119.686,-1.45],[119.682,-1.44],[119.666,-1.434],[119.61,-1.406],[119.589,-1.409],[119.52,-1.434],[119.478,-1.398],[119.448,-1.341],[119.565,-1.201],[119.572,-1.149],[119.593,-1.124],[119.573,-1.05],[119.553,-0.938],[119.573,-0.88]]]},"properties":{"kode_bps":"7605"}},
{"type":"Feature","geometry":{"type":"Polygon","coordinates":[[[119.87,-2.018],[119.864,-1.961],[119.86,-1.928],[119.857,-1.876],[119.858,-1.822],[119.851,-1.787],[119.674,-1.828],[119.595,-1.809],[119.511,-1.793],[119.448,-1.752],[119.431,-1.737],[119.39,-1.756],[119.365,-1.77],[119.353,-1.772],[119.347,-1.777],[119.34,-1.793],[119.364,-1.856],[119.333,-1.962],[119.29,-1.953],[119.213,-1.998],[119.188,-2.152],[119.145,-2.2],[119.142,-2.298],[119.226,-2.286],[119.29,-2.22],[119.412,-2.185],[119.478,-2.14],[119.637,-2.147],[119.674,-2.21],[119.729,-2.166],[119.762,-2.145],[119.792,-2.109],[119.851,-2.042],[119.87,-2.018]]]},"properties":{"kode_bps":"7606"}},
{"type":"Feature","geometry":{"type":"MultiPolygon","coordinates":[[[[131.033,-8.077],[130.973,-8.137],[130.923,-8.135],[130.922,-8.214],[130.873,-8.22],[130.799,-8.283],[130.827,-8.322],[130.898,-8.288],[130.926,-8.23],[130.988,-8.237],[131.038,-8.201],[131.142,-8.16],[131.033,-8.077]]],[[[131.097,-7.635],[130.962,-7.69],[130.998,-7.738],[131.036,-7.688],[131.102,-7.696],[131.097,-7.635]]],[[[130.856,-7.496],[130.844,-7.562],[130.929,-7.57],[130.955,-7.525],[130.856,-7.496]]],[[[131.161,-7.405],[130.989,-7.43],[131.004,-7.504],[131.137,-7.447],[131.161,-7.405]]],[[[131.655,-7.118],[131.53,-7.147],[131.537,-7.227],[131.474,-7.241],[131.432,-7.316],[131.355,-7.396],[131.261,-7.453],[131.184,-7.589],[131.17,-7.723],[131.128,-7.681],[131.111,-7.783],[131.082,-7.848],[131.119,-7.903],[131.107,-7.998],[131.229,-8.009],[131.292,-8.031],[131.341,-7.992],[131.327,-7.935],[131.364,-7.87],[131.479,-7.783],[131.485,-7.73],[131.554,-7.724],[131.62,-7.649],[131.667,-7.513],[131.657,-7.436],[131.677,-7.392],[131.637,-7.307],[131.66,-7.228],[131.711,-7.232],[131.71,-7.143],[131.655,-7.118]]],[[[131.959,-7.169],[131.911,-7.111],[131.755,-7.116],[131.727,-7.176],[131.845,-7.162],[131.902,-7.184],[131.909,-7.229],[131.974,-7.244],[131.959,-7.169]]],[[[131.579,-6.668],[131.518,-6.75],[131.585,-6.773],[131.623,-6.678],[131.579,-6.668]]]]},"properties":{"kode_bps":"8101"}},
{"type":"Feature","geometry":{"type":"MultiPolygon","coordinates":[[[[132.711,-5.652],[132.635,-5.675],[132.681,-5.725],[132.689,-5.806],[132.666,-5.902],[132.698,-5.949],[132.783,-5.94],[132.81,-5.804],[132.779,-5.728],[132.711,-5.652]]],[[[133.154,-5.285],[133.112,-5.295],[133.054,-5.455],[133.005,-5.649],[132.941,-5.688],[132.937,-5.778],[132.882,-5.842],[132.916,-5.902],[132.963,-5.743],[133.04,-5.647],[133.084,-5.626],[133.121,-5.566],[133.168,-5.356],[133.154,-5.285]]]]},"properties":{"kode_bps":"8102"}},
{"type":"Feature","geometry":{"type":"MultiPolygon","coordinates":[[[[128.487,-3.519],[128.415,-3.532],[128.41,-3.587],[128.524,-3.617],[128.576,-3.586],[128.551,-3.538],[128.487,-3.519]]],[[[128.603,-3.497],[128.595,-3.551],[128.666,-3.591],[128.682,-3.544],[128.603,-3.497]]],[[[128.271,-3.618],[128.354,-3.634],[128.322,-3.568],[128.354,-3.527],[128.288,-3.49],[128.214,-3.525],[128.14,-3.591],[128.028,-3.592],[127.921,-3.682],[127.943,-3.774],[127.994,-3.783],[128.038,-3.734],[128.034,-3.684],[128.065,-3.651],[128.182,-3.623],[128.239,-3.573],[128.271,-3.618]]],[[[130.101,-3.069],[130.11,-2.997],[130.072,-3.004],[130.031,-3.002],[129.909,-2.942],[129.879,-2.897],[129.814,-2.913],[129.785,-2.865],[129.619,-2.803],[129.548,-2.8],[129.527,-2.773],[129.377,-2.789],[129.346,-2.859],[129.131,-2.969],[129.064,-2.906],[129.078,-2.855],[129.033,-2.796],[128.916,-2.852],[128.757,-2.885],[128.753,-2.967],[128.752,-3.032],[128.776,-3.043],[128.834,-3.24],[128.885,-3.204],[128.967,-3.227],[128.966,-3.363],[129.084,-3.341],[129.188,-3.388],[129.289,-3.414],[129.411,-3.418],[129.538,-3.472],[129.569,-3.43],[129.498,-3.327],[129.52,-3.3],[129.763,-3.332],[129.857,-3.321],[129.884,-3.269],[129.927,-3.164],[130.096,-3.193],[130.101,-3.069]]]]},"properties":{"kode_bps":"8103"}},
{"type":"Feature","geometry":{"type":"Polygon","coordinates":[[[127.239,-3.634],[127.252,-3.592],[127.248,-3.45],[127.267,-3.385],[127.164,-3.335],[127.12,-3.383],[127.076,-3.374],[127.031,-3.265],[127.111,-3.234],[126.984,-3.138],[126.933,-3.143],[126.791,-3.059],[126.598,-3.064],[126.464,-3.085],[126.3,-3.093],[126.227,-3.138],[126.189,-3.185],[126.113,-3.157],[126.133,-3.302],[126.326,-3.361],[126.51,-3.436],[126.902,-3.519],[127.196,-3.609],[127.239,-3.634]]]},"properties":{"kode_bps":"8104"}},
{"type":"Feature","geometry":{"type":"MultiPolygon","coordinates":[[[[134.735,-6.6],[134.687,-6.592],[134.666,-6.676],[134.623,-6.757],[134.685,-6.775],[134.738,-6.701],[134.735,-6.6]]],[[[134.851,-6.493],[134.773,-6.511],[134.813,-6.562],[134.851,-6.493]]],[[[134.725,-6.492],[134.694,-6.443],[134.642,-6.475],[134.668,-6.557],[134.763,-6.533],[134.725,-6.492]]],[[[134.601,-6.414],[134.544,-6.362],[134.484,-6.454],[134.527,-6.497],[134.597,-6.462],[134.601,-6.414]]],[[[134.869,-6.282],[134.797,-6.39],[134.802,-6.45],[134.845,-6.477],[134.909,-6.321],[134.869,-6.282]]],[[[134.453,-6.274],[134.365,-6.331],[134.449,-6.448],[134.517,-6.398],[134.525,-6.337],[134.453,-6.274]]],[[[134.121,-6.162],[134.096,-6.165],[134.135,-6.312],[134.098,-6.494],[134.082,-6.695],[134.051,-6.774],[134.07,-6.829],[134.214,-6.907],[134.333,-6.86],[134.401,-6.732],[134.494,-6.657],[134.484,-6.582],[134.504,-6.523],[134.405,-6.398],[134.369,-6.403],[134.298,-6.36],[134.31,-6.303],[134.289,-6.291],[134.267,-6.261],[134.25,-6.26],[134.224,-6.222],[134.149,-6.201],[134.121,-6.162]]],[[[134.152,-6.004],[134.115,-6.101],[134.18,-6.2],[134.215,-6.191],[134.242,-6.234],[134.274,-6.261],[134.288,-6.284],[134.315,-6.276],[134.364,-6.324],[134.423,-6.281],[134.367,-6.226],[134.338,-6.226],[134.31,-6.175],[134.233,-6.122],[134.225,-6.016],[134.152,-6.004]]],[[[134.569,-5.935],[134.537,-5.919],[134.433,-6.019],[134.382,-6.019],[134.347,-6.041],[134.326,-6.023],[134.279,-6.05],[134.284,-6.146],[134.312,-6.171],[134.345,-6.22],[134.387,-6.23],[134.4,-6.258],[134.458,-6.267],[134.502,-6.294],[134.546,-6.349],[134.623,-6.373],[134.729,-6.301],[134.765,-6.206],[134.783,-6.095],[134.755,-6.048],[134.662,-5.975],[134.656,-5.944],[134.569,-5.935]]],[[[134.751,-5.844],[134.706,-5.832],[134.646,-5.869],[134.667,-5.934],[134.712,-5.977],[134.768,-5.874],[134.751,-5.844]]],[[[134.693,-5.73],[134.66,-5.733],[134.677,-5.772],[134.692,-5.777],[134.697,-5.805],[134.714,-5.813],[134.731,-5.81],[134.747,-5.785],[134.693,-5.73]]],[[[134.552,-5.561],[134.536,-5.627],[134.616,-5.723],[134.64,-5.712],[134.654,-5.722],[134.691,-5.725],[134.767,-5.669],[134.745,-5.617],[134.687,-5.582],[134.621,-5.583],[134.552,-5.561]]],[[[134.442,-5.801],[134.375,-5.799],[134.374,-5.848],[134.298,-5.898],[134.337,-5.946],[134.302,-6.019],[134.321,-6.017],[134.354,-6.035],[134.383,-6.016],[134.43,-6.018],[134.535,-5.916],[134.585,-5.93],[134.625,-5.879],[134.713,-5.816],[134.697,-5.806],[134.69,-5.797],[134.689,-5.776],[134.676,-5.773],[134.669,-5.754],[134.654,-5.747],[134.637,-5.714],[134.615,-5.725],[134.533,-5.627],[134.528,-5.566],[134.445,-5.575],[134.416,-5.64],[134.335,-5.728],[134.238,-5.671],[134.211,-5.716],[134.261,-5.759],[134.367,-5.769],[134.442,-5.801]]],[[[134.505,-5.492],[134.506,-5.554],[134.599,-5.56],[134.621,-5.581],[134.699,-5.566],[134.648,-5.439],[134.5,-5.42],[134.505,-5.492]]],[[[134.583,-5.329],[134.508,-5.368],[134.542,-5.41],[134.583,-5.329]]]]},"properties":{"kode_bps":"8105"}},
{"type":"Feature","geometry":{"type":"MultiPolygon","coordinates":[[[[127.573,-3.256],[127.487,-3.298],[127.507,-3.331],[127.657,-3.366],[127.573,-3.256]]],[[[127.761,-3.151],[127.721,-3.16],[127.638,-3.226],[127.708,-3.26],[127.791,-3.256],[127.801,-3.22],[127.761,-3.151]]],[[[127.925,-2.912],[127.869,-3.004],[127.893,-3.041],[127.956,-3.008],[128.004,-2.942],[127.925,-2.912]]],[[[128.757,-2.885],[128.664,-2.84],[128.564,-2.854],[128.511,-2.834],[128.398,-2.871],[128.163,-2.864],[128.087,-3.021],[128.115,-3.065],[128,-3.071],[127.872,-3.19],[127.889,-3.271],[127.923,-3.303],[127.942,-3.381],[127.984,-3.384],[128.055,-3.342],[128.084,-3.145],[128.161,-3.067],[128.202,-3.126],[128.158,-3.188],[128.178,-3.227],[128.271,-3.216],[128.296,-3.234],[128.333,-3.329],[128.413,-3.435],[128.506,-3.46],[128.595,-3.426],[128.674,-3.433],[128.676,-3.365],[128.83,-3.232],[128.776,-3.043],[128.752,-3.032],[128.753,-2.967],[128.757,-2.885]]]]},"properties":{"kode_bps":"8106"}},
{"type":"Feature","geometry":{"type":"MultiPolygon","coordinates":[[[[131.409,-3.949],[131.367,-3.973],[131.418,-4.071],[131.45,-4.067],[131.409,-3.949]]],[[[129.884,-3.269],[129.858,-3.336],[129.927,-3.338],[129.971,-3.381],[129.971,-3.427],[130.015,-3.483],[130.1,-3.501],[130.132,-3.532],[130.415,-3.631],[130.484,-3.707],[130.567,-3.72],[130.657,-3.802],[130.818,-3.851],[130.833,-3.784],[130.832,-3.659],[130.875,-3.625],[130.875,-3.567],[130.807,-3.489],[130.843,-3.468],[130.805,-3.407],[130.663,-3.401],[130.629,-3.315],[130.638,-3.282],[130.6,-3.148],[130.553,-3.108],[130.495,-3.104],[130.439,-3.031],[130.353,-2.975],[130.265,-2.979],[130.221,-3.005],[130.11,-2.996],[130.101,-3.069],[130.096,-3.193],[129.927,-3.164],[129.884,-3.269]]]]},"properties":{"kode_bps":"8107"}},
{"type":"Feature","geometry":{"type":"MultiPolygon","coordinates":[[[[128.217,-8.207],[128.095,-8.22],[128.079,-8.257],[128.151,-8.278],[128.232,-8.273],[128.217,-8.207]]],[[[128.871,-8.183],[128.869,-8.23],[129.016,-8.261],[129.029,-8.216],[128.965,-8.185],[128.871,-8.183]]],[[[127.696,-8.155],[127.601,-8.216],[127.659,-8.238],[127.751,-8.206],[127.696,-8.155]]],[[[127.79,-8.105],[127.794,-8.185],[127.864,-8.215],[127.946,-8.221],[127.96,-8.247],[128.045,-8.259],[128.1,-8.139],[127.948,-8.146],[127.926,-8.128],[127.79,-8.105]]],[[[127.2,-8.014],[127.136,-8.038],[127.172,-8.107],[127.229,-8.105],[127.2,-8.014]]],[[[129.518,-7.843],[129.516,-7.928],[129.57,-7.909],[129.518,-7.843]]],[[[129.679,-7.786],[129.597,-7.823],[129.582,-7.899],[129.672,-8.009],[129.754,-8.055],[129.792,-8.044],[129.864,-7.919],[129.819,-7.817],[129.679,-7.786]]],[[[126.626,-7.557],[126.47,-7.589],[126.44,-7.631],[126.38,-7.637],[126.323,-7.695],[126.236,-7.688],[126.185,-7.728],[126.033,-7.698],[125.947,-7.662],[125.911,-7.734],[125.862,-7.768],[125.871,-7.815],[125.807,-7.861],[125.827,-7.916],[125.816,-7.995],[125.925,-7.942],[126.071,-7.888],[126.132,-7.891],[126.177,-7.925],[126.33,-7.914],[126.421,-7.931],[126.463,-7.974],[126.549,-7.823],[126.696,-7.751],[126.843,-7.734],[126.785,-7.662],[126.723,-7.667],[126.637,-7.603],[126.626,-7.557]]],[[[127.389,-7.496],[127.323,-7.629],[127.386,-7.649],[127.409,-7.601],[127.483,-7.573],[127.46,-7.527],[127.389,-7.496]]],[[[128.612,-7.063],[128.542,-7.106],[128.525,-7.143],[128.624,-7.213],[128.689,-7.165],[128.7,-7.107],[128.612,-7.063]]]]},"properties":{"kode_bps":"8108"}},
{"type":"Feature","geometry":{"type":"MultiPolygon","coordinates":[[[[127.236,-3.838],[127.196,-3.816],[127.142,-3.853],[127.164,-3.889],[127.227,-3.882],[127.236,-3.838]]],[[[126.113,-3.157],[126.093,-3.112],[126.017,-3.174],[126.007,-3.359],[126.074,-3.478],[126.125,-3.502],[126.197,-3.624],[126.336,-3.68],[126.515,-3.795],[126.562,-3.793],[126.687,-3.861],[126.741,-3.857],[126.812,-3.804],[126.955,-3.77],[127.05,-3.689],[127.136,-3.661],[127.193,-3.676],[127.239,-3.634],[127.196,-3.609],[126.902,-3.519],[126.51,-3.436],[126.326,-3.361],[126.133,-3.302],[126.113,-3.157]]]]},"properties":{"kode_bps":"8109"}},
{"type":"Feature","geometry":{"type":"Polygon","coordinates":[[[128.271,-3.618],[128.239,-3.573],[128.182,-3.623],[128.065,-3.651],[128.034,-3.684],[128.099,-3.714],[128.13,-3.756],[128.227,-3.748],[128.297,-3.696],[128.271,-3.618]]]},"properties":{"kode_bps":"8171"}},
{"type":"Feature","geometry":{"type":"Polygon","coordinates":[[[132.793,-5.578],[132.74,-5.613],[132.771,-5.687],[132.814,-5.682],[132.793,-5.578]]]},"properties":{"kode_bps":"8172"}},
{"type":"Feature","geometry":{"type":"Polygon","coordinates":[[[127.709,0.821],[127.695,0.818],[127.676,0.831],[127.606,0.916],[127.595,0.967],[127.618,1.028],[127.604,1.108],[127.644,1.172],[127.636,1.322],[127.676,1.377],[127.658,1.417],[127.73,1.54],[127.718,1.642],[127.703,1.715],[127.719,1.789],[127.749,1.846],[127.789,1.911],[127.768,1.959],[127.694,1.931],[127.614,1.783],[127.576,1.761],[127.579,1.671],[127.554,1.597],[127.511,1.558],[127.536,1.5],[127.483,1.35],[127.408,1.234],[127.431,1.146],[127.399,1.084],[127.424,1.032],[127.479,1.064],[127.512,0.953],[127.491,0.926],[127.543,0.862],[127.629,0.861],[127.618,0.79],[127.661,0.776],[127.717,0.765],[127.731,0.759],[127.735,0.775],[127.72,0.786],[127.722,0.803],[127.709,0.821]]]},"properties":{"kode_bps":"8201"}},
{"type":"Feature","geometry":{"type":"MultiPolygon","coordinates":[[[[129.401,-0.013],[129.388,-0.061],[129.461,-0.092],[129.47,-0.139],[129.537,-0.213],[129.573,-0.179],[129.547,-0.13],[129.473,-0.087],[129.401,-0.013]]],[[[127.922,0.177],[127.915,0.272],[127.869,0.309],[127.906,0.365],[127.903,0.436],[127.977,0.483],[128.111,0.455],[128.168,0.457],[128.284,0.396],[128.458,0.404],[128.559,0.318],[128.619,0.316],[128.829,0.259],[128.794,0.314],[128.685,0.331],[128.685,0.466],[128.639,0.492],[128.618,0.468],[128.581,0.434],[128.51,0.443],[128.504,0.477],[128.438,0.505],[128.358,0.511],[128.317,0.555],[128.273,0.549],[128.211,0.601],[128.117,0.591],[128.045,0.638],[127.983,0.652],[127.854,0.618],[127.827,0.639],[127.792,0.643],[127.81,0.615],[127.81,0.598],[127.821,0.561],[127.806,0.49],[127.769,0.454],[127.807,0.374],[127.797,0.248],[127.824,0.209],[127.805,0.19],[127.788,0.154],[127.809,0.15],[127.877,0.131],[127.922,0.177]]]]},"properties":{"kode_bps":"8202"}},
{"type":"Feature","geometry":{"type":"MultiPolygon","coordinates":[[[[125.915,-1.98],[125.858,-2.06],[125.881,-2.139],[125.88,-2.21],[125.957,-2.322],[125.963,-2.387],[125.996,-2.445],[126.05,-2.477],[126.072,-2.42],[126.039,-2.36],[125.958,-2.159],[125.992,-2.026],[125.915,-1.98]]],[[[125.405,-1.775],[125.328,-1.831],[125.333,-1.876],[125.434,-1.886],[125.441,-1.927],[125.528,-1.948],[125.579,-1.929],[125.759,-1.929],[125.843,-1.894],[125.902,-1.935],[126.089,-1.879],[126.139,-1.891],[126.206,-1.867],[126.246,-1.879],[126.305,-1.829],[126.197,-1.805],[126.128,-1.811],[125.913,-1.793],[125.689,-1.822],[125.604,-1.819],[125.54,-1.786],[125.489,-1.82],[125.457,-1.778],[125.405,-1.775]]]]},"properties":{"kode_bps":"8203"}},
{"type":"Feature","geometry":{"type":"MultiPolygon","coordinates":[[[[127.361,-1.364],[127.322,-1.365],[127.317,-1.437],[127.399,-1.405],[127.361,-1.364]]],[[[127.642,-1.33],[127.513,-1.417],[127.444,-1.434],[127.406,-1.525],[127.392,-1.617],[127.409,-1.662],[127.497,-1.724],[127.648,-1.731],[127.716,-1.687],[127.817,-1.701],[127.889,-1.683],[127.981,-1.699],[128.024,-1.727],[128.089,-1.722],[128.156,-1.684],[128.165,-1.615],[128.09,-1.584],[127.934,-1.448],[127.801,-1.413],[127.78,-1.373],[127.707,-1.336],[127.642,-1.33]]],[[[127.599,-1.21],[127.511,-1.178],[127.467,-1.253],[127.61,-1.262],[127.693,-1.285],[127.695,-1.227],[127.599,-1.21]]],[[[127.258,-0.606],[127.221,-0.603],[127.165,-0.749],[127.246,-0.766],[127.294,-0.799],[127.304,-0.684],[127.253,-0.648],[127.258,-0.606]]],[[[127.525,-0.302],[127.479,-0.388],[127.426,-0.406],[127.372,-0.317],[127.296,-0.436],[127.306,-0.514],[127.359,-0.58],[127.48,-0.63],[127.442,-0.737],[127.463,-0.814],[127.653,-0.75],[127.682,-0.839],[127.77,-0.87],[127.87,-0.827],[127.894,-0.758],[127.799,-0.679],[127.648,-0.683],[127.647,-0.629],[127.596,-0.598],[127.664,-0.517],[127.693,-0.456],[127.525,-0.302]]],[[[127.241,-0.246],[127.15,-0.257],[127.119,-0.374],[127.123,-0.51],[127.171,-0.531],[127.278,-0.456],[127.241,-0.246]]],[[[127.437,0.13],[127.405,0.01],[127.47,0.034],[127.437,0.13]]],[[[127.71,-0.008],[127.663,-0.221],[127.751,-0.32],[127.864,-0.366],[127.989,-0.612],[128.002,-0.668],[128.066,-0.718],[128.24,-0.779],[128.226,-0.839],[128.352,-0.89],[128.381,-0.853],[128.234,-0.721],[128.185,-0.629],[128.102,-0.511],[128.049,-0.417],[127.982,-0.264],[127.965,-0.164],[127.89,-0.001],[127.888,0.083],[127.924,0.111],[127.922,0.177],[127.877,0.131],[127.809,0.15],[127.797,0.054],[127.802,0.021],[127.71,-0.008]]],[[[127.417,0.375],[127.344,0.331],[127.386,0.277],[127.443,0.337],[127.417,0.375]]]]},"properties":{"kode_bps":"8204"}},
{"type":"Feature","geometry":{"type":"Polygon","coordinates":[[[127.709,0.821],[127.697,0.834],[127.694,0.879],[127.661,0.868],[127.626,0.972],[127.651,1.022],[127.758,1.069],[127.825,1.147],[127.903,1.15],[127.919,1.228],[127.972,1.276],[127.989,1.381],[128.035,1.531],[128,1.598],[127.993,1.668],[128.012,1.737],[127.929,1.812],[127.861,1.806],[127.842,1.848],[127.852,1.926],[127.952,1.991],[127.955,2.04],[128.032,2.124],[128.062,2.199],[127.977,2.209],[127.838,2.091],[127.788,2.024],[127.768,1.959],[127.789,1.911],[127.749,1.846],[127.719,1.789],[127.711,1.752],[127.704,1.703],[127.718,1.642],[127.73,1.54],[127.658,1.417],[127.676,1.377],[127.636,1.322],[127.644,1.172],[127.604,1.108],[127.618,1.028],[127.595,0.967],[127.606,0.916],[127.676,0.831],[127.695,0.818],[127.709,0.821]]]},"properties":{"kode_bps":"8205"}},
{"type":"Feature","geometry":{"type":"Polygon","coordinates":[[[127.731,0.759],[127.768,0.707],[127.783,0.692],[127.792,0.643],[127.827,0.639],[127.854,0.618],[127.983,0.652],[128.045,0.638],[128.117,0.591],[128.211,0.601],[128.273,0.549],[128.317,0.555],[128.358,0.511],[128.438,0.505],[128.504,0.477],[128.51,0.443],[128.581,0.434],[128.618,0.468],[128.639,0.492],[128.68,0.549],[128.572,0.562],[128.434,0.632],[128.312,0.66],[128.295,0.701],[128.239,0.735],[128.198,0.79],[128.282,0.852],[128.335,0.912],[128.442,0.93],[128.533,0.971],[128.61,1.042],[128.683,1.068],[128.691,1.198],[128.742,1.31],[128.742,1.371],[128.68,1.495],[128.723,1.572],[128.672,1.59],[128.553,1.567],[128.507,1.532],[128.467,1.551],[128.37,1.501],[128.346,1.46],[128.246,1.421],[128.156,1.354],[128.111,1.249],[128.18,1.242],[128.201,1.199],[128.172,1.129],[128.033,1.116],[127.981,1.087],[127.925,0.966],[127.931,0.876],[127.844,0.805],[127.754,0.808],[127.694,0.879],[127.697,0.834],[127.721,0.804],[127.735,0.775],[127.731,0.759]]]},"properties":{"kode_bps":"8206"}},
{"type":"Feature","geometry":{"type":"Polygon","coordinates":[[[128.611,2.571],[128.566,2.645],[128.526,2.577],[128.467,2.597],[128.412,2.528],[128.362,2.508],[128.297,2.443],[128.285,2.372],[128.213,2.302],[128.249,2.19],[128.253,2.094],[128.3,2.036],[128.522,2.069],[128.623,2.214],[128.654,2.31],[128.65,2.367],[128.694,2.424],[128.688,2.502],[128.611,2.571]]]},"properties":{"kode_bps":"8207"}},
{"type":"Feature","geometry":{"type":"Polygon","coordinates":[[[124.531,-1.631],[124.49,-1.659],[124.401,-1.66],[124.36,-1.718],[124.336,-1.887],[124.416,-2.023],[124.524,-2.018],[124.682,-1.976],[124.774,-1.916],[124.865,-1.892],[124.891,-1.927],[125.009,-1.944],[125.043,-1.887],[125.127,-1.878],[125.309,-1.893],[125.322,-1.786],[125.298,-1.739],[125.243,-1.723],[125.214,-1.792],[125.18,-1.78],[125.184,-1.703],[125.108,-1.691],[125.069,-1.772],[125.021,-1.718],[124.959,-1.695],[124.898,-1.709],[124.871,-1.68],[124.643,-1.64],[124.531,-1.631]]]},"properties":{"kode_bps":"8208"}},
{"type":"Feature","geometry":{"type":"Polygon","coordinates":[[[127.328,0.867],[127.294,0.791],[127.37,0.76],[127.389,0.829],[127.328,0.867]]]},"properties":{"kode_bps":"8271"}},
{"type":"Feature","geometry":{"type":"MultiPolygon","coordinates":[[[[127.407,0.758],[127.362,0.678],[127.402,0.622],[127.448,0.654],[127.46,0.715],[127.407,0.758]]],[[[127.618,0.79],[127.547,0.729],[127.527,0.554],[127.562,0.516],[127.579,0.415],[127.661,0.342],[127.734,0.313],[127.692,0.146],[127.722,0.072],[127.71,-0.008],[127.802,0.021],[127.797,0.054],[127.788,0.155],[127.805,0.191],[127.822,0.202],[127.814,0.231],[127.797,0.248],[127.807,0.374],[127.769,0.454],[127.806,0.49],[127.821,0.561],[127.81,0.598],[127.81,0.615],[127.792,0.631],[127.783,0.692],[127.768,0.707],[127.717,0.765],[127.661,0.776],[127.618,0.79]]]]},"properties":{"kode_bps":"8272"}},
{"type":"Feature","geometry":{"type":"Polygon","coordinates":[[[133.678,-3.004],[133.5,-2.857],[133.383,-2.792],[133.041,-2.514],[132.889,-2.694],[132.792,-2.786],[132.744,-2.806],[132.687,-2.778],[132.589,-2.695],[132.23,-2.655],[132.143,-2.666],[132.146,-2.724],[132.058,-2.75],[132.048,-2.81],[132.006,-2.82],[132.032,-2.901],[132.087,-2.963],[132.237,-2.923],[132.309,-2.936],[132.42,-2.995],[132.562,-3.113],[132.559,-3.157],[132.641,-3.188],[132.642,-3.271],[132.666,-3.321],[132.733,-3.342],[132.732,-3.286],[132.813,-3.268],[132.833,-3.309],[132.804,-3.365],[132.82,-3.454],[132.89,-3.479],[132.913,-3.553],[132.896,-3.651],[132.731,-3.642],[132.736,-3.693],[132.826,-3.892],[133.123,-3.588],[133.22,-3.451],[133.355,-3.299],[133.514,-3.141],[133.678,-3.004]]]},"properties":{"kode_bps":"9101"}},
{"type":"Feature","geometry":{"type":"MultiPolygon","coordinates":[[[[133.221,-4.112],[133.191,-4.156],[133.279,-4.245],[133.328,-4.254],[133.342,-4.205],[133.286,-4.186],[133.221,-4.112]]],[[[134.101,-3.914],[134.086,-3.981],[134.162,-3.979],[134.101,-3.914]]],[[[135.002,-4.106],[135.258,-3.752],[135.164,-3.727],[135.045,-3.675],[134.889,-3.631],[134.487,-3.49],[134.413,-3.474],[134.251,-3.402],[134.224,-3.35],[134.279,-3.24],[134.323,-3.185],[134.233,-3.043],[134.173,-2.852],[134.133,-2.84],[133.865,-2.955],[133.77,-3.006],[133.678,-3.004],[133.514,-3.141],[133.355,-3.299],[133.22,-3.451],[133.123,-3.588],[132.826,-3.892],[132.85,-3.933],[132.849,-4.02],[132.895,-4.112],[133.001,-4.061],[133.14,-4.079],[133.231,-3.998],[133.334,-4.001],[133.442,-3.866],[133.399,-3.74],[133.46,-3.674],[133.509,-3.591],[133.587,-3.574],[133.602,-3.531],[133.546,-3.443],[133.643,-3.415],[133.672,-3.307],[133.658,-3.163],[133.73,-3.044],[133.838,-2.995],[133.835,-3.093],[133.778,-3.119],[133.779,-3.175],[133.723,-3.182],[133.672,-3.245],[133.703,-3.41],[133.642,-3.452],[133.653,-3.502],[133.739,-3.651],[133.789,-3.618],[133.847,-3.638],[133.909,-3.701],[133.917,-3.785],[133.965,-3.864],[134.043,-3.785],[134.065,-3.823],[134.121,-3.792],[134.182,-3.828],[134.136,-3.895],[134.184,-3.946],[134.28,-4.003],[134.294,-3.958],[134.44,-3.917],[134.511,-4.041],[134.625,-3.95],[134.705,-3.917],[134.905,-3.936],[134.867,-3.973],[134.761,-3.93],[134.658,-3.98],[134.665,-4.036],[134.622,-4.118],[134.706,-4.138],[134.719,-4.198],[134.81,-4.252],[134.87,-4.251],[134.923,-4.183],[135.002,-4.106]]]]},"properties":{"kode_bps":"9102"}},
{"type":"Feature","geometry":{"type":"MultiPolygon","coordinates":[[[[134.573,-2.352],[134.502,-2.366],[134.531,-2.431],[134.588,-2.398],[134.573,-2.352]]],[[[134.413,-2.043],[134.36,-2],[134.311,-2.099],[134.37,-2.143],[134.413,-2.043]]],[[[134.636,-3.543],[134.727,-3.409],[134.704,-3.346],[134.599,-2.489],[134.531,-2.452],[134.46,-2.552],[134.521,-2.797],[134.495,-2.867],[134.407,-2.77],[134.333,-2.568],[134.261,-2.455],[134.216,-2.424],[134.157,-2.297],[134.121,-2.166],[134.104,-2.053],[134.142,-2.005],[134.1,-1.767],[134.003,-1.772],[134.005,-1.91],[134.074,-2.427],[134.076,-2.575],[134.129,-2.705],[134.233,-3.043],[134.323,-3.185],[134.279,-3.24],[134.224,-3.35],[134.251,-3.402],[134.413,-3.474],[134.487,-3.49],[134.636,-3.543]]],[[[134.235,-1.742],[134.203,-1.754],[134.148,-1.829],[134.147,-1.901],[134.193,-1.902],[134.235,-1.742]]]]},"properties":{"kode_bps":"9103"}},
{"type":"Feature","geometry":{"type":"MultiPolygon","coordinates":[[[[133.488,-2.402],[133.499,-2.465],[133.564,-2.51],[133.576,-2.444],[133.488,-2.402]]],[[[133.678,-3.004],[133.77,-3.006],[133.865,-2.955],[134.133,-2.84],[134.173,-2.852],[134.129,-2.705],[134.076,-2.575],[134.074,-2.427],[134.02,-2.005],[133.882,-2.023],[133.842,-1.87],[133.843,-1.759],[133.869,-1.692],[133.866,-1.597],[133.652,-1.588],[133.666,-1.511],[133.663,-1.363],[133.293,-1.266],[132.709,-1.16],[132.72,-1.219],[132.6,-1.415],[132.568,-1.594],[132.487,-1.805],[132.471,-1.913],[132.484,-2.058],[132.542,-2.19],[132.591,-2.19],[132.651,-2.286],[132.719,-2.299],[132.765,-2.257],[132.843,-2.24],[132.901,-2.278],[132.968,-2.292],[133.039,-2.237],[133.098,-2.233],[133.158,-2.198],[133.286,-2.192],[133.315,-2.214],[133.414,-2.207],[133.517,-2.228],[133.709,-2.198],[133.834,-2.136],[133.889,-2.148],[133.865,-2.202],[133.779,-2.24],[133.861,-2.333],[133.878,-2.386],[133.837,-2.412],[133.746,-2.427],[133.792,-2.517],[133.708,-2.503],[133.588,-2.569],[133.491,-2.533],[133.411,-2.536],[133.32,-2.452],[133.223,-2.413],[133.129,-2.438],[133.04,-2.513],[133.383,-2.792],[133.5,-2.857],[133.678,-3.004]]]]},"properties":{"kode_bps":"9104"}},
{"type":"Feature","geometry":{"type":"Polygon","coordinates":[[[134.186,-1.192],[134.106,-1.126],[134.071,-1.021],[134.01,-0.955],[134.044,-0.925],[134.041,-0.803],[133.946,-0.714],[133.877,-0.714],[133.813,-0.748],[133.759,-0.727],[133.72,-0.751],[133.605,-0.735],[133.509,-0.744],[133.484,-0.774],[133.473,-0.81],[133.47,-0.884],[133.649,-0.906],[133.825,-0.947],[133.826,-1.063],[133.925,-1.166],[133.962,-1.109],[134.071,-1.181],[134.06,-1.248],[134.087,-1.288],[134.186,-1.192]]]},"properties":{"kode_bps":"9105"}},
{"type":"Feature","geometry":{"type":"Polygon","coordinates":[[[134.194,-1.2],[134.186,-1.192],[134.087,-1.288],[134.107,-1.333],[134.04,-1.441],[133.99,-1.422],[133.879,-1.516],[133.741,-1.39],[133.663,-1.364],[133.666,-1.511],[133.652,-1.588],[133.866,-1.597],[133.869,-1.692],[133.843,-1.759],[133.842,-1.87],[133.882,-2.023],[134.019,-2.005],[134.005,-1.91],[134.003,-1.772],[134.093,-1.768],[134.081,-1.66],[134.121,-1.636],[134.199,-1.548],[134.199,-1.454],[134.247,-1.353],[134.277,-1.333],[134.203,-1.224],[134.194,-1.2]]]},"properties":{"kode_bps":"9111"}},
{"type":"Feature","geometry":{"type":"Polygon","coordinates":[[[133.488,-0.887],[133.517,-0.999],[133.469,-1.019],[133.456,-1.07],[133.367,-1.195],[133.334,-1.275],[133.721,-1.378],[133.879,-1.516],[133.99,-1.422],[134.04,-1.441],[134.107,-1.333],[134.06,-1.248],[134.071,-1.181],[133.962,-1.109],[133.925,-1.166],[133.826,-1.063],[133.825,-0.947],[133.649,-0.906],[133.488,-0.887]]]},"properties":{"kode_bps":"9112"}},
{"type":"Feature","geometry":{"type":"MultiPolygon","coordinates":[[[[130.264,-1.701],[130.054,-1.719],[129.977,-1.761],[129.897,-1.777],[129.861,-1.812],[129.742,-1.844],[129.718,-1.872],[129.786,-1.93],[129.96,-2.016],[130.088,-2.031],[130.117,-2.061],[130.254,-2.054],[130.323,-1.981],[130.366,-2.026],[130.444,-2.023],[130.445,-1.954],[130.37,-1.942],[130.437,-1.833],[130.416,-1.773],[130.37,-1.753],[130.377,-1.677],[130.264,-1.701]]],[[[129.895,-1.149],[129.765,-1.159],[129.792,-1.193],[129.876,-1.22],[129.978,-1.162],[129.895,-1.149]]],[[[131.082,-1.079],[131.13,-1.069],[131.143,-0.996],[131.092,-1.002],[131.082,-1.079]]],[[[130.979,-1.184],[131.044,-1.185],[131.083,-1.01],[131.03,-0.912],[130.936,-0.943],[130.921,-0.891],[130.832,-0.897],[130.783,-0.926],[130.634,-0.962],[130.677,-1.014],[130.743,-1.172],[130.78,-1.166],[130.848,-1.206],[130.979,-1.184]]],[[[130.817,-0.781],[130.733,-0.821],[130.671,-0.799],[130.572,-0.809],[130.531,-0.841],[130.446,-0.835],[130.422,-0.911],[130.518,-0.898],[130.537,-0.918],[130.676,-0.9],[130.734,-0.876],[130.872,-0.848],[130.817,-0.781]]],[[[129.91,-0.408],[129.842,-0.461],[129.869,-0.507],[129.915,-0.453],[129.91,-0.408]]],[[[130.617,-0.415],[130.519,-0.478],[130.467,-0.456],[130.453,-0.518],[130.592,-0.533],[130.659,-0.518],[130.694,-0.455],[130.617,-0.415]]],[[[130.641,-0.115],[130.695,-0.078],[130.727,-0.148],[130.77,-0.158],[130.794,-0.248],[130.861,-0.24],[130.917,-0.308],[130.94,-0.352],[130.994,-0.364],[131.067,-0.328],[131.176,-0.342],[131.244,-0.387],[131.305,-0.307],[131.311,-0.213],[131.293,-0.165],[131.19,-0.134],[131.149,-0.085],[131.073,-0.076],[131.03,-0.04],[130.965,-0.053],[130.874,-0.017],[130.77,-0.011],[130.665,-0.05],[130.581,-0.041],[130.568,-0.071],[130.49,-0.065],[130.422,-0.103],[130.337,-0.112],[130.44,-0.198],[130.423,-0.264],[130.524,-0.264],[130.568,-0.325],[130.675,-0.295],[130.7,-0.415],[130.724,-0.446],[130.79,-0.451],[130.932,-0.392],[130.915,-0.314],[130.888,-0.326],[130.843,-0.302],[130.766,-0.301],[130.739,-0.284],[130.653,-0.155],[130.641,-0.115]]]]},"properties":{"kode_bps":"9201"}},
{"type":"Feature","geometry":{"type":"MultiPolygon","coordinates":[[[[130.743,-1.172],[130.744,-1.225],[130.842,-1.295],[130.985,-1.347],[131.028,-1.2],[130.979,-1.184],[130.848,-1.206],[130.78,-1.166],[130.743,-1.172]]],[[[131.315,-0.946],[131.275,-0.948],[131.233,-1.103],[131.174,-1.229],[131.055,-1.256],[130.996,-1.386],[130.934,-1.44],[130.993,-1.465],[131.163,-1.468],[131.211,-1.536],[131.322,-1.486],[131.313,-1.412],[131.363,-1.364],[131.38,-1.459],[131.444,-1.515],[131.487,-1.486],[131.581,-1.534],[131.67,-1.548],[131.739,-1.453],[131.766,-1.499],[131.86,-1.488],[131.825,-1.392],[131.885,-1.323],[131.896,-1.263],[131.85,-1.181],[131.801,-1.136],[131.884,-1.075],[131.876,-1.052],[131.938,-1.061],[131.942,-1.052],[131.972,-1.051],[132.125,-0.991],[132.179,-0.879],[132.059,-0.778],[132.034,-0.724],[132.124,-0.675],[132.099,-0.643],[132.041,-0.583],[132.021,-0.55],[131.914,-0.625],[131.885,-0.678],[131.818,-0.715],[131.687,-0.742],[131.616,-0.741],[131.559,-0.767],[131.533,-0.735],[131.413,-0.765],[131.405,-0.848],[131.433,-0.944],[131.315,-0.946]]]]},"properties":{"kode_bps":"9202"}},
{"type":"Feature","geometry":{"type":"Polygon","coordinates":[[[132.025,-1.068],[131.876,-1.052],[131.884,-1.075],[131.801,-1.136],[131.85,-1.181],[131.896,-1.263],[131.885,-1.323],[131.825,-1.392],[131.86,-1.488],[131.766,-1.499],[131.739,-1.453],[131.67,-1.548],[131.728,-1.585],[131.769,-1.572],[131.807,-1.615],[131.882,-1.584],[131.91,-1.719],[131.983,-1.703],[131.995,-1.744],[131.924,-1.814],[131.926,-1.868],[131.971,-1.968],[132.042,-2.023],[132.066,-2.092],[132.144,-2.147],[132.223,-2.177],[132.312,-2.278],[132.367,-2.269],[132.542,-2.19],[132.484,-2.058],[132.473,-1.974],[132.475,-1.858],[132.497,-1.781],[132.493,-1.765],[132.439,-1.704],[132.414,-1.628],[132.322,-1.543],[132.289,-1.469],[132.102,-1.428],[132.121,-1.362],[132.013,-1.303],[132.013,-1.242],[132.073,-1.226],[132.07,-1.17],[132.025,-1.068]]]},"properties":{"kode_bps":"9203"}},
{"type":"Feature","geometry":{"type":"Polygon","coordinates":[[[132.709,-1.16],[132.676,-1.145],[132.506,-1.127],[132.453,-1.088],[132.183,-1.067],[132.025,-1.068],[132.07,-1.17],[132.073,-1.226],[132.013,-1.242],[132.013,-1.303],[132.121,-1.362],[132.102,-1.428],[132.289,-1.469],[132.322,-1.543],[132.414,-1.628],[132.439,-1.704],[132.493,-1.765],[132.497,-1.781],[132.568,-1.594],[132.6,-1.415],[132.72,-1.219],[132.709,-1.16]]]},"properties":{"kode_bps":"9204"}},
{"type":"Feature","geometry":{"type":"Polygon","coordinates":[[[133.484,-0.774],[133.484,-0.74],[133.389,-0.74],[133.322,-0.699],[133.226,-0.6],[133.096,-0.546],[133.016,-0.53],[133,-0.492],[132.749,-0.388],[132.647,-0.357],[132.503,-0.358],[132.409,-0.345],[132.344,-0.378],[132.257,-0.379],[132.079,-0.483],[132.059,-0.536],[132.021,-0.55],[132.099,-0.643],[132.124,-0.675],[132.034,-0.724],[132.059,-0.778],[132.179,-0.879],[132.125,-0.991],[131.972,-1.051],[131.942,-1.052],[131.938,-1.061],[132.331,-1.075],[132.453,-1.088],[132.506,-1.127],[132.676,-1.145],[132.794,-1.172],[133.334,-1.275],[133.367,-1.195],[133.456,-1.07],[133.469,-1.019],[133.517,-0.999],[133.488,-0.887],[133.47,-0.884],[133.473,-0.81],[133.484,-0.774]]]},"properties":{"kode_bps":"9205"}},
{"type":"Feature","geometry":{"type":"Polygon","coordinates":[[[131.405,-0.848],[131.397,-0.777],[131.225,-0.821],[131.243,-0.877],[131.315,-0.946],[131.433,-0.944],[131.405,-0.848]]]},"properties":{"kode_bps":"9271"}},
{"type":"Feature","geometry":{"type":"Polygon","coordinates":[[[140.653,-2.476],[140.617,-2.449],[140.497,-2.444],[140.386,-2.4],[140.368,-2.444],[140.3,-2.444],[140.254,-2.401],[140.115,-2.337],[140.001,-2.376],[139.984,-2.43],[139.747,-2.402],[139.423,-2.471],[139.493,-3.096],[139.486,-3.248],[139.496,-3.331],[139.476,-3.411],[139.452,-3.443],[139.461,-3.458],[139.476,-3.458],[139.467,-3.495],[139.484,-3.515],[139.551,-3.537],[139.584,-3.504],[139.613,-3.514],[139.862,-3.583],[139.925,-3.624],[139.971,-3.621],[139.971,-3.641],[140.004,-3.652],[140.066,-3.648],[140.098,-3.677],[140.127,-3.695],[140.154,-3.696],[140.163,-3.707],[140.315,-3.739],[140.372,-3.744],[140.386,-3.72],[140.365,-3.683],[140.397,-3.631],[140.337,-3.487],[140.366,-3.453],[140.317,-3.299],[140.357,-3.126],[140.364,-3],[140.36,-2.805],[140.388,-2.77],[140.447,-2.78],[140.595,-2.771],[140.625,-2.77],[140.633,-2.759],[140.629,-2.728],[140.621,-2.615],[140.625,-2.532],[140.653,-2.476]]]},"properties":{"kode_bps":"9403"}},
{"type":"Feature","geometry":{"type":"Polygon","coordinates":[[[135.475,-1.599],[135.474,-1.68],[135.553,-1.662],[135.673,-1.707],[135.732,-1.688],[135.777,-1.738],[135.821,-1.735],[136.072,-1.85],[136.265,-1.893],[136.313,-1.863],[136.436,-1.889],[136.536,-1.87],[136.628,-1.873],[136.718,-1.816],[136.849,-1.827],[136.904,-1.794],[136.789,-1.74],[136.585,-1.729],[136.446,-1.698],[136.41,-1.72],[136.183,-1.656],[135.899,-1.635],[135.87,-1.661],[135.786,-1.626],[135.624,-1.626],[135.475,-1.599]]]},"properties":{"kode_bps":"9408"}},
{"type":"Feature","geometry":{"type":"MultiPolygon","coordinates":[[[[134.901,-0.941],[134.844,-0.932],[134.793,-0.981],[134.795,-1.033],[134.836,-1.105],[134.89,-1.141],[134.948,-1.123],[134.983,-1.072],[134.942,-1.04],[134.944,-0.971],[134.901,-0.941]]],[[[135.709,-0.803],[135.742,-0.811],[135.801,-0.999],[135.824,-1.026],[135.827,-1.136],[135.873,-1.173],[136.001,-1.142],[136.075,-1.186],[136.149,-1.2],[136.314,-1.141],[136.324,-1.074],[136.257,-1.018],[136.19,-1.045],[136.099,-0.961],[136.051,-0.856],[135.973,-0.812],[135.854,-0.7],[135.804,-0.687],[135.804,-0.741],[135.709,-0.803]]]]},"properties":{"kode_bps":"9409"}},
{"type":"Feature","geometry":{"type":"Polygon","coordinates":[[[140.001,-2.376],[139.811,-2.378],[139.755,-2.358],[139.642,-2.289],[139.536,-2.248],[139.363,-2.147],[139.249,-2.11],[139.125,-2.031],[138.992,-1.973],[138.905,-1.954],[138.864,-1.966],[138.79,-1.92],[138.738,-1.853],[138.66,-1.791],[138.473,-1.751],[138.281,-1.685],[138.178,-1.632],[138.179,-1.681],[138.159,-1.807],[138.131,-1.854],[138.137,-1.94],[138.232,-1.98],[138.266,-2.051],[138.344,-2.154],[138.359,-2.163],[138.516,-2.26],[138.608,-2.265],[138.724,-2.423],[138.721,-2.478],[138.621,-2.646],[139.111,-2.903],[139.126,-2.926],[139.133,-2.97],[139.123,-3.031],[139.026,-3.127],[139.034,-3.141],[139.001,-3.194],[139.009,-3.242],[139.022,-3.257],[139.059,-3.277],[139.089,-3.281],[139.097,-3.308],[139.076,-3.336],[139.138,-3.419],[139.195,-3.448],[139.251,-3.417],[139.279,-3.468],[139.338,-3.485],[139.361,-3.449],[139.426,-3.446],[139.436,-3.463],[139.461,-3.458],[139.452,-3.443],[139.476,-3.411],[139.496,-3.331],[139.486,-3.248],[139.493,-3.096],[139.423,-2.471],[139.747,-2.402],[139.984,-2.43],[140.001,-2.376]]]},"properties":{"kode_bps":"9419"}},
{"type":"Feature","geometry":{"type":"Polygon","coordinates":[[[140.386,-3.72],[140.399,-3.749],[140.418,-3.803],[140.405,-3.896],[140.517,-3.905],[140.587,-3.937],[140.679,-3.907],[140.789,-3.94],[140.917,-3.922],[140.962,-3.914],[140.983,-3.915],[141,-3.931],[141,-2.829],[140.825,-2.734],[140.717,-2.706],[140.664,-2.726],[140.629,-2.728],[140.633,-2.759],[140.625,-2.77],[140.595,-2.771],[140.447,-2.78],[140.388,-2.77],[140.36,-2.805],[140.364,-3],[140.357,-3.126],[140.317,-3.299],[140.366,-3.453],[140.337,-3.487],[140.397,-3.631],[140.365,-3.683],[140.386,-3.72]]]},"properties":{"kode_bps":"9420"}},
{"type":"Feature","geometry":{"type":"Polygon","coordinates":[[[136.882,-3.241],[136.9,-3.215],[136.989,-3.174],[137.072,-3.18],[137.105,-3.14],[137.175,-3.126],[137.152,-3.078],[137.261,-3.015],[137.38,-2.966],[137.382,-2.954],[137.37,-2.949],[137.384,-2.945],[137.344,-2.857],[137.285,-2.843],[137.268,-2.631],[137.224,-2.578],[137.112,-2.514],[137.064,-2.48],[137.029,-2.417],[136.967,-2.416],[136.913,-2.385],[136.927,-2.301],[136.874,-2.231],[136.807,-2.176],[136.777,-2.233],[136.712,-2.228],[136.673,-2.261],[136.602,-2.254],[136.518,-2.191],[136.406,-2.212],[136.34,-2.264],[136.342,-2.373],[136.296,-2.411],[136.267,-2.546],[136.224,-2.614],[136.112,-2.668],[136.058,-2.668],[136.009,-2.708],[136.044,-2.743],[136.136,-2.752],[136.163,-2.8],[136.217,-2.806],[136.266,-2.886],[136.288,-2.899],[136.306,-2.908],[136.352,-2.942],[136.339,-3.006],[136.435,-3.085],[136.445,-3.178],[136.487,-3.227],[136.732,-3.282],[136.827,-3.282],[136.882,-3.241]]]},"properties":{"kode_bps":"9426"}},
{"type":"Feature","geometry":{"type":"Polygon","coordinates":[[[135.804,-0.687],[135.749,-0.741],[135.643,-0.662],[135.412,-0.651],[135.394,-0.723],[135.428,-0.763],[135.529,-0.783],[135.643,-0.887],[135.709,-0.803],[135.804,-0.741],[135.804,-0.687]]]},"properties":{"kode_bps":"9427"}},
{"type":"Feature","geometry":{"type":"Polygon","coordinates":[[[138.179,-1.681],[138.17,-1.631],[138.099,-1.615],[137.969,-1.531],[137.932,-1.458],[137.744,-1.477],[137.588,-1.556],[137.477,-1.598],[137.402,-1.656],[137.247,-1.736],[137.102,-1.793],[137.089,-1.852],[137.183,-1.937],[137.221,-2.06],[137.154,-2.103],[137.039,-2.113],[136.944,-2.14],[136.912,-2.179],[136.807,-2.176],[136.874,-2.231],[136.927,-2.301],[136.913,-2.385],[136.967,-2.416],[137.029,-2.417],[137.064,-2.48],[137.112,-2.514],[137.224,-2.578],[137.268,-2.631],[137.285,-2.843],[137.344,-2.857],[137.384,-2.945],[137.423,-2.994],[137.462,-3.052],[137.558,-3.052],[137.618,-3.112],[137.883,-3.117],[138.01,-3.155],[138.01,-3.225],[138.076,-3.263],[138.11,-3.263],[138.162,-3.278],[138.215,-3.208],[138.327,-3.194],[138.38,-3.318],[138.563,-3.338],[138.688,-3.289],[138.73,-3.286],[138.855,-3.418],[138.93,-3.419],[139.005,-3.382],[139.048,-3.393],[139.076,-3.336],[139.097,-3.308],[139.089,-3.281],[139.059,-3.277],[139.022,-3.257],[139.009,-3.242],[139.001,-3.194],[139.034,-3.141],[139.026,-3.127],[139.123,-3.031],[139.133,-2.97],[139.126,-2.926],[139.111,-2.903],[138.621,-2.646],[138.721,-2.478],[138.724,-2.423],[138.608,-2.265],[138.516,-2.26],[138.359,-2.163],[138.344,-2.154],[138.266,-2.051],[138.232,-1.98],[138.137,-1.94],[138.131,-1.854],[138.159,-1.807],[138.179,-1.681]]]},"properties":{"kode_bps":"9428"}},
{"type":"Feature","geometry":{"type":"Polygon","coordinates":[[[140.621,-2.615],[140.633,-2.723],[140.664,-2.726],[140.707,-2.707],[140.73,-2.707],[140.825,-2.734],[141,-2.829],[141,-2.604],[140.916,-2.624],[140.809,-2.606],[140.763,-2.629],[140.694,-2.603],[140.721,-2.491],[140.653,-2.476],[140.625,-2.532],[140.621,-2.615]]]},"properties":{"kode_bps":"9471"}},
{"type":"Feature","geometry":{"type":"MultiPolygon","coordinates":[[[[138.89,-8.292],[138.871,-8.284],[138.854,-8.293],[138.855,-8.304],[138.848,-8.309],[138.853,-8.317],[138.853,-8.351],[138.848,-8.376],[138.846,-8.38],[138.907,-8.38],[138.89,-8.292]]],[[[138.819,-8.15],[138.679,-8.17],[138.664,-8.235],[138.586,-8.29],[138.56,-8.348],[138.727,-8.385],[138.839,-8.384],[138.846,-8.379],[138.85,-8.363],[138.852,-8.317],[138.848,-8.31],[138.848,-8.308],[138.849,-8.306],[138.854,-8.304],[138.853,-8.295],[138.855,-8.291],[138.846,-8.199],[138.819,-8.15]]],[[[138.779,-7.378],[138.625,-7.368],[138.564,-7.386],[138.386,-7.41],[138.288,-7.44],[138.148,-7.514],[138.037,-7.613],[137.97,-7.733],[137.927,-7.762],[137.869,-7.853],[137.782,-8.055],[137.721,-8.145],[137.684,-8.236],[137.64,-8.418],[137.691,-8.418],[137.857,-8.385],[138.077,-8.387],[138.223,-8.378],[138.303,-8.425],[138.446,-8.382],[138.615,-8.25],[138.683,-8.148],[138.801,-8.136],[138.811,-8.09],[138.89,-8.041],[138.898,-7.901],[138.982,-7.861],[138.99,-7.761],[139.033,-7.687],[139.03,-7.651],[139.088,-7.574],[138.926,-7.535],[138.865,-7.437],[138.779,-7.378]]],[[[140.848,-6.618],[139.829,-7.454],[138.667,-7.214],[138.87,-7.321],[138.907,-7.365],[138.967,-7.521],[139.035,-7.515],[139.104,-7.546],[139.108,-7.6],[139.062,-7.642],[139.015,-7.765],[139.018,-7.854],[138.926,-7.906],[138.903,-8.03],[138.834,-8.135],[138.855,-8.185],[138.932,-8.277],[138.989,-8.202],[139.092,-8.135],[139.228,-8.098],[139.278,-8.177],[139.34,-8.206],[139.457,-8.194],[139.584,-8.13],[139.714,-8.098],[139.942,-8.102],[140.017,-8.221],[140.17,-8.337],[140.227,-8.356],[140.261,-8.41],[140.503,-8.615],[140.529,-8.688],[140.603,-8.798],[140.767,-8.948],[140.9,-9.09],[141.019,-9.12],[141.019,-6.89],[140.955,-6.912],[140.896,-6.844],[140.9,-6.753],[140.845,-6.719],[140.867,-6.681],[140.848,-6.618]]]]},"properties":{"kode_bps":"9501"}},
{"type":"Feature","geometry":{"type":"Polygon","coordinates":[[[140.848,-6.618],[140.929,-6.538],[140.915,-6.426],[141,-6.32],[141,-5.295],[140.098,-5.16],[139.644,-5.041],[139.705,-5.235],[139.727,-5.438],[139.727,-5.717],[139.87,-6.192],[139.825,-6.207],[139.859,-6.287],[139.848,-6.34],[139.788,-6.418],[140.072,-6.433],[140.058,-7.266],[140.848,-6.618]]]},"properties":{"kode_bps":"9502"}},
{"type":"Feature","geometry":{"type":"Polygon","coordinates":[[[138.641,-6.567],[138.696,-6.623],[138.666,-6.655],[138.673,-6.724],[138.616,-6.736],[138.677,-6.867],[138.581,-6.901],[138.561,-6.935],[138.596,-6.996],[138.765,-7.119],[138.851,-7.156],[138.833,-7.207],[138.677,-7.196],[138.667,-7.214],[139.829,-7.454],[140.058,-7.266],[140.072,-6.433],[139.788,-6.418],[139.848,-6.34],[139.859,-6.287],[139.825,-6.207],[139.87,-6.192],[139.727,-5.717],[139.727,-5.438],[139.705,-5.235],[139.644,-5.041],[139.259,-5.547],[138.943,-5.723],[138.924,-6.42],[138.851,-6.481],[138.792,-6.478],[138.746,-6.515],[138.672,-6.521],[138.641,-6.567]]]},"properties":{"kode_bps":"9503"}},
{"type":"Feature","geometry":{"type":"Polygon","coordinates":[[[138.95,-4.726],[138.718,-4.741],[138.643,-4.74],[137.966,-4.598],[137.87,-4.606],[137.577,-4.652],[137.651,-4.791],[137.737,-4.834],[137.814,-4.894],[137.815,-4.944],[137.763,-4.99],[137.653,-5.041],[137.602,-5.087],[137.577,-5.136],[137.55,-5.169],[137.681,-5.238],[137.743,-5.297],[137.721,-5.347],[137.81,-5.38],[137.874,-5.357],[138.007,-5.498],[138.084,-5.525],[138.043,-5.612],[138.066,-5.724],[138.167,-5.721],[138.175,-5.819],[138.278,-5.841],[138.252,-5.876],[138.393,-6.163],[138.383,-6.199],[138.422,-6.346],[138.576,-6.488],[138.641,-6.567],[138.672,-6.521],[138.746,-6.515],[138.792,-6.478],[138.851,-6.481],[138.924,-6.42],[138.943,-5.723],[139.259,-5.547],[139.644,-5.041],[139.511,-5.006],[139.304,-4.938],[139.134,-4.826],[139.03,-4.737],[138.95,-4.726]]]},"properties":{"kode_bps":"9504"}},
{"type":"Feature","geometry":{"type":"Polygon","coordinates":[[[137.577,-4.652],[137.569,-4.615],[137.665,-4.474],[137.678,-4.172],[137.321,-4.161],[137.291,-4.032],[137.124,-4.021],[136.972,-4.125],[136.824,-4.138],[136.731,-4.127],[136.671,-4.218],[136.489,-4.213],[136.524,-4.271],[136.486,-4.317],[136.425,-4.294],[136.342,-4.296],[136.268,-4.259],[136.249,-4.296],[136.174,-4.239],[136.095,-4.254],[136.073,-4.263],[136.05,-4.259],[135.957,-4.228],[135.814,-4.226],[135.687,-4.19],[135.649,-4.216],[135.441,-4.192],[135.398,-4.161],[135.335,-4.178],[135.298,-4.156],[135.066,-4.149],[135.047,-4.045],[135.002,-4.106],[134.923,-4.183],[134.87,-4.252],[134.955,-4.323],[135.207,-4.466],[135.409,-4.433],[135.506,-4.445],[135.718,-4.497],[135.789,-4.484],[135.924,-4.491],[136.052,-4.586],[136.208,-4.659],[136.354,-4.674],[136.444,-4.732],[136.487,-4.739],[136.564,-4.792],[136.83,-4.913],[136.892,-4.887],[136.976,-4.939],[137.059,-4.918],[137.18,-5.008],[137.215,-4.981],[137.306,-5.013],[137.395,-5.108],[137.444,-5.097],[137.497,-5.146],[137.577,-5.136],[137.602,-5.087],[137.653,-5.041],[137.763,-4.99],[137.815,-4.944],[137.814,-4.894],[137.737,-4.834],[137.651,-4.791],[137.577,-4.652]]]},"properties":{"kode_bps":"9601"}},
{"type":"Feature","geometry":{"type":"Polygon","coordinates":[[[136.227,-3.992],[136.082,-3.735],[136.056,-3.723],[136.021,-3.735],[135.992,-3.768],[135.885,-3.783],[135.866,-3.84],[135.692,-3.866],[135.579,-3.934],[135.548,-3.932],[135.462,-3.867],[135.377,-3.866],[135.203,-3.82],[135.047,-4.045],[135.066,-4.149],[135.298,-4.156],[135.335,-4.178],[135.398,-4.161],[135.441,-4.192],[135.649,-4.216],[135.687,-4.19],[135.814,-4.226],[135.957,-4.228],[136.05,-4.259],[136.073,-4.263],[136.095,-4.254],[136.086,-4.225],[136.094,-4.065],[136.122,-4.032],[136.193,-4.028],[136.227,-3.992]]]},"properties":{"kode_bps":"9602"}},
{"type":"Feature","geometry":{"type":"Polygon","coordinates":[[[136.731,-4.127],[136.694,-4.108],[136.647,-4.026],[136.227,-3.992],[136.193,-4.028],[136.122,-4.032],[136.094,-4.065],[136.086,-4.225],[136.095,-4.254],[136.174,-4.239],[136.249,-4.296],[136.268,-4.259],[136.342,-4.296],[136.425,-4.294],[136.486,-4.317],[136.524,-4.271],[136.489,-4.213],[136.671,-4.218],[136.731,-4.127]]]},"properties":{"kode_bps":"9603"}},
{"type":"Feature","geometry":{"type":"Polygon","coordinates":[[[136.056,-3.723],[136.032,-3.711],[135.963,-3.56],[136.001,-3.535],[136.3,-3.402],[136.392,-3.352],[136.394,-3.292],[136.356,-3.187],[136.323,-3.151],[136.336,-3.099],[136.307,-3.004],[136.305,-2.952],[136.309,-2.937],[136.304,-2.935],[136.31,-2.921],[136.288,-2.899],[136.266,-2.886],[136.217,-2.806],[136.163,-2.8],[136.136,-2.752],[136.044,-2.743],[135.975,-2.765],[135.923,-2.863],[135.922,-2.965],[135.827,-3.014],[135.774,-3.061],[135.757,-3.11],[135.695,-3.153],[135.596,-3.194],[135.554,-3.263],[135.558,-3.301],[135.504,-3.356],[135.413,-3.367],[135.336,-3.396],[135.166,-3.371],[135.113,-3.382],[135.048,-3.329],[135.011,-3.339],[134.888,-3.259],[134.851,-3.207],[134.862,-3.159],[134.818,-3.105],[134.813,-3.022],[134.852,-2.916],[134.805,-2.911],[134.778,-2.983],[134.689,-2.967],[134.657,-2.771],[134.663,-2.613],[134.634,-2.48],[134.599,-2.489],[134.704,-3.346],[134.727,-3.409],[134.636,-3.543],[134.889,-3.631],[135.045,-3.675],[135.164,-3.727],[135.258,-3.752],[135.203,-3.82],[135.377,-3.866],[135.462,-3.867],[135.579,-3.934],[135.692,-3.866],[135.866,-3.84],[135.885,-3.783],[135.992,-3.768],[136.021,-3.735],[136.056,-3.723]]]},"properties":{"kode_bps":"9604"}},
{"type":"Feature","geometry":{"type":"Polygon","coordinates":[[[136.731,-4.127],[136.824,-4.138],[136.972,-4.125],[137.124,-4.021],[137.204,-4.024],[137.2,-3.938],[137.19,-3.912],[136.727,-3.905],[136.727,-3.843],[136.514,-3.632],[136.344,-3.377],[136.001,-3.535],[135.963,-3.56],[136.032,-3.711],[136.082,-3.735],[136.227,-3.992],[136.647,-4.026],[136.694,-4.108],[136.731,-4.127]]]},"properties":{"kode_bps":"9605"}},
{"type":"Feature","geometry":{"type":"Polygon","coordinates":[[[136.882,-3.241],[136.827,-3.282],[136.732,-3.282],[136.487,-3.227],[136.445,-3.178],[136.435,-3.085],[136.339,-3.006],[136.352,-2.942],[136.306,-2.908],[136.31,-2.921],[136.304,-2.935],[136.309,-2.937],[136.305,-2.952],[136.307,-3.004],[136.336,-3.099],[136.323,-3.151],[136.356,-3.187],[136.394,-3.292],[136.392,-3.352],[136.344,-3.377],[136.514,-3.632],[136.727,-3.843],[136.727,-3.905],[137.189,-3.909],[137.126,-3.818],[137.106,-3.751],[137.144,-3.598],[137.08,-3.591],[137.024,-3.552],[136.956,-3.413],[136.95,-3.336],[136.916,-3.309],[136.882,-3.241]]]},"properties":{"kode_bps":"9606"}},
{"type":"Feature","geometry":{"type":"Polygon","coordinates":[[[137.189,-3.909],[137.2,-3.938],[137.204,-4.024],[137.291,-4.032],[137.321,-4.161],[137.678,-4.172],[137.715,-4.057],[137.758,-4.013],[137.814,-3.979],[137.937,-3.962],[137.952,-3.867],[137.899,-3.799],[137.887,-3.685],[137.843,-3.702],[137.787,-3.674],[137.725,-3.602],[137.654,-3.602],[137.571,-3.528],[137.496,-3.486],[137.441,-3.356],[137.385,-3.307],[137.436,-3.254],[137.618,-3.112],[137.558,-3.052],[137.462,-3.052],[137.423,-2.994],[137.383,-2.964],[137.261,-3.015],[137.152,-3.078],[137.175,-3.126],[137.105,-3.14],[137.072,-3.18],[136.989,-3.174],[136.9,-3.215],[136.916,-3.309],[136.95,-3.336],[136.956,-3.413],[137.024,-3.552],[137.08,-3.591],[137.144,-3.598],[137.106,-3.751],[137.126,-3.818],[137.189,-3.909]]]},"properties":{"kode_bps":"9607"}},
{"type":"Feature","geometry":{"type":"Polygon","coordinates":[[[138.305,-3.773],[138.236,-3.617],[138.183,-3.609],[138.085,-3.541],[138.037,-3.486],[138.014,-3.356],[138.032,-3.242],[138.01,-3.225],[138.01,-3.155],[137.883,-3.117],[137.618,-3.112],[137.436,-3.254],[137.385,-3.307],[137.441,-3.356],[137.496,-3.486],[137.571,-3.528],[137.654,-3.602],[137.725,-3.602],[137.787,-3.674],[137.843,-3.702],[137.887,-3.685],[137.899,-3.799],[137.952,-3.867],[138.05,-3.834],[138.186,-3.838],[138.269,-3.813],[138.305,-3.773]]]},"properties":{"kode_bps":"9608"}},
{"type":"Feature","geometry":{"type":"Polygon","coordinates":[[[138.869,-4.728],[138.857,-4.6],[138.834,-4.557],[138.849,-4.499],[138.839,-4.267],[138.709,-4.329],[138.72,-4.472],[138.623,-4.486],[138.601,-4.437],[138.594,-4.379],[138.629,-4.288],[138.726,-4.173],[138.64,-4.138],[138.599,-4.141],[138.581,-4.183],[138.294,-4.188],[138.237,-4.155],[138.125,-4.134],[138.004,-4.137],[137.866,-4.155],[137.816,-4.131],[137.678,-4.172],[137.665,-4.474],[137.569,-4.615],[137.577,-4.652],[137.87,-4.606],[137.966,-4.598],[138.643,-4.74],[138.718,-4.741],[138.869,-4.728]]]},"properties":{"kode_bps":"9701"}},
{"type":"Feature","geometry":{"type":"Polygon","coordinates":[[[138.978,-3.923],[138.919,-3.9],[138.894,-3.86],[138.907,-3.798],[138.805,-3.76],[138.784,-3.823],[138.714,-3.788],[138.611,-3.784],[138.602,-3.846],[138.718,-3.849],[138.728,-3.912],[138.677,-3.969],[138.634,-4.077],[138.599,-4.141],[138.64,-4.138],[138.726,-4.173],[138.66,-4.244],[138.61,-4.329],[138.593,-4.402],[138.623,-4.486],[138.72,-4.472],[138.709,-4.329],[138.839,-4.267],[139.048,-4.193],[139.362,-4.114],[139.247,-4.012],[139.205,-4.01],[139.025,-4.043],[138.978,-3.923]]]},"properties":{"kode_bps":"9702"}},
{"type":"Feature","geometry":{"type":"Polygon","coordinates":[[[138.611,-3.784],[138.609,-3.723],[138.505,-3.726],[138.406,-3.753],[138.393,-3.783],[138.305,-3.773],[138.269,-3.813],[138.186,-3.838],[138.05,-3.834],[137.952,-3.867],[137.937,-3.962],[137.814,-3.979],[137.758,-4.013],[137.715,-4.057],[137.678,-4.172],[137.816,-4.131],[137.866,-4.155],[138.004,-4.137],[138.125,-4.134],[138.237,-4.155],[138.294,-4.188],[138.581,-4.183],[138.604,-4.119],[138.634,-4.077],[138.677,-3.969],[138.728,-3.912],[138.718,-3.849],[138.602,-3.846],[138.611,-3.784]]]},"properties":{"kode_bps":"9703"}},
{"type":"Feature","geometry":{"type":"Polygon","coordinates":[[[138.505,-3.726],[138.652,-3.723],[138.759,-3.642],[138.757,-3.505],[138.786,-3.406],[138.78,-3.367],[138.792,-3.347],[138.73,-3.286],[138.688,-3.289],[138.563,-3.338],[138.38,-3.318],[138.327,-3.194],[138.215,-3.208],[138.162,-3.278],[138.11,-3.263],[138.076,-3.263],[138.032,-3.242],[138.014,-3.356],[138.037,-3.486],[138.085,-3.541],[138.183,-3.609],[138.236,-3.617],[138.305,-3.773],[138.393,-3.783],[138.406,-3.753],[138.505,-3.726]]]},"properties":{"kode_bps":"9704"}},
{"type":"Feature","geometry":{"type":"Polygon","coordinates":[[[138.978,-3.923],[139.048,-3.897],[139.034,-3.842],[139.064,-3.785],[139.15,-3.744],[139.244,-3.761],[139.283,-3.69],[139.392,-3.606],[139.436,-3.463],[139.426,-3.446],[139.361,-3.449],[139.338,-3.485],[139.279,-3.468],[139.251,-3.417],[139.195,-3.448],[139.138,-3.419],[139.076,-3.336],[139.048,-3.393],[139.005,-3.382],[138.93,-3.419],[138.855,-3.418],[138.792,-3.347],[138.78,-3.367],[138.786,-3.406],[138.757,-3.505],[138.759,-3.642],[138.652,-3.723],[138.609,-3.723],[138.611,-3.784],[138.714,-3.788],[138.784,-3.823],[138.805,-3.76],[138.907,-3.798],[138.894,-3.86],[138.919,-3.9],[138.978,-3.923]]]},"properties":{"kode_bps":"9705"}},
{"type":"Feature","geometry":{"type":"Polygon","coordinates":[[[139.461,-3.458],[139.392,-3.606],[139.283,-3.69],[139.244,-3.761],[139.15,-3.744],[139.064,-3.785],[139.034,-3.842],[139.048,-3.897],[138.978,-3.923],[139.025,-4.043],[139.205,-4.01],[139.247,-4.012],[139.362,-4.114],[139.565,-4.063],[139.632,-4.037],[139.685,-4],[139.894,-3.621],[139.862,-3.583],[139.613,-3.514],[139.584,-3.504],[139.551,-3.537],[139.484,-3.515],[139.467,-3.495],[139.476,-3.458],[139.461,-3.458]]]},"properties":{"kode_bps":"9706"}},
{"type":"Feature","geometry":{"type":"Polygon","coordinates":[[[139.511,-5.006],[140.147,-5.169],[140.153,-5.066],[140.075,-5.055],[140.166,-4.979],[140.251,-4.952],[140.25,-4.898],[140.227,-4.745],[140.201,-4.672],[140.104,-4.629],[139.984,-4.509],[139.957,-4.456],[139.994,-4.276],[139.992,-4.058],[140.051,-4],[140.098,-3.949],[140.104,-3.91],[140.148,-3.869],[140.153,-3.841],[140.161,-3.765],[140.132,-3.714],[140.098,-3.677],[140.066,-3.648],[140.004,-3.652],[139.971,-3.641],[139.971,-3.621],[139.925,-3.624],[139.894,-3.621],[139.685,-4],[139.632,-4.037],[139.484,-4.086],[139.048,-4.193],[138.839,-4.267],[138.849,-4.499],[138.834,-4.557],[138.857,-4.6],[138.869,-4.728],[138.95,-4.726],[139.03,-4.737],[139.134,-4.826],[139.304,-4.938],[139.511,-5.006]]]},"properties":{"kode_bps":"9707"}},
{"type":"Feature","geometry":{"type":"Polygon","coordinates":[[[140.147,-5.169],[141,-5.295],[140.998,-3.925],[140.983,-3.915],[140.962,-3.914],[140.917,-3.922],[140.789,-3.94],[140.679,-3.907],[140.587,-3.937],[140.517,-3.905],[140.405,-3.896],[140.418,-3.803],[140.399,-3.749],[140.372,-3.744],[140.315,-3.739],[140.134,-3.696],[140.132,-3.714],[140.161,-3.765],[140.153,-3.841],[140.148,-3.869],[140.104,-3.91],[140.098,-3.949],[140.051,-4],[139.992,-4.058],[139.994,-4.276],[139.957,-4.456],[139.984,-4.509],[140.104,-4.629],[140.201,-4.672],[140.227,-4.745],[140.25,-4.898],[140.251,-4.952],[140.166,-4.979],[140.075,-5.055],[140.153,-5.066],[140.147,-5.169]]]},"properties":{"kode_bps":"9708"}}
]}