{"type":"FeatureCollection", "features": [
{"type":"Feature","geometry":{"type":"MultiPolygon","coordinates":[[[[95.056,5.754],[95.039,5.707],[95.076,5.669],[95.133,5.686],[95.056,5.754]]],[[[95.801,2.932],[95.765,2.848],[95.692,2.773],[95.819,2.646],[95.95,2.57],[96.008,2.591],[96.075,2.57],[96.161,2.512],[96.228,2.442],[96.313,2.42],[96.314,2.359],[96.442,2.328],[96.499,2.363],[96.454,2.476],[96.35,2.546],[96.253,2.586],[96.185,2.653],[96.106,2.637],[96.116,2.736],[96.033,2.756],[95.972,2.813],[95.865,2.849],[95.903,2.896],[95.801,2.932]]],[[[98.245,4.294],[98.28,4.33],[98.287,4.418],[98.155,4.51],[97.984,4.568],[98.018,4.611],[97.964,4.665],[97.956,4.75],[97.904,4.89],[97.84,4.907],[97.673,5.05],[97.643,5.126],[97.591,5.144],[97.554,5.213],[97.498,5.25],[97.202,5.141],[97.103,5.225],[96.98,5.263],[96.888,5.248],[96.849,5.277],[96.632,5.212],[96.511,5.2],[96.465,5.237],[96.392,5.21],[96.261,5.263],[96.191,5.26],[96.079,5.292],[95.934,5.405],[95.887,5.504],[95.615,5.627],[95.495,5.606],[95.432,5.657],[95.283,5.553],[95.194,5.527],[95.241,5.468],[95.239,5.325],[95.254,5.221],[95.308,5.168],[95.304,5.115],[95.367,5.032],[95.369,4.949],[95.395,4.875],[95.498,4.743],[95.54,4.656],[95.603,4.628],[95.763,4.492],[96.013,4.218],[96.055,4.205],[96.123,4.138],[96.192,4.107],[96.284,3.999],[96.388,3.846],[96.505,3.744],[96.544,3.729],[96.641,3.745],[96.775,3.739],[96.866,3.693],[96.902,3.601],[96.993,3.551],[97.07,3.416],[97.122,3.352],[97.167,3.26],[97.258,3.221],[97.319,3.055],[97.444,2.925],[97.536,2.882],[97.592,2.879],[97.648,2.678],[97.661,2.402],[97.771,2.255],[97.895,2.277],[97.949,2.27],[98.085,2.201],[98.131,2.164],[98.179,2.24],[98.197,2.312],[98.147,2.424],[98.081,2.519],[98.104,2.682],[98.056,2.819],[98.006,2.872],[97.949,2.895],[97.965,2.973],[97.93,3.054],[97.981,3.08],[97.925,3.225],[97.952,3.284],[98.029,3.331],[98.002,3.37],[97.896,3.411],[97.921,3.422],[97.904,3.557],[97.868,3.571],[97.844,3.661],[97.8,3.723],[97.909,3.819],[98.046,4.024],[98.047,4.12],[98.109,4.252],[98.154,4.287],[98.245,4.294]]],[[[97.169,2.236],[97.174,2.178],[97.261,2.135],[97.307,2.063],[97.341,2.056],[97.339,2.164],[97.236,2.235],[97.169,2.236]]]]},"properties":{"kode_prov":"11"}},
{"type":"Feature","geometry":{"type":"MultiPolygon","coordinates":[[[[97.906,0.901],[97.947,0.958],[97.909,1.04],[97.873,1.052],[97.8,1.151],[97.688,1.18],[97.599,1.329],[97.483,1.479],[97.441,1.473],[97.361,1.537],[97.344,1.479],[97.278,1.42],[97.149,1.368],[97.232,1.256],[97.261,1.244],[97.377,1.065],[97.419,0.95],[97.498,0.931],[97.602,0.839],[97.655,0.744],[97.661,0.677],[97.701,0.565],[97.781,0.553],[97.837,0.57],[97.899,0.624],[97.891,0.767],[97.906,0.901]]],[[[97.896,3.411],[98.002,3.37],[98.029,3.331],[97.952,3.284],[97.925,3.225],[97.981,3.08],[97.93,3.054],[97.965,2.973],[97.949,2.895],[98.006,2.872],[98.056,2.819],[98.104,2.682],[98.081,2.519],[98.147,2.424],[98.197,2.312],[98.179,2.24],[98.13,2.166],[98.261,2.064],[98.31,2.033],[98.447,2],[98.607,1.839],[98.679,1.739],[98.825,1.678],[98.84,1.629],[98.773,1.568],[98.763,1.497],[98.78,1.429],[98.854,1.315],[98.844,1.278],[98.908,1.129],[98.974,0.922],[98.996,0.82],[99.058,0.743],[99.066,0.659],[99.107,0.577],[99.161,0.291],[99.2,0.29],[99.249,0.333],[99.317,0.335],[99.398,0.465],[99.437,0.496],[99.513,0.538],[99.573,0.51],[99.642,0.546],[99.676,0.476],[99.72,0.452],[99.777,0.482],[99.835,0.458],[99.904,0.47],[99.965,0.546],[99.92,0.605],[99.911,0.68],[99.831,0.696],[99.847,0.791],[99.838,0.82],[99.842,0.848],[99.834,0.887],[99.872,0.907],[99.905,0.889],[99.968,0.851],[100.074,0.801],[100.179,0.764],[100.12,0.826],[100.124,0.847],[100.134,0.866],[100.128,0.937],[100.167,0.998],[100.14,1.061],[100.169,1.123],[100.121,1.197],[100.108,1.268],[100.05,1.313],[100.029,1.326],[100.025,1.353],[100.03,1.38],[100.042,1.392],[100.07,1.399],[100.114,1.395],[100.137,1.404],[100.2,1.399],[100.266,1.423],[100.279,1.466],[100.303,1.472],[100.388,1.456],[100.422,1.526],[100.401,1.666],[100.319,1.69],[100.354,1.782],[100.296,1.791],[100.282,1.865],[100.314,1.91],[100.316,2.052],[100.365,2.211],[100.301,2.34],[100.295,2.428],[100.321,2.551],[100.235,2.642],[100.22,2.705],[100.089,2.711],[100.047,2.742],[99.998,2.725],[99.991,2.959],[99.918,2.991],[99.688,3.206],[99.558,3.237],[99.488,3.345],[99.32,3.433],[99.185,3.545],[98.944,3.676],[98.874,3.687],[98.708,3.771],[98.69,3.892],[98.56,3.939],[98.542,4.012],[98.431,4.041],[98.391,4.076],[98.311,4.074],[98.249,4.13],[98.171,4.104],[98.186,4.175],[98.254,4.202],[98.245,4.294],[98.154,4.287],[98.109,4.252],[98.047,4.12],[98.046,4.024],[97.909,3.819],[97.8,3.723],[97.844,3.661],[97.868,3.571],[97.904,3.557],[97.921,3.422],[97.896,3.411]],[[98.549,2.89],[98.726,2.839],[98.916,2.693],[98.915,2.599],[99.034,2.524],[99.059,2.443],[99.135,2.438],[99.148,2.385],[99.059,2.335],[98.945,2.36],[98.864,2.351],[98.722,2.528],[98.656,2.561],[98.691,2.612],[98.528,2.794],[98.549,2.89]]],[[[98.43,-0.25],[98.372,-0.382],[98.376,-0.458],[98.349,-0.514],[98.395,-0.564],[98.474,-0.532],[98.506,-0.494],[98.51,-0.371],[98.491,-0.301],[98.43,-0.25]]],[[[98.384,0.007],[98.368,-0.108],[98.542,-0.348],[98.573,-0.28],[98.493,-0.21],[98.469,-0.108],[98.384,0.007]]],[[[98.614,0.181],[98.526,0.143],[98.537,0.101],[98.749,0.071],[98.854,0.118],[98.798,0.171],[98.754,0.156],[98.614,0.181]]],[[[98.865,2.434],[98.961,2.445],[98.993,2.474],[98.908,2.565],[98.888,2.622],[98.797,2.732],[98.726,2.759],[98.698,2.733],[98.683,2.642],[98.724,2.538],[98.865,2.434]]]]},"properties":{"kode_prov":"12"}},
{"type":"Feature","geometry":{"type":"MultiPolygon","coordinates":[[[[98.901,-0.906],[98.798,-0.957],[98.712,-0.945],[98.664,-0.98],[98.657,-1.088],[98.604,-1.227],[98.654,-1.314],[98.804,-1.518],[98.825,-1.616],[98.877,-1.679],[99.108,-1.812],[99.167,-1.779],[99.263,-1.773],[99.305,-1.686],[99.267,-1.603],[99.198,-1.58],[99.195,-1.509],[99.148,-1.486],[99.167,-1.431],[99.099,-1.365],[99.069,-1.253],[99.008,-1.163],[99.002,-1.115],[98.949,-1.089],[98.945,-0.981],[98.901,-0.906]]],[[[100,-2.505],[99.974,-2.51],[99.989,-2.639],[100.012,-2.685],[99.991,-2.791],[100.074,-2.842],[100.216,-2.776],[100.218,-2.737],[100.172,-2.648],[100.071,-2.58],[100,-2.505]]],[[[99.588,-2.025],[99.547,-2.071],[99.589,-2.222],[99.644,-2.281],[99.738,-2.345],[99.782,-2.291],[99.718,-2.165],[99.702,-2.085],[99.588,-2.025]]],[[[99.2,0.29],[99.221,0.21],[99.358,0.23],[99.398,0.151],[99.478,0.133],[99.617,0.066],[99.74,-0.029],[99.764,-0.07],[99.746,-0.145],[99.798,-0.219],[99.816,-0.296],[99.888,-0.344],[99.954,-0.425],[100.077,-0.545],[100.129,-0.647],[100.257,-0.769],[100.343,-0.888],[100.365,-1.006],[100.381,-1.178],[100.49,-1.299],[100.543,-1.31],[100.593,-1.394],[100.561,-1.441],[100.636,-1.559],[100.644,-1.622],[100.689,-1.665],[100.787,-1.82],[100.858,-1.911],[100.88,-2.048],[100.823,-2.174],[100.875,-2.245],[100.892,-2.328],[101.023,-2.478],[101.17,-2.383],[101.238,-2.32],[101.258,-2.311],[101.285,-2.279],[101.265,-2.102],[101.206,-1.981],[101.142,-1.924],[101.179,-1.861],[101.129,-1.764],[101.132,-1.685],[101.232,-1.724],[101.335,-1.687],[101.437,-1.696],[101.502,-1.679],[101.549,-1.596],[101.671,-1.508],[101.724,-1.439],[101.725,-1.362],[101.695,-1.291],[101.722,-1.241],[101.814,-1.221],[101.884,-1.136],[101.876,-1.093],[101.831,-1.103],[101.833,-0.982],[101.799,-0.968],[101.69,-0.942],[101.714,-0.9],[101.689,-0.87],[101.671,-0.837],[101.654,-0.828],[101.608,-0.825],[101.593,-0.836],[101.5,-0.809],[101.361,-0.689],[101.307,-0.629],[101.25,-0.626],[101.183,-0.552],[101.11,-0.502],[101.071,-0.503],[101.026,-0.398],[101.043,-0.382],[101.006,-0.324],[100.948,-0.311],[100.845,-0.339],[100.837,-0.289],[100.763,-0.212],[100.768,-0.162],[100.761,-0.12],[100.745,-0.046],[100.782,-0.011],[100.848,0],[100.774,0.102],[100.841,0.147],[100.834,0.235],[100.8,0.258],[100.713,0.239],[100.676,0.186],[100.63,0.219],[100.489,0.393],[100.422,0.424],[100.376,0.389],[100.29,0.398],[100.176,0.574],[100.216,0.663],[100.239,0.734],[100.219,0.743],[100.193,0.764],[100.149,0.771],[100.074,0.801],[99.968,0.851],[99.905,0.889],[99.87,0.907],[99.831,0.88],[99.841,0.851],[99.838,0.821],[99.847,0.791],[99.831,0.696],[99.911,0.68],[99.92,0.605],[99.965,0.546],[99.904,0.47],[99.835,0.458],[99.777,0.482],[99.72,0.452],[99.676,0.476],[99.642,0.546],[99.573,0.51],[99.513,0.538],[99.437,0.496],[99.398,0.465],[99.317,0.335],[99.249,0.333],[99.2,0.29]],[[100.521,-0.64],[100.485,-0.575],[100.555,-0.567],[100.597,-0.679],[100.521,-0.64]]],[[[100.201,-2.785],[100.187,-2.989],[100.324,-3.119],[100.339,-3.201],[100.392,-3.151],[100.47,-3.144],[100.46,-3.052],[100.422,-2.974],[100.24,-2.799],[100.201,-2.785]]]]},"properties":{"kode_prov":"13"}},
{"type":"Feature","geometry":{"type":"MultiPolygon","coordinates":[[[[101.006,-0.324],[101.043,-0.382],[101.026,-0.398],[101.071,-0.503],[101.11,-0.502],[101.183,-0.552],[101.25,-0.626],[101.307,-0.629],[101.361,-0.689],[101.5,-0.809],[101.593,-0.836],[101.617,-0.824],[101.669,-0.835],[101.689,-0.87],[101.714,-0.9],[101.69,-0.942],[101.799,-0.968],[101.859,-0.965],[101.959,-0.91],[102.008,-0.879],[102.117,-0.921],[102.165,-0.899],[102.204,-0.949],[102.307,-0.917],[102.326,-0.963],[102.443,-1.025],[102.482,-1.08],[102.617,-1.095],[102.647,-1.122],[102.928,-0.867],[103.012,-0.755],[103.139,-0.749],[103.345,-0.793],[103.44,-0.771],[103.429,-0.707],[103.288,-0.706],[103.341,-0.628],[103.418,-0.6],[103.437,-0.553],[103.39,-0.516],[103.37,-0.435],[103.324,-0.439],[103.334,-0.405],[103.306,-0.382],[103.326,-0.353],[103.262,-0.305],[103.246,-0.305],[103.245,-0.288],[103.232,-0.284],[103.227,-0.271],[103.277,-0.236],[103.397,-0.228],[103.495,-0.158],[103.489,-0.087],[103.583,-0.061],[103.616,-0.006],[103.69,-0.023],[103.815,0],[103.782,0.072],[103.757,0.219],[103.715,0.297],[103.614,0.347],[103.588,0.392],[103.438,0.507],[103.331,0.547],[103.303,0.512],[103.212,0.484],[103.144,0.393],[103.057,0.37],[102.986,0.315],[102.85,0.245],[102.794,0.293],[102.9,0.336],[102.955,0.381],[103.121,0.463],[103.106,0.509],[102.908,0.719],[102.85,0.739],[102.767,0.731],[102.695,0.755],[102.594,0.737],[102.499,0.753],[102.411,0.808],[102.335,0.905],[102.226,1],[102.192,1.087],[102.207,1.193],[102.15,1.268],[102.159,1.361],[102.005,1.458],[101.75,1.665],[101.664,1.665],[101.562,1.637],[101.387,1.72],[101.358,1.778],[101.323,1.998],[101.268,2.081],[101.179,2.128],[101.081,2.213],[101.052,2.291],[100.897,2.305],[100.797,2.293],[100.764,2.269],[100.766,2.211],[100.782,2.183],[100.789,2.118],[100.884,2.033],[100.864,1.988],[100.774,2.081],[100.568,2.156],[100.441,2.259],[100.361,2.393],[100.323,2.545],[100.295,2.428],[100.301,2.34],[100.365,2.211],[100.316,2.052],[100.314,1.91],[100.282,1.865],[100.296,1.791],[100.354,1.782],[100.319,1.69],[100.401,1.666],[100.422,1.526],[100.388,1.456],[100.303,1.472],[100.279,1.466],[100.266,1.423],[100.201,1.399],[100.136,1.404],[100.117,1.395],[100.087,1.4],[100.051,1.395],[100.032,1.382],[100.025,1.354],[100.029,1.326],[100.05,1.313],[100.108,1.268],[100.121,1.197],[100.169,1.123],[100.14,1.061],[100.167,0.998],[100.128,0.937],[100.134,0.866],[100.124,0.847],[100.119,0.83],[100.143,0.795],[100.179,0.764],[100.193,0.764],[100.219,0.743],[100.239,0.734],[100.216,0.663],[100.176,0.574],[100.29,0.398],[100.376,0.389],[100.422,0.424],[100.489,0.393],[100.63,0.219],[100.676,0.186],[100.713,0.239],[100.8,0.258],[100.834,0.235],[100.841,0.147],[100.774,0.102],[100.848,0],[100.782,-0.011],[100.745,-0.046],[100.761,-0.12],[100.768,-0.162],[100.763,-0.212],[100.837,-0.289],[100.845,-0.339],[100.948,-0.311],[101.006,-0.324]]],[[[100.734,2.271],[100.704,2.247],[100.72,2.177],[100.778,2.185],[100.734,2.271]]],[[[102.758,1.01],[102.728,1.022],[102.635,0.989],[102.592,1.002],[102.562,0.973],[102.488,0.931],[102.441,0.936],[102.412,0.855],[102.457,0.813],[102.579,0.766],[102.655,0.789],[102.866,0.791],[102.927,0.769],[102.995,0.689],[103.049,0.72],[103.047,0.824],[102.942,0.89],[102.881,0.951],[102.758,1.01]]],[[[102.782,1.157],[102.735,1.154],[102.671,1.091],[102.644,1.007],[102.732,1.04],[102.806,0.992],[102.885,0.967],[102.955,0.905],[103.073,0.832],[103.154,0.848],[103.155,0.895],[102.972,1.096],[102.782,1.157]]],[[[102.537,1.128],[102.481,1.126],[102.46,1.076],[102.5,0.945],[102.56,0.973],[102.614,1.048],[102.537,1.128]]],[[[102.303,1.402],[102.21,1.407],[102.229,1.347],[102.206,1.277],[102.249,1.176],[102.236,1.102],[102.278,1.002],[102.364,0.927],[102.483,0.945],[102.439,1.071],[102.486,1.234],[102.374,1.326],[102.303,1.402]]],[[[102.036,1.608],[102.031,1.533],[102.128,1.455],[102.293,1.43],[102.398,1.324],[102.496,1.253],[102.497,1.468],[102.462,1.517],[102.336,1.552],[102.185,1.569],[102.036,1.608]]],[[[101.655,2.125],[101.518,2.029],[101.471,2.065],[101.398,2.005],[101.383,1.91],[101.453,1.726],[101.616,1.688],[101.732,1.763],[101.75,1.879],[101.785,1.937],[101.77,1.998],[101.711,2.09],[101.655,2.125]]],[[[103.446,-0.37],[103.331,-0.357],[103.308,-0.38],[103.336,-0.403],[103.33,-0.435],[103.367,-0.43],[103.376,-0.437],[103.399,-0.515],[103.551,-0.497],[103.604,-0.433],[103.586,-0.4],[103.534,-0.397],[103.516,-0.37],[103.446,-0.37]]],[[[103.55,-0.216],[103.47,-0.307],[103.451,-0.359],[103.512,-0.36],[103.538,-0.388],[103.605,-0.396],[103.694,-0.355],[103.786,-0.344],[103.71,-0.257],[103.637,-0.227],[103.55,-0.216]]],[[[103.351,-0.269],[103.277,-0.244],[103.233,-0.278],[103.364,-0.357],[103.426,-0.358],[103.459,-0.313],[103.381,-0.297],[103.362,-0.285],[103.351,-0.269]]],[[[103.459,-0.31],[103.52,-0.213],[103.448,-0.214],[103.407,-0.239],[103.345,-0.251],[103.362,-0.284],[103.405,-0.292],[103.459,-0.31]]],[[[103.204,0.519],[103.285,0.528],[103.302,0.602],[103.273,0.665],[103.207,0.702],[103.156,0.679],[103.139,0.579],[103.166,0.5],[103.204,0.519]]]]},"properties":{"kode_prov":"14"}},
{"type":"Feature","geometry":{"type":"Polygon","coordinates":[[[101.419,-2.37],[101.562,-2.463],[101.542,-2.553],[101.655,-2.529],[101.669,-2.53],[101.775,-2.65],[101.815,-2.673],[101.815,-2.691],[101.912,-2.739],[101.99,-2.723],[102.091,-2.77],[102.126,-2.729],[102.235,-2.691],[102.277,-2.614],[102.328,-2.655],[102.387,-2.647],[102.406,-2.689],[102.49,-2.705],[102.519,-2.677],[102.602,-2.675],[102.641,-2.611],[102.796,-2.533],[102.794,-2.505],[102.875,-2.41],[102.841,-2.338],[102.877,-2.305],[102.993,-2.341],[103.068,-2.331],[103.143,-2.361],[103.212,-2.317],[103.179,-2.246],[103.182,-2.176],[103.257,-2.133],[103.348,-2.265],[103.431,-2.336],[103.46,-2.297],[103.459,-2.176],[103.531,-2.125],[103.514,-2.084],[103.56,-2],[103.51,-1.962],[103.52,-1.909],[103.626,-1.844],[103.664,-1.849],[104.342,-1.676],[104.362,-1.639],[104.429,-1.626],[104.453,-1.633],[104.44,-1.516],[104.458,-1.426],[104.456,-1.333],[104.393,-1.217],[104.399,-1.09],[104.36,-1.018],[104.288,-1.048],[104.25,-1.033],[104.135,-1.051],[104.031,-1.002],[103.908,-0.982],[103.843,-1.009],[103.75,-0.992],[103.729,-0.96],[103.627,-0.916],[103.574,-0.875],[103.548,-0.811],[103.44,-0.771],[103.345,-0.793],[103.139,-0.749],[103.012,-0.755],[102.928,-0.867],[102.647,-1.122],[102.617,-1.095],[102.482,-1.08],[102.443,-1.025],[102.326,-0.963],[102.307,-0.917],[102.204,-0.949],[102.165,-0.899],[102.117,-0.921],[102.008,-0.879],[101.959,-0.91],[101.859,-0.965],[101.833,-0.982],[101.831,-1.103],[101.876,-1.093],[101.884,-1.136],[101.814,-1.221],[101.722,-1.241],[101.696,-1.288],[101.725,-1.362],[101.724,-1.439],[101.671,-1.508],[101.549,-1.596],[101.502,-1.679],[101.437,-1.696],[101.335,-1.687],[101.232,-1.724],[101.132,-1.685],[101.129,-1.764],[101.179,-1.861],[101.142,-1.924],[101.206,-1.981],[101.265,-2.102],[101.285,-2.277],[101.419,-2.37]]]},"properties":{"kode_prov":"15"}},
{"type":"Feature","geometry":{"type":"MultiPolygon","coordinates":[[[[103.875,-4.884],[103.92,-4.813],[103.977,-4.825],[104.047,-4.901],[104.152,-4.925],[104.217,-4.859],[104.333,-4.872],[104.348,-4.824],[104.305,-4.766],[104.287,-4.683],[104.334,-4.605],[104.314,-4.523],[104.349,-4.398],[104.447,-4.3],[104.591,-4.243],[104.663,-4.261],[104.874,-4.234],[104.967,-4.172],[105.013,-4.174],[105.063,-4.127],[105.106,-4.018],[105.179,-3.905],[105.277,-3.877],[105.305,-3.792],[105.351,-3.75],[105.436,-3.787],[105.512,-3.873],[105.574,-3.901],[105.631,-4.006],[105.651,-4.086],[105.729,-4.135],[105.766,-4.14],[105.808,-4.123],[105.938,-3.898],[105.96,-3.823],[105.907,-3.761],[105.83,-3.712],[105.834,-3.568],[105.891,-3.425],[105.987,-3.311],[106.088,-3.256],[106.098,-3.228],[106.06,-3.119],[106.051,-2.987],[105.979,-2.953],[105.881,-2.967],[105.798,-2.877],[105.797,-2.692],[105.689,-2.682],[105.628,-2.632],[105.603,-2.539],[105.634,-2.434],[105.471,-2.38],[105.431,-2.389],[105.297,-2.372],[105.211,-2.326],[105.121,-2.374],[105.051,-2.375],[105.004,-2.334],[104.926,-2.341],[104.917,-2.287],[104.848,-2.284],[104.843,-2.329],[104.789,-2.383],[104.73,-2.38],[104.777,-2.292],[104.905,-2.189],[104.875,-2.042],[104.844,-2.005],[104.687,-1.985],[104.653,-1.96],[104.616,-1.996],[104.574,-1.999],[104.506,-1.962],[104.464,-1.861],[104.537,-1.788],[104.514,-1.674],[104.453,-1.633],[104.429,-1.626],[104.362,-1.639],[104.342,-1.676],[103.664,-1.849],[103.626,-1.844],[103.52,-1.909],[103.51,-1.962],[103.56,-2],[103.514,-2.084],[103.531,-2.125],[103.459,-2.176],[103.46,-2.297],[103.431,-2.336],[103.348,-2.265],[103.257,-2.133],[103.182,-2.176],[103.179,-2.246],[103.212,-2.317],[103.143,-2.361],[103.068,-2.331],[102.993,-2.341],[102.877,-2.305],[102.841,-2.338],[102.875,-2.41],[102.794,-2.505],[102.796,-2.533],[102.641,-2.611],[102.602,-2.675],[102.519,-2.677],[102.49,-2.705],[102.406,-2.689],[102.387,-2.647],[102.328,-2.655],[102.277,-2.614],[102.235,-2.691],[102.126,-2.729],[102.114,-2.816],[102.133,-2.876],[102.225,-2.928],[102.237,-2.997],[102.284,-3.038],[102.315,-3.069],[102.39,-3.044],[102.488,-3.109],[102.487,-3.205],[102.498,-3.263],[102.636,-3.353],[102.744,-3.316],[102.958,-3.36],[102.999,-3.395],[102.989,-3.519],[102.935,-3.578],[102.886,-3.579],[102.81,-3.53],[102.739,-3.748],[102.642,-3.793],[102.783,-3.945],[102.86,-3.993],[102.912,-3.971],[102.981,-4.042],[102.918,-4.093],[103.061,-4.196],[103.076,-4.262],[103.181,-4.236],[103.305,-4.255],[103.328,-4.292],[103.462,-4.336],[103.413,-4.468],[103.437,-4.531],[103.485,-4.579],[103.571,-4.525],[103.63,-4.556],[103.641,-4.595],[103.686,-4.634],[103.684,-4.646],[103.705,-4.698],[103.761,-4.775],[103.774,-4.773],[103.825,-4.801],[103.875,-4.884]]],[[[104.644,-1.914],[104.539,-1.854],[104.518,-1.968],[104.584,-1.994],[104.644,-1.914]]]]},"properties":{"kode_prov":"16"}},
{"type":"Feature","geometry":{"type":"MultiPolygon","coordinates":[[[[102.146,-5.283],[102.088,-5.358],[102.203,-5.417],[102.248,-5.496],[102.28,-5.477],[102.36,-5.505],[102.381,-5.386],[102.285,-5.357],[102.146,-5.283]]],[[[101.17,-2.383],[101.022,-2.479],[101.142,-2.628],[101.321,-2.738],[101.404,-2.927],[101.479,-3.012],[101.521,-3.116],[101.614,-3.238],[101.804,-3.377],[101.91,-3.439],[101.926,-3.479],[102.079,-3.554],[102.223,-3.667],[102.293,-3.846],[102.266,-3.918],[102.332,-4.01],[102.691,-4.272],[102.877,-4.431],[102.9,-4.489],[103.037,-4.534],[103.154,-4.601],[103.284,-4.709],[103.406,-4.856],[103.527,-4.892],[103.571,-4.926],[103.602,-4.868],[103.718,-4.794],[103.761,-4.775],[103.705,-4.698],[103.684,-4.646],[103.686,-4.634],[103.641,-4.595],[103.63,-4.556],[103.571,-4.525],[103.485,-4.579],[103.437,-4.531],[103.413,-4.468],[103.462,-4.336],[103.328,-4.292],[103.305,-4.255],[103.181,-4.236],[103.076,-4.262],[103.061,-4.196],[102.918,-4.093],[102.981,-4.042],[102.912,-3.971],[102.86,-3.993],[102.783,-3.945],[102.642,-3.793],[102.739,-3.748],[102.81,-3.53],[102.886,-3.579],[102.935,-3.578],[102.989,-3.519],[102.999,-3.395],[102.958,-3.36],[102.744,-3.316],[102.636,-3.353],[102.498,-3.263],[102.487,-3.205],[102.488,-3.109],[102.39,-3.044],[102.321,-3.07],[102.284,-3.038],[102.237,-2.997],[102.225,-2.928],[102.133,-2.876],[102.114,-2.816],[101.99,-2.723],[101.912,-2.739],[101.815,-2.691],[101.768,-2.644],[101.676,-2.533],[101.655,-2.529],[101.542,-2.553],[101.562,-2.463],[101.419,-2.37],[101.285,-2.277],[101.26,-2.31],[101.238,-2.32],[101.17,-2.383]]]]},"properties":{"kode_prov":"17"}},
{"type":"Feature","geometry":{"type":"Polygon","coordinates":[[[103.571,-4.926],[103.71,-4.961],[103.867,-5.111],[103.929,-5.139],[103.903,-5.212],[103.987,-5.257],[103.995,-5.318],[104.121,-5.457],[104.189,-5.489],[104.299,-5.576],[104.301,-5.642],[104.421,-5.712],[104.453,-5.764],[104.567,-5.869],[104.584,-5.943],[104.724,-5.934],[104.71,-5.831],[104.645,-5.743],[104.648,-5.699],[104.564,-5.602],[104.567,-5.506],[104.707,-5.521],[104.777,-5.605],[104.829,-5.621],[104.963,-5.719],[105.094,-5.756],[105.155,-5.754],[105.193,-5.703],[105.204,-5.577],[105.244,-5.588],[105.29,-5.445],[105.412,-5.624],[105.535,-5.671],[105.589,-5.737],[105.585,-5.806],[105.614,-5.836],[105.715,-5.858],[105.78,-5.836],[105.829,-5.59],[105.821,-5.322],[105.864,-5.255],[105.857,-5.074],[105.875,-4.962],[105.902,-4.937],[105.868,-4.865],[105.87,-4.732],[105.917,-4.647],[105.884,-4.59],[105.905,-4.55],[105.892,-4.44],[105.825,-4.343],[105.827,-4.188],[105.808,-4.123],[105.766,-4.14],[105.729,-4.135],[105.651,-4.086],[105.631,-4.006],[105.574,-3.901],[105.512,-3.873],[105.436,-3.787],[105.351,-3.75],[105.305,-3.792],[105.277,-3.877],[105.179,-3.905],[105.106,-4.018],[105.063,-4.127],[105.013,-4.174],[104.967,-4.172],[104.874,-4.234],[104.663,-4.261],[104.591,-4.243],[104.447,-4.3],[104.349,-4.398],[104.314,-4.523],[104.334,-4.605],[104.287,-4.683],[104.305,-4.766],[104.348,-4.824],[104.333,-4.872],[104.217,-4.859],[104.152,-4.925],[104.047,-4.901],[103.932,-4.902],[103.875,-4.884],[103.825,-4.801],[103.774,-4.773],[103.718,-4.794],[103.602,-4.868],[103.571,-4.926]]]},"properties":{"kode_prov":"18"}},
{"type":"Feature","geometry":{"type":"MultiPolygon","coordinates":[[[[106.662,-2.719],[106.747,-2.608],[106.849,-2.572],[106.5,-2.505],[106.447,-2.473],[106.346,-2.46],[106.299,-2.421],[106.232,-2.316],[106.228,-2.26],[106.178,-2.148],[106.149,-1.979],[106.186,-1.896],[106.135,-1.855],[106.029,-1.682],[106.049,-1.6],[105.981,-1.551],[105.879,-1.52],[105.721,-1.544],[105.767,-1.651],[105.74,-1.686],[105.774,-1.767],[105.669,-1.762],[105.675,-1.654],[105.628,-1.626],[105.612,-1.562],[105.461,-1.564],[105.342,-1.669],[105.389,-1.736],[105.361,-1.833],[105.265,-1.896],[105.125,-1.959],[105.108,-2.024],[105.131,-2.085],[105.229,-2.066],[105.296,-2.154],[105.351,-2.12],[105.447,-2.125],[105.537,-2.083],[105.59,-2.124],[105.725,-2.126],[105.781,-2.16],[105.788,-2.254],[105.827,-2.318],[105.803,-2.367],[105.835,-2.413],[105.933,-2.47],[105.887,-2.644],[105.919,-2.744],[105.977,-2.815],[106.095,-2.837],[106.284,-2.905],[106.336,-2.968],[106.424,-2.971],[106.515,-3.113],[106.585,-3.077],[106.705,-3.098],[106.743,-3.056],[106.675,-2.975],[106.592,-2.939],[106.602,-2.863],[106.662,-2.719]]],[[[106.809,-2.887],[106.709,-2.967],[106.855,-3.04],[106.906,-2.966],[106.894,-2.93],[106.809,-2.887]]],[[[107.458,-2.82],[107.352,-2.877],[107.412,-2.945],[107.471,-2.904],[107.458,-2.82]]],[[[107.849,-3.056],[107.889,-3.081],[107.973,-3.192],[107.966,-3.244],[108.083,-3.245],[108.08,-3.17],[108.152,-3.172],[108.213,-3.07],[108.209,-3.011],[108.298,-2.847],[108.248,-2.74],[108.192,-2.68],[108.149,-2.672],[108.086,-2.599],[108.042,-2.599],[107.834,-2.554],[107.667,-2.555],[107.628,-2.605],[107.628,-2.715],[107.597,-2.793],[107.6,-2.932],[107.561,-2.997],[107.582,-3.086],[107.627,-3.152],[107.592,-3.197],[107.64,-3.239],[107.709,-3.193],[107.828,-3.167],[107.823,-3.082],[107.849,-3.056]]]]},"properties":{"kode_prov":"19"}},
{"type":"Feature","geometry":{"type":"MultiPolygon","coordinates":[[[[103.37,0.892],[103.342,0.801],[103.352,0.741],[103.401,0.671],[103.457,0.638],[103.513,0.755],[103.472,0.809],[103.37,0.892]]],[[[103.376,1.136],[103.312,1.087],[103.327,1.019],[103.395,0.992],[103.376,1.136]]],[[[103.749,0.886],[103.721,0.851],[103.76,0.804],[103.835,0.812],[103.749,0.886]]],[[[103.868,1.038],[103.833,0.977],[103.944,0.91],[103.967,0.967],[103.868,1.038]]],[[[104.022,1.028],[104.137,1.039],[104.149,1.17],[104.108,1.201],[104.041,1.178],[103.89,1.095],[103.941,1.009],[104.022,1.028]]],[[[104.12,0.962],[104.1,0.88],[104.146,0.856],[104.168,0.787],[104.245,0.82],[104.266,0.859],[104.17,0.899],[104.12,0.962]]],[[[104.262,0.793],[104.186,0.776],[104.241,0.697],[104.262,0.793]]],[[[104.485,-0.348],[104.386,-0.413],[104.277,-0.396],[104.26,-0.475],[104.32,-0.538],[104.359,-0.683],[104.397,-0.602],[104.474,-0.637],[104.535,-0.539],[104.602,-0.469],[104.539,-0.371],[104.485,-0.348]]],[[[104.401,0.161],[104.393,0.112],[104.467,0.026],[104.493,0.071],[104.401,0.161]]],[[[104.515,0.843],[104.593,0.81],[104.62,0.899],[104.66,0.914],[104.635,0.988],[104.657,1.045],[104.634,1.108],[104.536,1.183],[104.501,1.17],[104.394,1.205],[104.33,1.138],[104.246,1.12],[104.212,1.074],[104.257,1.001],[104.333,0.992],[104.404,1.054],[104.465,1.023],[104.409,0.964],[104.439,0.906],[104.515,0.843]]],[[[104.515,0.247],[104.477,0.24],[104.554,0.126],[104.664,0.074],[104.515,0.247]]],[[[104.55,0.031],[104.511,-0.068],[104.506,-0.129],[104.427,-0.183],[104.429,-0.237],[104.498,-0.241],[104.522,-0.276],[104.7,-0.205],[104.849,-0.323],[104.916,-0.278],[104.879,-0.196],[104.757,-0.196],[104.64,-0.035],[104.55,0.031]]],[[[105.701,3.063],[105.715,2.985],[105.693,2.851],[105.77,2.844],[105.766,2.895],[105.828,2.911],[105.788,2.987],[105.749,2.97],[105.701,3.063]]],[[[106.227,3.236],[106.204,3.138],[106.237,3.096],[106.289,3.104],[106.289,3.177],[106.227,3.236]]],[[[106.269,3.381],[106.227,3.26],[106.296,3.276],[106.302,3.381],[106.269,3.381]]],[[[108.872,3.009],[108.786,2.896],[108.848,2.851],[108.888,2.913],[108.872,3.009]]],[[[108.219,4.23],[108.174,4.164],[108.074,4.067],[108.033,4.057],[107.989,3.943],[108.063,3.834],[108.118,3.826],[108.205,3.778],[108.118,3.744],[108.093,3.677],[108.202,3.659],[108.305,3.671],[108.31,3.731],[108.387,3.794],[108.396,3.847],[108.362,3.904],[108.403,3.964],[108.347,3.998],[108.234,4.128],[108.219,4.23]]]]},"properties":{"kode_prov":"21"}},
{"type":"Feature","geometry":{"type":"Polygon","coordinates":[[[106.835,-6.355],[106.856,-6.352],[106.871,-6.353],[106.922,-6.303],[106.966,-6.207],[106.969,-6.092],[106.882,-6.094],[106.841,-6.124],[106.725,-6.089],[106.698,-6.111],[106.689,-6.172],[106.718,-6.224],[106.757,-6.262],[106.76,-6.286],[106.777,-6.315],[106.809,-6.315],[106.792,-6.348],[106.793,-6.364],[106.835,-6.355]]]},"properties":{"kode_prov":"31"}},
{"type":"Feature","geometry":{"type":"Polygon","coordinates":[[[106.4,-6.924],[106.544,-6.988],[106.545,-7.054],[106.401,-7.186],[106.373,-7.308],[106.414,-7.364],[106.491,-7.376],[106.523,-7.408],[106.787,-7.438],[106.883,-7.435],[107.108,-7.457],[107.248,-7.489],[107.393,-7.495],[107.606,-7.573],[107.675,-7.628],[107.69,-7.668],[107.81,-7.688],[107.847,-7.737],[107.929,-7.732],[108.083,-7.773],[108.3,-7.815],[108.441,-7.821],[108.503,-7.785],[108.515,-7.7],[108.688,-7.678],[108.776,-7.699],[108.8,-7.668],[108.742,-7.614],[108.741,-7.593],[108.751,-7.592],[108.712,-7.459],[108.687,-7.4],[108.645,-7.346],[108.583,-7.35],[108.558,-7.335],[108.556,-7.288],[108.581,-7.207],[108.566,-7.18],[108.659,-7.156],[108.726,-7.115],[108.771,-7.112],[108.791,-7.025],[108.753,-6.92],[108.833,-6.801],[108.75,-6.815],[108.677,-6.764],[108.603,-6.764],[108.562,-6.692],[108.535,-6.481],[108.448,-6.431],[108.385,-6.358],[108.361,-6.258],[108.221,-6.24],[108.19,-6.295],[108.128,-6.335],[108.031,-6.307],[107.903,-6.244],[107.819,-6.186],[107.733,-6.235],[107.668,-6.239],[107.621,-6.187],[107.476,-6.15],[107.389,-6.018],[107.343,-5.97],[107.28,-5.959],[107.168,-5.989],[107.095,-5.937],[107.013,-5.918],[106.998,-6.077],[106.97,-6.088],[106.966,-6.207],[106.922,-6.303],[106.871,-6.353],[106.856,-6.352],[106.835,-6.355],[106.795,-6.365],[106.792,-6.348],[106.807,-6.314],[106.779,-6.317],[106.759,-6.361],[106.594,-6.363],[106.558,-6.341],[106.515,-6.332],[106.469,-6.303],[106.432,-6.367],[106.454,-6.414],[106.403,-6.517],[106.43,-6.591],[106.429,-6.682],[106.467,-6.751],[106.4,-6.924]]]},"properties":{"kode_prov":"32"}},
{"type":"Feature","geometry":{"type":"Polygon","coordinates":[[[110.059,-7.841],[110.13,-7.747],[110.118,-7.668],[110.192,-7.645],[110.304,-7.655],[110.46,-7.57],[110.492,-7.767],[110.51,-7.771],[110.555,-7.795],[110.583,-7.79],[110.576,-7.806],[110.586,-7.803],[110.6,-7.807],[110.724,-7.794],[110.788,-7.855],[110.754,-8.026],[110.789,-8.115],[110.819,-8.144],[110.818,-8.159],[110.832,-8.204],[110.909,-8.211],[110.899,-8.179],[110.908,-8.125],[110.943,-8.088],[110.952,-8.063],[110.994,-8.082],[111.113,-8.057],[111.123,-7.972],[111.183,-7.919],[111.267,-7.945],[111.306,-7.841],[111.294,-7.761],[111.182,-7.712],[111.194,-7.62],[111.153,-7.563],[111.153,-7.499],[111.119,-7.419],[111.142,-7.333],[111.155,-7.313],[111.178,-7.264],[111.286,-7.289],[111.345,-7.335],[111.416,-7.349],[111.44,-7.37],[111.457,-7.369],[111.457,-7.321],[111.46,-7.262],[111.477,-7.252],[111.488,-7.243],[111.528,-7.227],[111.537,-7.216],[111.566,-7.208],[111.587,-7.186],[111.599,-7.145],[111.606,-7.128],[111.613,-7.111],[111.628,-7.075],[111.613,-7.035],[111.602,-6.912],[111.611,-6.846],[111.635,-6.829],[111.684,-6.771],[111.691,-6.754],[111.563,-6.639],[111.509,-6.632],[111.379,-6.702],[111.243,-6.692],[111.144,-6.653],[111.064,-6.52],[111.046,-6.426],[110.918,-6.403],[110.836,-6.408],[110.724,-6.447],[110.69,-6.488],[110.646,-6.65],[110.615,-6.707],[110.538,-6.752],[110.56,-6.804],[110.521,-6.835],[110.476,-6.924],[110.354,-6.954],[110.249,-6.907],[110.18,-6.848],[110.135,-6.878],[110.008,-6.92],[109.87,-6.915],[109.692,-6.857],[109.577,-6.837],[109.523,-6.772],[109.413,-6.852],[109.274,-6.873],[109.102,-6.84],[109.052,-6.781],[108.93,-6.825],[108.833,-6.801],[108.753,-6.92],[108.791,-7.025],[108.771,-7.112],[108.726,-7.115],[108.659,-7.156],[108.625,-7.14],[108.566,-7.18],[108.581,-7.207],[108.556,-7.288],[108.558,-7.335],[108.583,-7.35],[108.645,-7.346],[108.687,-7.4],[108.712,-7.459],[108.751,-7.592],[108.741,-7.593],[108.742,-7.614],[108.8,-7.668],[108.814,-7.735],[109.007,-7.778],[109.033,-7.714],[109.109,-7.687],[109.29,-7.701],[109.467,-7.759],[109.611,-7.779],[109.878,-7.844],[110.031,-7.897],[110.035,-7.885],[110.059,-7.841]]]},"properties":{"kode_prov":"33"}},
{"type":"Feature","geometry":{"type":"Polygon","coordinates":[[[110.555,-7.795],[110.51,-7.771],[110.492,-7.767],[110.46,-7.57],[110.304,-7.655],[110.192,-7.645],[110.118,-7.668],[110.13,-7.747],[110.059,-7.841],[110.035,-7.885],[110.031,-7.897],[110.211,-7.987],[110.344,-8.03],[110.375,-8.072],[110.527,-8.131],[110.603,-8.145],[110.691,-8.187],[110.829,-8.204],[110.818,-8.159],[110.819,-8.144],[110.789,-8.115],[110.754,-8.026],[110.788,-7.855],[110.724,-7.794],[110.6,-7.807],[110.586,-7.803],[110.576,-7.806],[110.583,-7.79],[110.555,-7.795]]]},"properties":{"kode_prov":"34"}},
{"type":"Feature","geometry":{"type":"MultiPolygon","coordinates":[[[[110.994,-8.082],[110.953,-8.063],[110.921,-8.118],[110.908,-8.125],[110.899,-8.187],[110.916,-8.218],[110.999,-8.255],[111.094,-8.247],[111.153,-8.285],[111.261,-8.248],[111.399,-8.278],[111.512,-8.333],[111.623,-8.322],[111.675,-8.372],[111.73,-8.288],[111.775,-8.258],[111.899,-8.305],[111.95,-8.278],[112.066,-8.323],[112.33,-8.331],[112.373,-8.376],[112.443,-8.398],[112.557,-8.403],[112.672,-8.445],[112.709,-8.418],[112.914,-8.399],[112.979,-8.325],[113.065,-8.297],[113.229,-8.283],[113.329,-8.322],[113.388,-8.4],[113.432,-8.379],[113.485,-8.416],[113.57,-8.426],[113.909,-8.58],[114.028,-8.598],[114.031,-8.63],[114.143,-8.623],[114.213,-8.646],[114.233,-8.603],[114.308,-8.619],[114.373,-8.677],[114.354,-8.746],[114.446,-8.753],[114.538,-8.78],[114.605,-8.72],[114.562,-8.656],[114.481,-8.618],[114.442,-8.634],[114.34,-8.422],[114.398,-8.122],[114.434,-8.035],[114.422,-7.922],[114.464,-7.887],[114.439,-7.789],[114.371,-7.757],[114.294,-7.748],[114.24,-7.698],[114.105,-7.706],[114.039,-7.604],[113.931,-7.701],[113.868,-7.68],[113.762,-7.738],[113.713,-7.708],[113.666,-7.737],[113.577,-7.707],[113.487,-7.698],[113.287,-7.784],[113.249,-7.746],[113.108,-7.721],[113.029,-7.645],[112.888,-7.616],[112.841,-7.48],[112.846,-7.31],[112.765,-7.196],[112.681,-7.198],[112.622,-7.115],[112.651,-7.019],[112.593,-6.929],[112.418,-6.862],[112.223,-6.873],[112.167,-6.899],[112.081,-6.896],[112.036,-6.87],[111.961,-6.761],[111.84,-6.801],[111.766,-6.772],[111.684,-6.771],[111.635,-6.829],[111.611,-6.846],[111.602,-6.912],[111.613,-7.035],[111.628,-7.075],[111.613,-7.111],[111.606,-7.128],[111.599,-7.145],[111.587,-7.186],[111.566,-7.208],[111.537,-7.216],[111.528,-7.227],[111.488,-7.243],[111.477,-7.252],[111.46,-7.262],[111.457,-7.321],[111.457,-7.369],[111.44,-7.37],[111.416,-7.349],[111.345,-7.335],[111.286,-7.289],[111.178,-7.264],[111.155,-7.313],[111.142,-7.333],[111.119,-7.419],[111.153,-7.499],[111.153,-7.563],[111.194,-7.62],[111.182,-7.712],[111.294,-7.761],[111.306,-7.841],[111.267,-7.945],[111.183,-7.919],[111.123,-7.972],[111.113,-8.057],[110.994,-8.082]]],[[[112.702,-5.734],[112.648,-5.731],[112.59,-5.775],[112.575,-5.829],[112.687,-5.855],[112.742,-5.79],[112.702,-5.734]]],[[[113.291,-8.445],[113.31,-8.509],[113.399,-8.497],[113.4,-8.458],[113.291,-8.445]]],[[[113.599,-7.13],[113.684,-7.109],[113.816,-7.133],[113.87,-7.095],[113.926,-7.019],[114.043,-7.008],[114.093,-6.98],[114.087,-6.927],[113.914,-6.864],[113.796,-6.886],[113.682,-6.882],[113.506,-6.897],[113.418,-6.887],[113.117,-6.895],[113.006,-6.881],[112.849,-6.897],[112.782,-6.992],[112.674,-7.06],[112.706,-7.097],[112.691,-7.154],[112.865,-7.163],[112.913,-7.185],[113.098,-7.229],[113.327,-7.214],[113.552,-7.234],[113.599,-7.13]]],[[[114.329,-7.055],[114.275,-7.109],[114.313,-7.159],[114.387,-7.182],[114.37,-7.087],[114.329,-7.055]]],[[[115.247,-6.827],[115.24,-6.886],[115.198,-6.922],[115.263,-6.964],[115.293,-7.013],[115.404,-6.989],[115.449,-6.912],[115.549,-6.966],[115.556,-6.903],[115.394,-6.835],[115.247,-6.827]]],[[[115.907,-7.103],[115.843,-7.163],[115.898,-7.183],[115.907,-7.103]]]]},"properties":{"kode_prov":"35"}},
{"type":"Feature","geometry":{"type":"MultiPolygon","coordinates":[[[[105.268,-6.527],[105.186,-6.538],[105.159,-6.576],[105.243,-6.635],[105.268,-6.527]]],[[[106.698,-6.111],[106.715,-6.044],[106.643,-6.001],[106.587,-6.032],[106.482,-6.047],[106.408,-6.022],[106.36,-5.962],[106.244,-5.967],[106.224,-6.012],[106.158,-6.025],[106.098,-5.982],[106.114,-5.93],[106.041,-5.876],[105.992,-5.923],[105.983,-5.996],[105.882,-6.073],[105.825,-6.239],[105.824,-6.43],[105.783,-6.507],[105.713,-6.532],[105.65,-6.481],[105.616,-6.559],[105.617,-6.618],[105.507,-6.729],[105.5,-6.792],[105.43,-6.767],[105.37,-6.646],[105.279,-6.735],[105.239,-6.797],[105.437,-6.836],[105.476,-6.864],[105.671,-6.836],[105.774,-6.85],[105.924,-6.815],[106.029,-6.82],[106.106,-6.883],[106.238,-6.932],[106.307,-6.995],[106.394,-6.985],[106.4,-6.924],[106.467,-6.751],[106.429,-6.682],[106.43,-6.591],[106.403,-6.517],[106.454,-6.414],[106.432,-6.367],[106.469,-6.303],[106.515,-6.332],[106.558,-6.341],[106.594,-6.363],[106.759,-6.361],[106.76,-6.286],[106.757,-6.262],[106.718,-6.224],[106.689,-6.172],[106.698,-6.111]]]]},"properties":{"kode_prov":"36"}},
{"type":"Feature","geometry":{"type":"MultiPolygon","coordinates":[[[[115.362,-8.577],[115.444,-8.572],[115.538,-8.5],[115.613,-8.506],[115.634,-8.462],[115.711,-8.4],[115.699,-8.36],[115.63,-8.325],[115.56,-8.233],[115.484,-8.18],[115.339,-8.112],[115.185,-8.061],[115.117,-8.081],[115.001,-8.176],[114.823,-8.192],[114.618,-8.123],[114.523,-8.134],[114.494,-8.096],[114.436,-8.097],[114.448,-8.219],[114.582,-8.398],[114.707,-8.397],[114.8,-8.413],[114.903,-8.459],[115.057,-8.58],[115.143,-8.67],[115.169,-8.724],[115.089,-8.838],[115.167,-8.849],[115.24,-8.803],[115.181,-8.762],[115.264,-8.707],[115.261,-8.666],[115.362,-8.577]]],[[[115.554,-8.672],[115.49,-8.674],[115.451,-8.748],[115.589,-8.819],[115.621,-8.749],[115.554,-8.672]]]]},"properties":{"kode_prov":"51"}},
{"type":"Feature","geometry":{"type":"MultiPolygon","coordinates":[[[[116.069,-8.547],[116.059,-8.727],[115.99,-8.731],[115.915,-8.776],[115.865,-8.743],[115.835,-8.809],[115.933,-8.833],[116.008,-8.904],[116.14,-8.87],[116.173,-8.914],[116.249,-8.903],[116.337,-8.916],[116.386,-8.867],[116.448,-8.899],[116.571,-8.892],[116.51,-8.78],[116.665,-8.562],[116.661,-8.488],[116.712,-8.443],[116.718,-8.347],[116.651,-8.288],[116.46,-8.227],[116.349,-8.211],[116.254,-8.254],[116.102,-8.393],[116.057,-8.404],[116.034,-8.485],[116.069,-8.547]]],[[[117.057,-9.104],[117.135,-9.084],[117.186,-9.021],[117.271,-9.041],[117.41,-9.049],[117.547,-9.003],[117.691,-8.919],[117.838,-8.932],[117.981,-8.895],[118.013,-8.853],[118.079,-8.84],[118.128,-8.878],[118.185,-8.854],[118.284,-8.769],[118.354,-8.685],[118.433,-8.674],[118.386,-8.764],[118.38,-8.828],[118.467,-8.889],[118.519,-8.879],[118.637,-8.814],[118.758,-8.797],[118.836,-8.846],[118.945,-8.831],[118.909,-8.765],[118.746,-8.764],[118.76,-8.693],[118.846,-8.73],[118.906,-8.68],[118.971,-8.749],[119.172,-8.724],[119.129,-8.63],[119.036,-8.642],[119.013,-8.538],[119.052,-8.514],[119.047,-8.438],[118.992,-8.377],[118.985,-8.304],[118.816,-8.281],[118.765,-8.31],[118.702,-8.39],[118.646,-8.29],[118.464,-8.246],[118.389,-8.329],[118.291,-8.368],[118.234,-8.332],[118.147,-8.2],[118.143,-8.135],[118.081,-8.1],[117.961,-8.107],[117.924,-8.08],[117.829,-8.129],[117.787,-8.124],[117.719,-8.164],[117.692,-8.238],[117.817,-8.351],[117.98,-8.465],[118.082,-8.451],[118.105,-8.495],[118.278,-8.591],[118.28,-8.643],[118.204,-8.673],[118.125,-8.648],[118.036,-8.671],[117.963,-8.743],[117.871,-8.696],[117.805,-8.727],[117.749,-8.645],[117.761,-8.599],[117.644,-8.556],[117.625,-8.443],[117.562,-8.405],[117.436,-8.411],[117.388,-8.473],[117.306,-8.432],[117.202,-8.406],[117.155,-8.364],[117.067,-8.435],[116.916,-8.527],[116.843,-8.539],[116.789,-8.59],[116.764,-8.654],[116.815,-8.813],[116.733,-8.869],[116.74,-8.997],[116.788,-9.036],[116.897,-9.065],[116.942,-9.052],[117.012,-9.109],[117.057,-9.104]]],[[[117.563,-8.145],[117.48,-8.192],[117.508,-8.273],[117.47,-8.356],[117.528,-8.39],[117.57,-8.335],[117.61,-8.238],[117.69,-8.181],[117.663,-8.15],[117.563,-8.145]]],[[[119.054,-8.127],[119.012,-8.154],[119,-8.23],[119.088,-8.251],[119.113,-8.157],[119.054,-8.127]]]]},"properties":{"kode_prov":"52"}},
{"type":"Feature","geometry":{"type":"MultiPolygon","coordinates":[[[[119.395,-9.382],[119.298,-9.357],[119.22,-9.391],[119.163,-9.379],[119.102,-9.421],[118.99,-9.456],[118.928,-9.557],[118.986,-9.608],[119.026,-9.675],[119.174,-9.741],[119.301,-9.744],[119.383,-9.794],[119.469,-9.741],[119.583,-9.762],[119.767,-9.896],[119.863,-9.922],[119.995,-10.038],[120.023,-10.098],[120.165,-10.24],[120.218,-10.254],[120.35,-10.249],[120.454,-10.317],[120.532,-10.24],[120.613,-10.253],[120.739,-10.19],[120.839,-10.095],[120.846,-10.029],[120.816,-9.977],[120.747,-9.924],[120.678,-9.899],[120.598,-9.732],[120.504,-9.686],[120.464,-9.615],[120.365,-9.644],[120.234,-9.616],[120.226,-9.531],[120.185,-9.468],[120.085,-9.47],[120.007,-9.383],[119.936,-9.276],[119.797,-9.399],[119.686,-9.382],[119.627,-9.345],[119.534,-9.378],[119.47,-9.358],[119.395,-9.382]]],[[[119.459,-8.431],[119.412,-8.55],[119.374,-8.585],[119.433,-8.676],[119.505,-8.569],[119.56,-8.587],[119.552,-8.479],[119.471,-8.48],[119.459,-8.431]]],[[[119.632,-8.603],[119.661,-8.701],[119.617,-8.764],[119.694,-8.81],[119.729,-8.775],[119.709,-8.697],[119.799,-8.657],[119.792,-8.614],[119.719,-8.621],[119.658,-8.657],[119.632,-8.603]]],[[[121.958,-10.438],[121.908,-10.419],[121.844,-10.45],[121.834,-10.499],[121.684,-10.578],[121.749,-10.615],[121.875,-10.618],[121.946,-10.557],[121.986,-10.551],[121.997,-10.442],[121.958,-10.438]]],[[[121.542,-8.809],[121.777,-8.883],[121.884,-8.828],[122.031,-8.795],[122.084,-8.741],[122.196,-8.75],[122.421,-8.744],[122.54,-8.701],[122.557,-8.666],[122.726,-8.633],[122.842,-8.571],[122.79,-8.484],[122.86,-8.453],[122.914,-8.329],[122.964,-8.352],[123.021,-8.316],[122.983,-8.251],[122.972,-8.133],[122.867,-8.063],[122.783,-8.108],[122.799,-8.208],[122.866,-8.176],[122.918,-8.194],[122.893,-8.277],[122.811,-8.298],[122.766,-8.363],[122.597,-8.393],[122.548,-8.464],[122.479,-8.494],[122.518,-8.547],[122.475,-8.609],[122.33,-8.618],[122.296,-8.642],[122.221,-8.62],[122.105,-8.529],[122.016,-8.53],[122.024,-8.44],[121.913,-8.496],[121.642,-8.499],[121.57,-8.531],[121.529,-8.609],[121.462,-8.561],[121.431,-8.586],[121.335,-8.537],[121.306,-8.486],[121.191,-8.438],[120.997,-8.396],[120.978,-8.346],[120.854,-8.358],[120.735,-8.349],[120.655,-8.289],[120.558,-8.3],[120.408,-8.281],[120.261,-8.283],[120.201,-8.306],[120.158,-8.373],[120.12,-8.359],[120.049,-8.399],[119.997,-8.461],[119.881,-8.478],[119.868,-8.524],[119.81,-8.564],[119.8,-8.765],[119.833,-8.807],[119.925,-8.833],[120.149,-8.785],[120.214,-8.837],[120.315,-8.855],[120.438,-8.814],[120.595,-8.815],[120.646,-8.867],[120.746,-8.893],[120.789,-8.841],[120.854,-8.841],[120.931,-8.933],[121.001,-8.956],[121.18,-8.885],[121.342,-8.905],[121.388,-8.789],[121.542,-8.809]]],[[[123.374,-10.431],[123.37,-10.478],[123.264,-10.521],[123.043,-10.729],[122.858,-10.759],[122.81,-10.782],[122.824,-10.923],[122.949,-10.904],[123.133,-10.815],[123.189,-10.837],[123.253,-10.734],[123.427,-10.656],[123.421,-10.614],[123.357,-10.546],[123.4,-10.505],[123.374,-10.431]]],[[[123.15,-8.424],[122.977,-8.436],[122.945,-8.493],[122.885,-8.524],[122.871,-8.586],[122.942,-8.589],[122.976,-8.515],[123.025,-8.476],[123.065,-8.491],[123.148,-8.462],[123.15,-8.424]]],[[[123.212,-8.228],[123.142,-8.234],[123.033,-8.308],[123.001,-8.41],[123.179,-8.385],[123.295,-8.388],[123.305,-8.297],[123.334,-8.264],[123.212,-8.228]]],[[[123.454,-10.115],[123.396,-10.134],[123.368,-10.204],[123.301,-10.271],[123.305,-10.312],[123.42,-10.296],[123.453,-10.218],[123.454,-10.115]]],[[[123.526,-10.218],[123.463,-10.327],[123.546,-10.328],[123.704,-10.366],[123.861,-10.334],[123.964,-10.276],[124.018,-10.273],[124.101,-10.179],[124.171,-10.156],[124.388,-10.171],[124.478,-10.122],[124.542,-10.016],[124.588,-10],[124.673,-9.92],[124.751,-9.882],[124.853,-9.73],[124.982,-9.64],[124.991,-9.559],[125.072,-9.482],[125.08,-9.392],[125.051,-9.329],[124.994,-9.29],[124.983,-9.191],[125.014,-9.169],[125.097,-9.202],[125.193,-9.156],[125.171,-9.123],[125.186,-9.028],[125.112,-8.967],[125.068,-9.027],[125.002,-9.064],[124.932,-9.028],[124.944,-8.957],[124.849,-9.009],[124.801,-9.009],[124.67,-9.118],[124.53,-9.186],[124.476,-9.174],[124.462,-9.301],[124.374,-9.376],[124.355,-9.485],[124.287,-9.451],[124.217,-9.366],[124.135,-9.427],[124.045,-9.347],[123.992,-9.344],[123.934,-9.422],[123.734,-9.567],[123.674,-9.629],[123.684,-9.702],[123.669,-9.85],[123.601,-9.898],[123.581,-10.018],[123.697,-10.01],[123.771,-10.043],[123.742,-10.098],[123.65,-10.146],[123.535,-10.174],[123.526,-10.218]]],[[[123.854,-8.214],[123.782,-8.167],[123.658,-8.247],[123.575,-8.285],[123.586,-8.35],[123.498,-8.336],[123.544,-8.283],[123.495,-8.239],[123.416,-8.289],[123.473,-8.335],[123.337,-8.398],[123.234,-8.507],[123.319,-8.523],[123.393,-8.584],[123.493,-8.513],[123.519,-8.559],[123.584,-8.539],[123.554,-8.465],[123.614,-8.419],[123.693,-8.408],[123.753,-8.299],[123.922,-8.25],[123.854,-8.214]]],[[[124.301,-8.331],[124.324,-8.233],[124.288,-8.174],[124.23,-8.215],[124.204,-8.273],[124.133,-8.344],[124.086,-8.359],[124.059,-8.293],[123.965,-8.347],[123.946,-8.408],[124.034,-8.421],[124.066,-8.551],[124.141,-8.538],[124.212,-8.46],[124.211,-8.413],[124.301,-8.331]]],[[[124.6,-8.122],[124.45,-8.15],[124.4,-8.215],[124.399,-8.326],[124.341,-8.392],[124.355,-8.439],[124.51,-8.418],[124.547,-8.442],[124.658,-8.39],[124.787,-8.403],[124.891,-8.363],[125.062,-8.357],[125.126,-8.337],[125.142,-8.238],[125.091,-8.145],[124.813,-8.165],[124.782,-8.147],[124.668,-8.162],[124.608,-8.197],[124.6,-8.122]]]]},"properties":{"kode_prov":"53"}},
{"type":"Feature","geometry":{"type":"MultiPolygon","coordinates":[[[[108.892,-1.536],[108.827,-1.59],[108.858,-1.677],[108.937,-1.654],[108.983,-1.602],[108.892,-1.536]]],[[[114.169,1.37],[114.191,1.429],[114.141,1.467],[113.95,1.44],[113.822,1.374],[113.804,1.3],[113.703,1.265],[113.632,1.219],[113.583,1.308],[113.5,1.318],[113.421,1.285],[113.357,1.358],[113.268,1.388],[113.144,1.388],[113.124,1.429],[112.975,1.411],[112.983,1.45],[113.071,1.529],[113.059,1.559],[112.933,1.567],[112.884,1.587],[112.841,1.538],[112.775,1.564],[112.515,1.576],[112.434,1.527],[112.319,1.508],[112.212,1.45],[112.232,1.379],[112.179,1.304],[112.143,1.135],[111.935,1.122],[111.813,0.999],[111.717,1.007],[111.666,1.043],[111.581,0.979],[111.489,1.035],[111.385,1.015],[111.252,1.063],[110.995,1.029],[110.905,1.029],[110.861,0.951],[110.823,0.954],[110.756,0.899],[110.575,0.854],[110.49,0.877],[110.433,0.925],[110.396,0.998],[110.308,1.004],[110.193,1.183],[110.099,1.198],[110.066,1.264],[109.979,1.298],[109.963,1.404],[109.847,1.426],[109.781,1.509],[109.662,1.617],[109.661,1.693],[109.685,1.782],[109.586,1.792],[109.538,1.925],[109.56,1.971],[109.476,1.982],[109.429,1.95],[109.337,1.943],[109.337,1.833],[109.288,1.777],[109.255,1.664],[109.12,1.58],[109.055,1.518],[109.037,1.462],[109.041,1.345],[108.99,1.276],[108.949,1.165],[108.903,1.168],[108.973,1.028],[108.975,0.957],[108.936,0.884],[108.841,0.815],[108.882,0.765],[108.873,0.708],[108.923,0.645],[108.93,0.585],[108.907,0.505],[108.939,0.45],[108.944,0.381],[108.918,0.329],[109.015,0.298],[109.087,0.251],[109.129,0.189],[109.17,0.034],[109.159,-0.039],[109.188,-0.091],[109.182,-0.197],[109.089,-0.274],[109.121,-0.527],[109.148,-0.568],[109.202,-0.551],[109.25,-0.605],[109.374,-0.585],[109.415,-0.631],[109.475,-0.616],[109.596,-0.694],[109.667,-0.683],[109.697,-0.716],[109.635,-0.796],[109.713,-0.829],[109.75,-0.875],[109.733,-0.988],[109.819,-1.092],[109.94,-1.124],[109.908,-1.21],[109.962,-1.277],[110.022,-1.292],[110.069,-1.363],[110.064,-1.46],[110.035,-1.525],[110.027,-1.683],[109.901,-1.828],[109.924,-1.858],[110.067,-1.931],[110.1,-1.98],[110.12,-2.078],[110.082,-2.24],[110.139,-2.305],[110.153,-2.408],[110.197,-2.521],[110.184,-2.59],[110.256,-2.759],[110.257,-2.837],[110.224,-2.887],[110.26,-2.961],[110.307,-2.991],[110.419,-2.897],[110.57,-2.84],[110.623,-2.889],[110.657,-3.04],[110.726,-3.002],[110.755,-2.942],[110.794,-2.909],[110.967,-2.858],[111.012,-2.795],[111.136,-2.748],[111.171,-2.698],[111.119,-2.653],[111.136,-2.611],[111.103,-2.424],[111.07,-2.3],[111.032,-2.241],[111.079,-2.161],[111.057,-2.072],[111.083,-2.045],[110.975,-1.878],[111.014,-1.778],[111.006,-1.727],[110.974,-1.669],[110.943,-1.71],[110.855,-1.674],[110.89,-1.612],[111.06,-1.536],[111.119,-1.553],[111.129,-1.473],[111.163,-1.433],[111.26,-1.416],[111.393,-1.328],[111.384,-1.28],[111.471,-1.213],[111.558,-1.201],[111.568,-1.11],[111.624,-1.065],[111.64,-0.972],[111.75,-0.913],[111.825,-0.911],[111.918,-0.841],[111.922,-0.794],[111.994,-0.8],[112.091,-0.699],[112.175,-0.726],[112.178,-0.643],[112.235,-0.617],[112.315,-0.723],[112.388,-0.714],[112.431,-0.671],[112.498,-0.698],[112.564,-0.697],[112.687,-0.657],[112.745,-0.572],[112.787,-0.585],[113.024,-0.475],[113.059,-0.509],[113.15,-0.449],[113.211,-0.506],[113.266,-0.424],[113.208,-0.339],[113.288,-0.245],[113.353,-0.224],[113.414,-0.159],[113.417,-0.049],[113.44,0.014],[113.41,0.05],[113.421,0.122],[113.325,0.18],[113.271,0.241],[113.349,0.278],[113.42,0.263],[113.453,0.272],[113.514,0.321],[113.586,0.405],[113.657,0.439],[113.669,0.49],[113.759,0.565],[113.802,0.606],[113.836,0.682],[113.875,0.713],[113.896,0.755],[113.926,0.84],[113.871,0.889],[113.915,0.977],[113.893,1.019],[113.948,1.061],[113.987,1.126],[114.087,1.105],[114.18,1.152],[114.211,1.306],[114.189,1.362],[114.169,1.37]]],[[[109.488,-0.973],[109.458,-1.004],[109.449,-1.107],[109.406,-1.245],[109.427,-1.292],[109.493,-1.309],[109.78,-1.144],[109.756,-1.022],[109.687,-1.018],[109.596,-0.981],[109.552,-1.003],[109.488,-0.973]]],[[[109.252,-0.662],[109.24,-0.817],[109.33,-0.919],[109.406,-0.933],[109.456,-0.866],[109.584,-0.898],[109.613,-0.972],[109.682,-1.014],[109.721,-0.974],[109.71,-0.832],[109.676,-0.832],[109.553,-0.744],[109.467,-0.755],[109.394,-0.707],[109.306,-0.702],[109.252,-0.662]]]]},"properties":{"kode_prov":"61"}},
{"type":"Feature","geometry":{"type":"Polygon","coordinates":[[[110.755,-2.942],[110.915,-3.044],[110.976,-3.066],[111.111,-3.029],[111.338,-2.91],[111.412,-2.904],[111.56,-3.007],[111.69,-2.942],[111.669,-2.894],[111.718,-2.847],[111.813,-3],[111.825,-3.053],[111.798,-3.197],[111.817,-3.399],[111.775,-3.507],[111.853,-3.541],[111.907,-3.538],[111.992,-3.466],[112.195,-3.335],[112.309,-3.311],[112.381,-3.332],[112.539,-3.443],[112.637,-3.406],[112.685,-3.362],[112.919,-3.241],[113.014,-3.155],[112.942,-3.111],[113.014,-3.029],[113.088,-3.034],[113.162,-3.066],[113.344,-3.281],[113.429,-3.235],[113.45,-3.19],[113.538,-3.163],[113.596,-3.167],[113.626,-3.242],[113.632,-3.321],[113.581,-3.442],[113.628,-3.465],[113.721,-3.468],[113.821,-3.45],[113.962,-3.365],[114.076,-3.346],[114.183,-3.393],[114.255,-3.403],[114.303,-3.445],[114.354,-3.442],[114.349,-3.348],[114.375,-3.287],[114.436,-3.242],[114.423,-3.18],[114.546,-3.068],[114.507,-2.999],[114.55,-2.943],[114.597,-2.816],[114.665,-2.8],[114.68,-2.739],[114.763,-2.72],[114.791,-2.672],[114.799,-2.589],[114.915,-2.459],[115.249,-2.245],[115.33,-2.163],[115.322,-2.072],[115.408,-2.058],[115.404,-1.989],[115.431,-1.924],[115.352,-1.849],[115.396,-1.747],[115.382,-1.719],[115.447,-1.565],[115.524,-1.43],[115.598,-1.38],[115.641,-1.351],[115.709,-1.339],[115.755,-1.28],[115.772,-1.229],[115.847,-1.161],[115.8,-1.115],[115.743,-1.096],[115.664,-1.036],[115.66,-1],[115.566,-0.933],[115.482,-0.843],[115.381,-0.804],[115.354,-0.583],[115.299,-0.497],[115.246,-0.452],[115.253,-0.412],[115.222,-0.307],[115.238,-0.236],[115.315,-0.101],[115.262,-0.047],[115.156,-0.101],[115.146,-0.138],[115.043,-0.191],[114.927,-0.191],[114.925,-0.1],[114.861,0.054],[114.793,0.119],[114.901,0.316],[114.944,0.334],[115.055,0.318],[115.129,0.375],[115.133,0.432],[115.094,0.47],[115.011,0.607],[114.991,0.714],[114.969,0.752],[114.939,0.773],[114.916,0.778],[114.862,0.737],[114.818,0.753],[114.717,0.701],[114.665,0.703],[114.618,0.641],[114.54,0.62],[114.435,0.543],[114.436,0.509],[114.364,0.53],[114.245,0.521],[114.203,0.54],[114.177,0.64],[114.091,0.698],[114.004,0.656],[113.88,0.66],[113.843,0.666],[113.802,0.606],[113.759,0.565],[113.669,0.49],[113.657,0.439],[113.586,0.405],[113.514,0.321],[113.458,0.276],[113.423,0.263],[113.349,0.278],[113.271,0.241],[113.325,0.18],[113.421,0.122],[113.41,0.05],[113.44,0.014],[113.417,-0.049],[113.414,-0.159],[113.353,-0.224],[113.288,-0.245],[113.208,-0.339],[113.266,-0.424],[113.211,-0.506],[113.15,-0.449],[113.059,-0.509],[113.024,-0.475],[112.787,-0.585],[112.745,-0.572],[112.687,-0.657],[112.564,-0.697],[112.498,-0.698],[112.431,-0.671],[112.388,-0.714],[112.315,-0.723],[112.235,-0.617],[112.178,-0.643],[112.175,-0.726],[112.091,-0.699],[111.994,-0.8],[111.922,-0.794],[111.918,-0.841],[111.825,-0.911],[111.75,-0.913],[111.64,-0.972],[111.624,-1.065],[111.568,-1.11],[111.558,-1.201],[111.471,-1.213],[111.384,-1.28],[111.393,-1.328],[111.26,-1.416],[111.163,-1.433],[111.129,-1.473],[111.119,-1.553],[111.06,-1.536],[110.89,-1.612],[110.855,-1.674],[110.943,-1.71],[110.974,-1.669],[111.006,-1.727],[111.014,-1.778],[110.975,-1.878],[111.083,-2.045],[111.057,-2.072],[111.079,-2.161],[111.032,-2.241],[111.07,-2.3],[111.103,-2.424],[111.136,-2.611],[111.119,-2.653],[111.171,-2.698],[111.136,-2.748],[111.012,-2.795],[110.967,-2.858],[110.794,-2.909],[110.755,-2.942]]]},"properties":{"kode_prov":"62"}},
{"type":"Feature","geometry":{"type":"MultiPolygon","coordinates":[[[[114.354,-3.442],[114.429,-3.5],[114.48,-3.502],[114.559,-3.555],[114.606,-3.626],[114.623,-3.711],[114.603,-3.808],[114.638,-4.049],[114.639,-4.174],[114.72,-4.165],[115.066,-3.987],[115.378,-3.861],[115.478,-3.81],[115.716,-3.731],[115.833,-3.631],[115.968,-3.609],[116.014,-3.483],[116.031,-3.366],[116.086,-3.282],[116.177,-3.251],[116.168,-3.166],[116.268,-3.11],[116.17,-3.059],[116.105,-2.917],[116.132,-2.886],[116.205,-2.936],[116.22,-3.007],[116.271,-3.003],[116.36,-2.86],[116.366,-2.673],[116.398,-2.529],[116.527,-2.497],[116.559,-2.405],[116.455,-2.371],[116.255,-2.335],[116.227,-2.309],[115.97,-2.322],[115.845,-2.353],[115.801,-2.211],[115.804,-2.038],[115.696,-1.976],[115.733,-1.86],[115.727,-1.804],[115.665,-1.71],[115.669,-1.631],[115.623,-1.516],[115.627,-1.503],[115.679,-1.456],[115.724,-1.373],[115.709,-1.339],[115.641,-1.351],[115.598,-1.38],[115.524,-1.43],[115.447,-1.565],[115.382,-1.719],[115.396,-1.747],[115.352,-1.849],[115.431,-1.924],[115.404,-1.989],[115.408,-2.058],[115.322,-2.072],[115.33,-2.163],[115.249,-2.245],[114.915,-2.459],[114.799,-2.589],[114.791,-2.672],[114.763,-2.72],[114.68,-2.739],[114.665,-2.8],[114.597,-2.816],[114.55,-2.943],[114.507,-2.999],[114.546,-3.068],[114.423,-3.18],[114.436,-3.242],[114.375,-3.287],[114.349,-3.348],[114.354,-3.442]]],[[[116.055,-4.002],[116.097,-4.055],[116.143,-4.035],[116.203,-3.96],[116.276,-3.906],[116.315,-3.773],[116.299,-3.709],[116.306,-3.59],[116.274,-3.528],[116.314,-3.503],[116.306,-3.446],[116.249,-3.375],[116.274,-3.283],[116.236,-3.224],[116.119,-3.302],[116.039,-3.481],[116.047,-3.544],[116.01,-3.612],[116.006,-3.682],[116.081,-3.825],[116.055,-4.002]]],[[[116.412,-3.362],[116.345,-3.452],[116.313,-3.555],[116.399,-3.627],[116.435,-3.422],[116.412,-3.362]]]]},"properties":{"kode_prov":"63"}},
{"type":"Feature","geometry":{"type":"MultiPolygon","coordinates":[[[[116.559,-2.405],[116.597,-2.203],[116.537,-2.201],[116.502,-2.109],[116.389,-2.129],[116.394,-2.083],[116.46,-2.057],[116.45,-1.77],[116.373,-1.763],[116.264,-1.81],[116.28,-1.736],[116.56,-1.593],[116.531,-1.509],[116.545,-1.458],[116.61,-1.416],[116.762,-1.362],[116.761,-1.284],[116.884,-1.277],[117.001,-1.2],[117.169,-0.955],[117.249,-0.907],[117.254,-0.811],[117.282,-0.791],[117.304,-0.683],[117.295,-0.607],[117.431,-0.513],[117.424,-0.432],[117.453,-0.304],[117.417,-0.223],[117.443,-0.202],[117.476,-0.077],[117.518,-0.031],[117.522,0.126],[117.484,0.18],[117.577,0.412],[117.613,0.436],[117.674,0.616],[117.712,0.697],[117.77,0.771],[117.914,0.837],[117.972,0.773],[118.029,0.78],[118.022,0.859],[117.972,0.98],[117.902,1.08],[117.984,1.059],[118.009,0.96],[118.064,0.903],[118.32,0.85],[118.369,0.803],[118.443,0.844],[118.589,0.81],[118.672,0.857],[118.76,0.806],[118.829,0.827],[118.855,0.876],[118.964,0.943],[118.989,1.026],[118.945,1.059],[118.833,1.062],[118.777,1.134],[118.766,1.199],[118.582,1.353],[118.42,1.403],[118.411,1.483],[118.247,1.559],[118.135,1.634],[118.054,1.73],[118.048,1.783],[117.918,1.813],[117.89,1.873],[117.844,1.891],[117.816,1.949],[117.824,2.01],[117.716,2.026],[117.723,2.138],[117.683,2.178],[117.816,2.201],[117.933,2.18],[118.019,2.197],[118.098,2.282],[118.067,2.357],[117.958,2.428],[117.857,2.392],[117.809,2.327],[117.721,2.347],[117.705,2.399],[117.612,2.522],[117.571,2.502],[117.499,2.523],[117.428,2.591],[117.362,2.605],[117.315,2.626],[117.218,2.596],[117.074,2.608],[116.917,2.534],[116.836,2.515],[116.727,2.444],[116.575,2.429],[116.492,2.494],[116.424,2.498],[116.44,2.459],[116.323,2.25],[116.322,2.13],[116.221,2.092],[116.231,2.014],[116.195,1.985],[116.184,1.837],[116.13,1.663],[116.074,1.652],[116.041,1.56],[115.973,1.531],[115.954,1.491],[115.853,1.436],[115.855,1.402],[115.769,1.355],[115.769,1.264],[115.634,1.285],[115.495,1.255],[115.436,1.229],[115.418,1.144],[115.365,1.066],[115.266,1.044],[115.186,1.068],[115.174,1.116],[115.123,1.129],[115.016,1.121],[114.976,1.194],[114.885,1.212],[114.846,1.169],[114.717,1.273],[114.726,1.311],[114.654,1.38],[114.646,1.409],[114.635,1.41],[114.604,1.444],[114.59,1.463],[114.558,1.436],[114.405,1.523],[114.299,1.457],[114.238,1.448],[114.169,1.37],[114.189,1.362],[114.211,1.306],[114.18,1.152],[114.087,1.105],[113.987,1.126],[113.948,1.061],[113.893,1.019],[113.915,0.977],[113.871,0.889],[113.926,0.84],[113.896,0.755],[113.875,0.713],[113.836,0.682],[113.88,0.66],[114.004,0.656],[114.091,0.698],[114.177,0.64],[114.203,0.54],[114.245,0.521],[114.364,0.53],[114.436,0.509],[114.435,0.543],[114.54,0.62],[114.618,0.641],[114.665,0.703],[114.717,0.701],[114.818,0.753],[114.862,0.737],[114.916,0.778],[114.958,0.762],[114.982,0.735],[115.011,0.607],[115.094,0.47],[115.133,0.432],[115.129,0.375],[115.055,0.318],[114.944,0.334],[114.901,0.316],[114.793,0.119],[114.861,0.054],[114.925,-0.1],[114.927,-0.191],[115.043,-0.191],[115.146,-0.138],[115.156,-0.101],[115.262,-0.047],[115.315,-0.101],[115.238,-0.236],[115.222,-0.307],[115.253,-0.412],[115.246,-0.452],[115.299,-0.497],[115.354,-0.583],[115.381,-0.804],[115.482,-0.843],[115.566,-0.933],[115.66,-1],[115.664,-1.036],[115.743,-1.096],[115.8,-1.115],[115.847,-1.157],[115.772,-1.229],[115.755,-1.28],[115.724,-1.373],[115.679,-1.456],[115.627,-1.503],[115.623,-1.516],[115.669,-1.631],[115.665,-1.71],[115.727,-1.804],[115.733,-1.86],[115.696,-1.976],[115.804,-2.038],[115.801,-2.211],[115.845,-2.353],[115.97,-2.322],[116.227,-2.309],[116.255,-2.335],[116.455,-2.371],[116.559,-2.405]]],[[[117.317,-0.692],[117.292,-0.782],[117.328,-0.904],[117.393,-0.877],[117.329,-0.767],[117.317,-0.692]]],[[[117.446,-0.706],[117.445,-0.74],[117.522,-0.776],[117.597,-0.785],[117.591,-0.736],[117.515,-0.736],[117.446,-0.706]]],[[[117.54,-0.509],[117.505,-0.526],[117.514,-0.602],[117.578,-0.578],[117.54,-0.509]]],[[[117.889,2.154],[117.801,2.183],[117.813,2.121],[117.889,2.154]]]]},"properties":{"kode_prov":"64"}},
{"type":"Feature","geometry":{"type":"MultiPolygon","coordinates":[[[[114.654,1.38],[114.726,1.311],[114.717,1.273],[114.846,1.169],[114.885,1.212],[114.976,1.194],[115.016,1.121],[115.123,1.129],[115.174,1.116],[115.186,1.068],[115.266,1.044],[115.365,1.066],[115.418,1.144],[115.436,1.229],[115.495,1.255],[115.634,1.285],[115.769,1.264],[115.769,1.355],[115.855,1.402],[115.853,1.436],[115.954,1.491],[115.973,1.531],[116.041,1.56],[116.074,1.652],[116.13,1.663],[116.184,1.837],[116.195,1.985],[116.231,2.014],[116.221,2.092],[116.322,2.13],[116.323,2.25],[116.44,2.459],[116.424,2.498],[116.492,2.494],[116.575,2.429],[116.727,2.444],[116.836,2.515],[116.917,2.534],[117.074,2.608],[117.218,2.596],[117.315,2.626],[117.362,2.605],[117.428,2.591],[117.499,2.523],[117.571,2.502],[117.612,2.522],[117.705,2.399],[117.721,2.347],[117.809,2.327],[117.857,2.392],[117.958,2.428],[117.888,2.538],[117.8,2.626],[117.785,2.748],[117.698,2.784],[117.615,2.795],[117.595,2.858],[117.455,2.934],[117.431,2.965],[117.356,2.955],[117.389,3.031],[117.345,3.071],[117.46,3.142],[117.425,3.173],[117.318,3.167],[117.31,3.206],[117.379,3.229],[117.36,3.274],[117.415,3.337],[117.413,3.391],[117.357,3.448],[117.307,3.449],[117.218,3.493],[117.193,3.536],[117.221,3.609],[117.379,3.64],[117.428,3.625],[117.427,3.69],[117.401,3.695],[117.391,3.708],[117.292,3.716],[117.313,3.724],[117.339,3.714],[117.392,3.713],[117.405,3.699],[117.436,3.69],[117.443,3.701],[117.488,3.723],[117.481,3.726],[117.484,3.745],[117.476,3.755],[117.495,3.775],[117.556,3.785],[117.651,3.772],[117.718,3.84],[117.667,3.879],[117.599,3.876],[117.544,3.921],[117.496,3.913],[117.438,4.013],[117.474,4.071],[117.418,4.094],[117.416,4.14],[117.521,4.102],[117.53,4.161],[117.458,4.178],[117.373,4.286],[117.298,4.31],[117.249,4.374],[117.201,4.335],[117.044,4.347],[116.97,4.337],[116.912,4.369],[116.836,4.326],[116.753,4.391],[116.706,4.332],[116.615,4.377],[116.538,4.376],[116.443,4.288],[116.405,4.359],[116.355,4.389],[116.308,4.369],[116.205,4.373],[116.112,4.332],[116.074,4.277],[116.033,4.329],[115.93,4.353],[115.878,4.391],[115.876,4.291],[115.768,4.245],[115.684,4.16],[115.65,3.987],[115.619,3.937],[115.614,3.824],[115.578,3.747],[115.581,3.596],[115.61,3.511],[115.658,3.439],[115.58,3.419],[115.545,3.363],[115.517,3.222],[115.563,3.17],[115.515,3.109],[115.517,3.057],[115.395,2.98],[115.327,2.978],[115.286,3.047],[115.247,2.981],[115.149,2.908],[115.092,2.823],[115.156,2.79],[115.096,2.698],[115.179,2.61],[115.251,2.509],[115.206,2.471],[115.145,2.476],[115.101,2.405],[115.054,2.405],[114.999,2.349],[114.962,2.365],[114.918,2.255],[114.8,2.249],[114.742,2.191],[114.742,2.132],[114.822,2.13],[114.795,2.058],[114.875,2.013],[114.853,1.943],[114.794,1.849],[114.747,1.869],[114.694,1.808],[114.709,1.638],[114.61,1.575],[114.59,1.463],[114.604,1.444],[114.635,1.41],[114.646,1.409],[114.654,1.38]]],[[[117.249,3.588],[117.201,3.54],[117.231,3.497],[117.325,3.491],[117.449,3.455],[117.485,3.492],[117.371,3.563],[117.302,3.56],[117.249,3.588]]],[[[117.545,3.068],[117.446,3.054],[117.46,3.005],[117.545,3.068]]],[[[117.443,3.341],[117.386,3.281],[117.517,3.276],[117.507,3.32],[117.443,3.341]]],[[[117.599,3.443],[117.549,3.442],[117.515,3.381],[117.542,3.326],[117.656,3.254],[117.666,3.415],[117.599,3.443]]],[[[117.416,3.557],[117.547,3.471],[117.609,3.501],[117.501,3.545],[117.416,3.557]]],[[[117.522,4.024],[117.443,4.006],[117.497,3.916],[117.597,3.933],[117.522,4.024]]],[[[117.546,2.908],[117.633,2.851],[117.653,2.893],[117.546,2.908]]],[[[117.671,2.977],[117.589,2.974],[117.571,2.922],[117.693,2.946],[117.671,2.977]]],[[[117.819,3.577],[117.76,3.567],[117.763,3.511],[117.873,3.476],[117.819,3.577]]],[[[117.602,3.772],[117.559,3.783],[117.478,3.756],[117.486,3.745],[117.483,3.728],[117.491,3.725],[117.486,3.717],[117.521,3.674],[117.585,3.63],[117.717,3.628],[117.708,3.667],[117.729,3.688],[117.729,3.728],[117.727,3.732],[117.729,3.741],[117.712,3.742],[117.664,3.771],[117.602,3.772]]],[[[117.68,3.776],[117.664,3.772],[117.712,3.743],[117.733,3.743],[117.728,3.732],[117.739,3.718],[117.752,3.732],[117.754,3.723],[117.743,3.715],[117.753,3.697],[117.777,3.686],[117.81,3.726],[117.68,3.776]]],[[[117.662,4.147],[117.589,4.079],[117.603,4.011],[117.672,3.966],[117.726,3.986],[117.754,4.061],[117.662,4.147]]],[[[117.683,4.167],[117.862,4.029],[117.926,4.064],[117.902,4.167],[117.683,4.167]]]]},"properties":{"kode_prov":"65"}},
{"type":"Feature","geometry":{"type":"MultiPolygon","coordinates":[[[[123.48,0.354],[123.491,0.307],[123.574,0.322],[123.677,0.296],[123.993,0.375],[124.288,0.406],[124.413,0.455],[124.453,0.444],[124.501,0.489],[124.498,0.542],[124.544,0.625],[124.613,0.7],[124.625,0.765],[124.716,0.896],[124.771,0.899],[124.791,0.946],[124.885,0.971],[124.893,1.004],[125.024,1.143],[125.078,1.366],[125.127,1.429],[125.196,1.438],[125.245,1.515],[125.169,1.566],[125.111,1.662],[125.012,1.694],[124.924,1.673],[124.862,1.603],[124.806,1.576],[124.845,1.519],[124.827,1.463],[124.754,1.456],[124.674,1.394],[124.624,1.419],[124.551,1.376],[124.512,1.317],[124.61,1.232],[124.576,1.186],[124.428,1.188],[124.352,1.164],[124.298,1.007],[124.203,0.99],[124.137,0.928],[124.072,0.921],[123.88,0.839],[123.753,0.831],[123.713,0.874],[123.598,0.904],[123.553,0.887],[123.417,0.891],[123.373,0.913],[123.282,0.912],[123.215,0.947],[123.178,0.902],[123.121,0.89],[123.206,0.857],[123.271,0.803],[123.247,0.717],[123.322,0.699],[123.359,0.651],[123.43,0.641],[123.488,0.601],[123.533,0.578],[123.545,0.497],[123.55,0.433],[123.48,0.354]],[[124.916,1.284],[124.904,1.184],[124.858,1.202],[124.916,1.284]]],[[[125.411,2.811],[125.36,2.738],[125.406,2.725],[125.455,2.762],[125.411,2.811]]],[[[125.491,3.473],[125.605,3.368],[125.676,3.427],[125.671,3.494],[125.59,3.553],[125.595,3.611],[125.508,3.723],[125.447,3.737],[125.398,3.673],[125.48,3.605],[125.491,3.473]]],[[[126.762,3.855],[126.771,3.761],[126.851,3.758],[126.803,3.834],[126.762,3.855]]],[[[126.737,4.543],[126.734,4.462],[126.703,4.429],[126.68,4.334],[126.709,4.273],[126.793,4.236],[126.733,4.109],[126.686,4.075],[126.67,4.005],[126.762,3.995],[126.809,4.032],[126.797,4.148],[126.913,4.269],[126.85,4.375],[126.856,4.489],[126.808,4.534],[126.737,4.543]]]]},"properties":{"kode_prov":"71"}},
{"type":"Feature","geometry":{"type":"MultiPolygon","coordinates":[[[[122.296,-3.255],[122.433,-3.257],[122.427,-3.127],[122.371,-3.142],[122.336,-3.086],[122.259,-3.037],[122.319,-2.928],[122.193,-2.845],[122.14,-2.789],[122.086,-2.789],[122.012,-2.72],[122.001,-2.628],[121.968,-2.528],[121.906,-2.43],[121.724,-2.198],[121.552,-2.167],[121.532,-2.074],[121.377,-1.916],[121.328,-1.919],[121.294,-1.857],[121.299,-1.798],[121.461,-1.817],[121.498,-1.897],[121.564,-1.957],[121.677,-1.947],[121.744,-1.888],[121.824,-1.727],[121.878,-1.688],[121.959,-1.679],[122.033,-1.611],[122.213,-1.606],[122.304,-1.533],[122.392,-1.493],[122.418,-1.441],[122.56,-1.312],[122.56,-1.268],[122.633,-1.235],[122.635,-1.165],[122.715,-1.134],[122.728,-1.086],[122.798,-1.003],[122.809,-0.937],[122.89,-0.93],[123.06,-0.871],[123.1,-0.835],[123.151,-0.885],[123.148,-0.937],[123.265,-1.042],[123.322,-1.05],[123.374,-1.009],[123.392,-0.89],[123.447,-0.771],[123.387,-0.681],[123.394,-0.642],[123.261,-0.579],[123.17,-0.583],[123.06,-0.564],[122.957,-0.644],[122.928,-0.618],[122.807,-0.634],[122.782,-0.705],[122.869,-0.711],[122.871,-0.776],[122.791,-0.776],[122.686,-0.81],[122.615,-0.761],[122.58,-0.784],[122.459,-0.759],[122.414,-0.783],[122.2,-0.788],[122.147,-0.86],[122.107,-0.949],[122.005,-0.933],[121.942,-0.989],[121.761,-0.971],[121.656,-0.912],[121.664,-0.818],[121.589,-0.866],[121.48,-0.9],[121.449,-0.973],[121.396,-1.005],[121.295,-1.116],[121.28,-1.159],[121.204,-1.237],[121.182,-1.325],[121.121,-1.421],[121.059,-1.443],[120.982,-1.399],[120.859,-1.412],[120.802,-1.351],[120.693,-1.419],[120.643,-1.363],[120.638,-1.308],[120.571,-1.256],[120.593,-1.168],[120.581,-1.109],[120.508,-0.997],[120.461,-0.994],[120.412,-0.924],[120.309,-0.965],[120.222,-0.846],[120.11,-0.737],[120.059,-0.63],[120.049,-0.492],[120.07,-0.461],[120.009,-0.286],[120.009,-0.178],[120.04,-0.141],[120.038,-0.06],[120.095,-0.031],[120.106,0.095],[120.159,0.229],[120.202,0.264],[120.303,0.418],[120.352,0.452],[120.529,0.517],[120.688,0.513],[120.769,0.456],[120.854,0.443],[120.897,0.396],[121.028,0.44],[121.075,0.4],[121.162,0.416],[121.29,0.495],[121.352,0.492],[121.346,0.566],[121.239,0.602],[121.161,0.679],[121.214,0.773],[121.216,0.792],[121.238,0.801],[121.289,0.798],[121.318,0.785],[121.35,0.821],[121.401,0.843],[121.467,0.847],[121.532,0.853],[121.812,0.95],[121.851,0.993],[121.922,0.928],[121.976,0.904],[122.042,0.989],[122.093,1],[122.109,1.069],[121.982,1.023],[121.927,1.103],[121.767,1.071],[121.711,1.082],[121.602,1.055],[121.484,1.108],[121.422,1.186],[121.429,1.23],[121.308,1.256],[121.255,1.231],[121.1,1.316],[121.063,1.303],[120.942,1.35],[120.911,1.308],[120.839,1.313],[120.808,1.267],[120.822,1.172],[120.777,1.111],[120.785,1.03],[120.731,0.969],[120.635,0.94],[120.597,0.809],[120.474,0.778],[120.397,0.792],[120.327,0.855],[120.346,0.968],[120.282,0.986],[120.247,0.958],[120.233,0.794],[120.178,0.757],[120.066,0.736],[120.017,0.672],[120.047,0.514],[120.001,0.484],[119.901,0.479],[119.888,0.393],[119.848,0.352],[119.891,0.296],[119.903,0.223],[119.775,0.194],[119.863,0.115],[119.883,-0.022],[119.837,-0.104],[119.778,-0.114],[119.733,-0.021],[119.606,-0.005],[119.654,-0.094],[119.703,-0.137],[119.794,-0.122],[119.818,-0.196],[119.779,-0.277],[119.754,-0.437],[119.759,-0.49],[119.822,-0.688],[119.863,-0.714],[119.884,-0.821],[119.839,-0.879],[119.761,-0.682],[119.67,-0.703],[119.685,-0.741],[119.623,-0.801],[119.573,-0.88],[119.553,-0.938],[119.593,-1.124],[119.524,-1.294],[119.464,-1.319],[119.448,-1.341],[119.478,-1.398],[119.511,-1.438],[119.533,-1.428],[119.591,-1.396],[119.622,-1.397],[119.631,-1.401],[119.672,-1.431],[119.666,-1.434],[119.669,-1.514],[119.733,-1.605],[119.776,-1.709],[119.827,-1.767],[119.871,-1.779],[119.857,-1.876],[119.871,-1.938],[119.864,-1.961],[119.884,-2.046],[119.964,-2],[120.009,-1.964],[120.051,-1.985],[120.113,-1.992],[120.179,-2.034],[120.271,-2.028],[120.34,-2.061],[120.389,-1.898],[120.471,-1.963],[120.503,-2.03],[120.622,-2.162],[120.757,-2.239],[120.805,-2.225],[120.88,-2.22],[120.991,-2.244],[121.034,-2.276],[121.053,-2.267],[121.097,-2.275],[121.181,-2.375],[121.231,-2.361],[121.408,-2.41],[121.442,-2.405],[121.56,-2.491],[121.626,-2.49],[121.698,-2.533],[121.778,-2.645],[121.758,-2.705],[121.722,-2.768],[121.67,-2.843],[121.691,-2.882],[121.714,-2.92],[121.73,-2.916],[121.771,-2.943],[121.921,-2.99],[122.006,-2.958],[122.085,-2.967],[122.1,-3.009],[122.179,-3.033],[122.172,-3.084],[122.222,-3.135],[122.285,-3.141],[122.311,-3.194],[122.296,-3.255]]],[[[121.843,-0.412],[121.755,-0.43],[121.698,-0.473],[121.66,-0.554],[121.7,-0.563],[121.735,-0.496],[121.831,-0.532],[121.919,-0.511],[121.914,-0.444],[121.843,-0.412]]],[[[121.629,-0.122],[121.564,-0.161],[121.593,-0.211],[121.652,-0.192],[121.629,-0.122]]],[[[121.953,-0.325],[121.862,-0.369],[121.918,-0.439],[121.972,-0.416],[122.042,-0.426],[122.062,-0.37],[121.979,-0.356],[121.953,-0.325]]],[[[122.091,-0.271],[122.064,-0.409],[122.13,-0.424],[122.154,-0.393],[122.091,-0.271]]],[[[122.24,-0.206],[122.347,-0.321],[122.38,-0.274],[122.24,-0.206]]],[[[122.209,-0.21],[122.146,-0.249],[122.234,-0.298],[122.209,-0.21]]],[[[123.164,-3.57],[123.073,-3.577],[123.074,-3.625],[123.182,-3.614],[123.164,-3.57]]],[[[123.109,-1.775],[123.059,-1.83],[123.059,-1.883],[123.133,-1.87],[123.145,-1.799],[123.109,-1.775]]],[[[123.164,-1.152],[122.978,-1.203],[122.905,-1.183],[122.831,-1.278],[122.796,-1.371],[122.786,-1.464],[122.821,-1.482],[122.869,-1.596],[122.911,-1.597],[122.946,-1.545],[123.017,-1.493],[123.037,-1.421],[123.142,-1.297],[123.173,-1.428],[123.17,-1.536],[123.115,-1.612],[123.232,-1.602],[123.259,-1.483],[123.295,-1.411],[123.371,-1.498],[123.458,-1.519],[123.513,-1.455],[123.557,-1.33],[123.556,-1.278],[123.446,-1.267],[123.375,-1.222],[123.279,-1.329],[123.27,-1.382],[123.191,-1.32],[123.235,-1.237],[123.194,-1.154],[123.164,-1.152]]],[[[123.533,-1.48],[123.479,-1.547],[123.473,-1.654],[123.489,-1.714],[123.576,-1.727],[123.613,-1.699],[123.623,-1.624],[123.533,-1.48]]],[[[123.784,-1.879],[123.785,-1.983],[123.825,-2.027],[123.864,-1.979],[123.784,-1.879]]]]},"properties":{"kode_prov":"72"}},
{"type":"Feature","geometry":{"type":"MultiPolygon","coordinates":[[[[119.492,-3.475],[119.493,-3.484],[119.474,-3.503],[119.51,-3.597],[119.458,-3.642],[119.452,-3.714],[119.481,-3.749],[119.537,-3.898],[119.621,-4.002],[119.636,-4.161],[119.595,-4.244],[119.636,-4.319],[119.597,-4.416],[119.581,-4.529],[119.596,-4.561],[119.526,-4.675],[119.491,-4.765],[119.524,-4.924],[119.477,-4.994],[119.477,-5.06],[119.409,-5.113],[119.354,-5.326],[119.362,-5.415],[119.481,-5.56],[119.654,-5.634],[119.647,-5.682],[119.705,-5.703],[119.793,-5.701],[119.844,-5.67],[119.937,-5.544],[120.059,-5.583],[120.129,-5.588],[120.22,-5.54],[120.352,-5.52],[120.38,-5.571],[120.463,-5.607],[120.405,-5.342],[120.343,-5.301],[120.271,-5.143],[120.306,-5.002],[120.306,-4.868],[120.379,-4.807],[120.4,-4.709],[120.445,-4.662],[120.4,-4.606],[120.377,-4.512],[120.397,-4.469],[120.347,-4.405],[120.393,-4.332],[120.365,-4.299],[120.38,-4.169],[120.33,-4.104],[120.361,-4.022],[120.344,-3.892],[120.441,-3.739],[120.412,-3.664],[120.417,-3.573],[120.391,-3.489],[120.404,-3.34],[120.382,-3.202],[120.256,-3.16],[120.259,-3.065],[120.193,-2.962],[120.256,-2.946],[120.347,-2.869],[120.453,-2.823],[120.534,-2.757],[120.573,-2.685],[120.633,-2.682],[120.674,-2.645],[120.809,-2.619],[121.037,-2.694],[121.06,-2.771],[121.019,-2.82],[121.08,-2.779],[121.221,-2.843],[121.281,-2.819],[121.319,-2.808],[121.358,-2.899],[121.347,-2.966],[121.412,-3.002],[121.492,-2.978],[121.547,-2.922],[121.638,-2.894],[121.691,-2.882],[121.67,-2.843],[121.72,-2.814],[121.722,-2.768],[121.758,-2.705],[121.778,-2.645],[121.698,-2.533],[121.626,-2.49],[121.56,-2.491],[121.442,-2.405],[121.408,-2.41],[121.231,-2.361],[121.182,-2.375],[121.101,-2.277],[121.053,-2.267],[121.034,-2.276],[120.993,-2.245],[120.961,-2.234],[120.853,-2.218],[120.805,-2.225],[120.757,-2.239],[120.622,-2.162],[120.503,-2.03],[120.471,-1.963],[120.389,-1.898],[120.34,-2.061],[120.271,-2.028],[120.179,-2.034],[120.113,-1.992],[120.051,-1.985],[119.964,-2],[119.884,-2.046],[119.87,-2.018],[119.851,-2.042],[119.805,-2.112],[119.706,-2.198],[119.633,-2.242],[119.636,-2.28],[119.72,-2.404],[119.694,-2.461],[119.731,-2.5],[119.711,-2.569],[119.797,-2.64],[119.747,-2.714],[119.688,-2.753],[119.578,-2.752],[119.551,-2.898],[119.565,-2.996],[119.636,-3.128],[119.536,-3.139],[119.476,-3.191],[119.43,-3.172],[119.391,-3.232],[119.421,-3.249],[119.431,-3.263],[119.44,-3.303],[119.434,-3.317],[119.445,-3.332],[119.465,-3.377],[119.492,-3.475]]],[[[120.828,-7.261],[120.855,-7.294],[121.004,-7.333],[121.004,-7.282],[120.919,-7.285],[120.828,-7.261]]],[[[120.636,-7.003],[120.605,-7.074],[120.67,-7.151],[120.767,-7.135],[120.783,-7.098],[120.673,-7.043],[120.636,-7.003]]],[[[120.445,-6.266],[120.481,-6.283],[120.46,-6.408],[120.538,-6.328],[120.529,-6.187],[120.568,-6.055],[120.533,-5.912],[120.53,-5.844],[120.462,-5.791],[120.448,-6.037],[120.445,-6.266]]],[[[121.82,-7.331],[121.756,-7.35],[121.744,-7.405],[121.823,-7.397],[121.82,-7.331]]],[[[121.089,-7.304],[121.099,-7.398],[121.165,-7.346],[121.089,-7.304]]]]},"properties":{"kode_prov":"73"}},
{"type":"Feature","geometry":{"type":"MultiPolygon","coordinates":[[[[121.947,-5.492],[122.031,-5.475],[122.043,-5.438],[122.049,-5.244],[122.035,-5.149],[121.992,-5.159],[121.967,-5.062],[121.839,-5.113],[121.832,-5.202],[121.793,-5.274],[121.875,-5.388],[121.939,-5.436],[121.947,-5.492]]],[[[121.019,-2.82],[121.091,-2.923],[121.06,-3.068],[121.056,-3.184],[121.02,-3.245],[120.975,-3.261],[120.938,-3.335],[120.866,-3.429],[120.88,-3.53],[120.906,-3.577],[121.01,-3.679],[121.084,-3.715],[121.17,-3.826],[121.246,-3.829],[121.313,-3.914],[121.343,-3.985],[121.506,-4.018],[121.61,-4.067],[121.617,-4.151],[121.566,-4.262],[121.526,-4.246],[121.516,-4.442],[121.475,-4.551],[121.467,-4.685],[121.55,-4.773],[121.71,-4.855],[121.812,-4.835],[121.88,-4.876],[122.023,-4.893],[122.099,-4.812],[122.046,-4.768],[122.031,-4.667],[122.089,-4.542],[122.163,-4.528],[122.217,-4.482],[122.261,-4.493],[122.39,-4.456],[122.421,-4.429],[122.524,-4.439],[122.594,-4.394],[122.677,-4.483],[122.743,-4.51],[122.761,-4.435],[122.663,-4.356],[122.697,-4.328],[122.77,-4.409],[122.833,-4.449],[122.901,-4.378],[122.881,-4.294],[122.907,-4.231],[122.885,-4.126],[122.847,-4.067],[122.766,-4.056],[122.8,-4.156],[122.677,-4.158],[122.649,-4.057],[122.659,-4.008],[122.59,-3.978],[122.664,-3.925],[122.621,-3.888],[122.525,-3.895],[122.444,-3.75],[122.363,-3.753],[122.196,-3.609],[122.2,-3.565],[122.282,-3.549],[122.302,-3.468],[122.249,-3.416],[122.29,-3.377],[122.296,-3.255],[122.311,-3.194],[122.285,-3.141],[122.222,-3.135],[122.172,-3.084],[122.179,-3.033],[122.1,-3.009],[122.085,-2.967],[122.006,-2.958],[121.921,-2.99],[121.771,-2.943],[121.73,-2.916],[121.714,-2.92],[121.638,-2.894],[121.547,-2.922],[121.492,-2.978],[121.412,-3.002],[121.347,-2.966],[121.358,-2.899],[121.319,-2.808],[121.281,-2.819],[121.221,-2.843],[121.08,-2.779],[121.019,-2.82]]],[[[122.581,-5.574],[122.635,-5.694],[122.714,-5.619],[122.8,-5.698],[122.894,-5.565],[122.849,-5.486],[122.976,-5.394],[123.017,-5.443],[123.131,-5.399],[123.218,-5.302],[123.034,-5.136],[122.955,-5.217],[122.92,-5.182],[122.973,-5.116],[122.952,-5.019],[123.009,-4.904],[122.994,-4.826],[123.04,-4.802],[123.033,-4.746],[123.165,-4.763],[123.212,-4.715],[123.18,-4.646],[123.198,-4.61],[123.139,-4.482],[123.081,-4.46],[123.042,-4.369],[122.907,-4.461],[122.867,-4.526],[122.828,-4.678],[122.857,-4.78],[122.789,-5.084],[122.737,-5.175],[122.799,-5.192],[122.794,-5.242],[122.714,-5.262],[122.653,-5.326],[122.619,-5.406],[122.65,-5.437],[122.594,-5.455],[122.565,-5.482],[122.581,-5.574]]],[[[122.623,-5.211],[122.589,-5.16],[122.637,-5.059],[122.704,-5.006],[122.765,-4.93],[122.726,-4.85],[122.745,-4.793],[122.72,-4.691],[122.682,-4.611],[122.607,-4.644],[122.476,-4.738],[122.374,-4.738],[122.32,-4.829],[122.384,-4.98],[122.382,-5.087],[122.323,-5.11],[122.315,-5.238],[122.268,-5.314],[122.269,-5.384],[122.465,-5.403],[122.546,-5.44],[122.595,-5.365],[122.639,-5.357],[122.646,-5.291],[122.623,-5.211]]],[[[123.969,-5.937],[123.982,-5.963],[124.081,-6.001],[124.042,-5.908],[123.99,-5.877],[123.969,-5.937]]],[[[123.587,-5.248],[123.519,-5.267],[123.539,-5.35],[123.617,-5.384],[123.643,-5.292],[123.587,-5.248]]],[[[123.03,-3.983],[122.97,-4.054],[122.947,-4.122],[123.01,-4.204],[123.117,-4.261],[123.247,-4.125],[123.254,-4.067],[123.192,-4.01],[123.087,-4.022],[123.03,-3.983]]]]},"properties":{"kode_prov":"74"}},
{"type":"Feature","geometry":{"type":"Polygon","coordinates":[[[121.352,0.492],[121.44,0.465],[121.57,0.533],[121.649,0.533],[121.732,0.502],[121.806,0.412],[122.113,0.486],[122.169,0.469],[122.269,0.474],[122.403,0.522],[122.618,0.49],[122.822,0.498],[122.989,0.485],[123.063,0.505],[123.161,0.4],[123.195,0.394],[123.268,0.322],[123.345,0.306],[123.434,0.316],[123.48,0.354],[123.55,0.433],[123.545,0.497],[123.533,0.578],[123.488,0.601],[123.43,0.641],[123.359,0.651],[123.322,0.699],[123.247,0.717],[123.271,0.803],[123.206,0.857],[123.121,0.89],[122.946,0.965],[122.951,0.894],[122.859,0.809],[122.774,0.878],[122.688,0.893],[122.664,0.935],[122.488,0.99],[122.252,1.002],[122.189,1.039],[122.093,1],[122.042,0.989],[121.976,0.904],[121.922,0.928],[121.851,0.993],[121.812,0.95],[121.532,0.853],[121.467,0.847],[121.401,0.843],[121.35,0.821],[121.318,0.785],[121.303,0.796],[121.246,0.801],[121.215,0.791],[121.214,0.773],[121.161,0.679],[121.239,0.602],[121.346,0.566],[121.352,0.492]]]},"properties":{"kode_prov":"75"}},
{"type":"Feature","geometry":{"type":"Polygon","coordinates":[[[119.573,-0.88],[119.481,-0.998],[119.461,-1.074],[119.337,-1.192],[119.303,-1.274],[119.332,-1.35],[119.291,-1.392],[119.288,-1.45],[119.325,-1.567],[119.301,-1.707],[119.312,-1.798],[119.352,-1.818],[119.342,-1.935],[119.213,-1.998],[119.188,-2.152],[119.145,-2.2],[119.123,-2.314],[119.143,-2.393],[119.124,-2.483],[119.041,-2.508],[119.031,-2.581],[118.997,-2.617],[118.869,-2.68],[118.818,-2.62],[118.778,-2.684],[118.758,-2.801],[118.769,-2.867],[118.846,-2.85],[118.887,-2.89],[118.848,-2.99],[118.84,-3.081],[118.782,-3.125],[118.827,-3.165],[118.858,-3.296],[118.845,-3.377],[118.879,-3.476],[118.935,-3.569],[118.995,-3.553],[119.065,-3.502],[119.233,-3.487],[119.299,-3.425],[119.386,-3.45],[119.442,-3.484],[119.452,-3.478],[119.479,-3.501],[119.492,-3.475],[119.465,-3.377],[119.445,-3.332],[119.436,-3.277],[119.421,-3.249],[119.391,-3.232],[119.43,-3.172],[119.476,-3.191],[119.536,-3.139],[119.636,-3.128],[119.565,-2.996],[119.551,-2.898],[119.578,-2.752],[119.688,-2.753],[119.747,-2.714],[119.797,-2.64],[119.711,-2.569],[119.731,-2.5],[119.694,-2.461],[119.72,-2.404],[119.636,-2.28],[119.633,-2.242],[119.706,-2.198],[119.805,-2.112],[119.851,-2.042],[119.87,-2.018],[119.864,-1.961],[119.871,-1.938],[119.857,-1.876],[119.871,-1.779],[119.827,-1.767],[119.776,-1.709],[119.733,-1.605],[119.669,-1.514],[119.666,-1.434],[119.672,-1.431],[119.631,-1.401],[119.622,-1.397],[119.591,-1.396],[119.533,-1.428],[119.511,-1.438],[119.478,-1.398],[119.448,-1.341],[119.464,-1.319],[119.524,-1.294],[119.593,-1.124],[119.553,-0.938],[119.573,-0.88]]]},"properties":{"kode_prov":"76"}},
{"type":"Feature","geometry":{"type":"MultiPolygon","coordinates":[[[[128.222,-8.212],[128.095,-8.22],[128.125,-8.273],[128.234,-8.271],[128.222,-8.212]]],[[[127.693,-8.154],[127.601,-8.216],[127.663,-8.237],[127.752,-8.184],[127.693,-8.154]]],[[[127.798,-8.105],[127.794,-8.185],[127.96,-8.247],[128.045,-8.259],[128.1,-8.139],[127.948,-8.146],[127.798,-8.105]]],[[[127.2,-8.014],[127.136,-8.038],[127.147,-8.102],[127.217,-8.078],[127.2,-8.014]]],[[[126.631,-7.558],[126.47,-7.589],[126.44,-7.631],[126.38,-7.637],[126.323,-7.695],[126.236,-7.688],[126.185,-7.728],[126.033,-7.698],[125.947,-7.662],[125.911,-7.734],[125.862,-7.768],[125.871,-7.815],[125.807,-7.861],[125.827,-7.916],[125.816,-7.995],[126.071,-7.888],[126.177,-7.925],[126.33,-7.914],[126.421,-7.931],[126.463,-7.974],[126.549,-7.823],[126.696,-7.751],[126.843,-7.734],[126.785,-7.662],[126.723,-7.667],[126.637,-7.603],[126.631,-7.558]]],[[[127.391,-7.496],[127.323,-7.629],[127.386,-7.649],[127.409,-7.601],[127.483,-7.573],[127.46,-7.527],[127.391,-7.496]]],[[[128.311,-3.633],[128.354,-3.527],[128.288,-3.49],[128.214,-3.525],[128.14,-3.591],[128.028,-3.592],[127.921,-3.682],[127.943,-3.774],[127.994,-3.783],[128.117,-3.686],[128.13,-3.756],[128.241,-3.744],[128.311,-3.633]]],[[[127.239,-3.634],[127.252,-3.592],[127.259,-3.373],[127.182,-3.356],[127.076,-3.374],[127.031,-3.265],[127.106,-3.225],[126.988,-3.14],[126.933,-3.143],[126.8,-3.062],[126.708,-3.056],[126.464,-3.085],[126.3,-3.093],[126.227,-3.138],[126.203,-3.186],[126.137,-3.163],[126.093,-3.112],[126.017,-3.174],[126.01,-3.367],[126.074,-3.478],[126.125,-3.502],[126.197,-3.624],[126.336,-3.68],[126.515,-3.795],[126.562,-3.793],[126.687,-3.861],[126.741,-3.857],[126.812,-3.804],[126.955,-3.77],[127.05,-3.689],[127.136,-3.661],[127.193,-3.676],[127.239,-3.634]]],[[[127.575,-3.26],[127.487,-3.298],[127.507,-3.331],[127.657,-3.366],[127.575,-3.26]]],[[[127.763,-3.153],[127.721,-3.16],[127.638,-3.226],[127.708,-3.26],[127.791,-3.256],[127.801,-3.22],[127.763,-3.153]]],[[[128.843,-3.239],[128.885,-3.204],[128.967,-3.227],[128.966,-3.363],[129.084,-3.341],[129.188,-3.388],[129.289,-3.414],[129.411,-3.418],[129.537,-3.472],[129.569,-3.43],[129.498,-3.327],[129.523,-3.298],[129.678,-3.324],[129.809,-3.322],[129.928,-3.338],[130.015,-3.483],[130.1,-3.501],[130.132,-3.532],[130.412,-3.63],[130.484,-3.707],[130.567,-3.72],[130.657,-3.802],[130.818,-3.851],[130.832,-3.659],[130.875,-3.625],[130.875,-3.567],[130.807,-3.489],[130.805,-3.407],[130.663,-3.401],[130.63,-3.33],[130.639,-3.286],[130.601,-3.15],[130.495,-3.104],[130.439,-3.031],[130.353,-2.975],[130.277,-2.976],[130.196,-3.01],[130.156,-2.987],[130.035,-3.004],[129.909,-2.942],[129.879,-2.897],[129.814,-2.913],[129.785,-2.865],[129.529,-2.773],[129.377,-2.789],[129.346,-2.859],[129.131,-2.969],[129.064,-2.906],[129.078,-2.855],[129.046,-2.795],[128.957,-2.842],[128.836,-2.867],[128.664,-2.84],[128.564,-2.854],[128.511,-2.834],[128.398,-2.871],[128.164,-2.863],[128.087,-3.021],[128.115,-3.065],[128,-3.071],[127.872,-3.19],[127.889,-3.271],[127.923,-3.303],[127.942,-3.381],[127.984,-3.384],[128.055,-3.342],[128.084,-3.145],[128.16,-3.068],[128.202,-3.126],[128.158,-3.188],[128.203,-3.218],[128.296,-3.234],[128.333,-3.329],[128.461,-3.458],[128.522,-3.458],[128.595,-3.426],[128.677,-3.432],[128.68,-3.36],[128.78,-3.265],[128.843,-3.239]]],[[[127.925,-2.911],[127.869,-3.004],[127.915,-3.039],[128.004,-2.939],[127.925,-2.911]]],[[[128.877,-8.183],[128.869,-8.23],[129.016,-8.261],[129.029,-8.216],[128.965,-8.185],[128.877,-8.183]]],[[[129.684,-7.787],[129.621,-7.802],[129.582,-7.899],[129.672,-8.009],[129.754,-8.055],[129.792,-8.044],[129.864,-7.919],[129.819,-7.817],[129.684,-7.787]]],[[[129.515,-7.843],[129.516,-7.928],[129.57,-7.909],[129.515,-7.843]]],[[[128.617,-7.065],[128.542,-7.106],[128.525,-7.143],[128.624,-7.213],[128.689,-7.165],[128.702,-7.116],[128.617,-7.065]]],[[[128.447,-3.51],[128.41,-3.587],[128.524,-3.617],[128.576,-3.586],[128.551,-3.538],[128.447,-3.51]]],[[[128.566,-3.498],[128.645,-3.63],[128.682,-3.544],[128.566,-3.498]]],[[[131.037,-8.083],[130.973,-8.137],[130.923,-8.135],[130.922,-8.214],[130.873,-8.22],[130.799,-8.283],[130.787,-8.347],[130.898,-8.288],[130.926,-8.23],[130.988,-8.237],[131.142,-8.16],[131.037,-8.083]]],[[[130.857,-7.499],[130.844,-7.562],[130.929,-7.57],[130.955,-7.525],[130.857,-7.499]]],[[[131.164,-7.409],[130.989,-7.43],[131.004,-7.504],[131.106,-7.475],[131.164,-7.409]]],[[[131.657,-7.121],[131.53,-7.147],[131.537,-7.227],[131.474,-7.241],[131.432,-7.316],[131.355,-7.396],[131.261,-7.453],[131.184,-7.589],[131.17,-7.723],[131.111,-7.783],[131.082,-7.848],[131.119,-7.903],[131.107,-7.998],[131.229,-8.009],[131.292,-8.031],[131.341,-7.992],[131.327,-7.935],[131.364,-7.87],[131.479,-7.783],[131.485,-7.73],[131.554,-7.724],[131.62,-7.649],[131.667,-7.513],[131.657,-7.436],[131.677,-7.392],[131.637,-7.307],[131.66,-7.228],[131.711,-7.232],[131.71,-7.143],[131.657,-7.121]]],[[[131.409,-3.949],[131.367,-3.973],[131.418,-4.071],[131.45,-4.067],[131.409,-3.949]]],[[[131.934,-7.118],[131.881,-7.107],[131.752,-7.117],[131.727,-7.176],[131.845,-7.162],[131.902,-7.184],[131.909,-7.229],[131.974,-7.244],[131.975,-7.179],[131.934,-7.118]]],[[[131.581,-6.67],[131.518,-6.75],[131.585,-6.773],[131.623,-6.678],[131.581,-6.67]]],[[[134.134,-6.168],[134.096,-6.165],[134.136,-6.308],[134.098,-6.494],[134.082,-6.695],[134.051,-6.774],[134.07,-6.829],[134.214,-6.907],[134.333,-6.86],[134.401,-6.732],[134.494,-6.657],[134.484,-6.582],[134.504,-6.523],[134.405,-6.398],[134.298,-6.36],[134.31,-6.303],[134.289,-6.291],[134.267,-6.261],[134.25,-6.26],[134.228,-6.224],[134.157,-6.206],[134.134,-6.168]]],[[[134.16,-6.011],[134.115,-6.101],[134.18,-6.2],[134.215,-6.191],[134.242,-6.234],[134.274,-6.261],[134.288,-6.284],[134.315,-6.276],[134.364,-6.324],[134.423,-6.281],[134.31,-6.175],[134.233,-6.122],[134.229,-6.054],[134.16,-6.011]]],[[[132.711,-5.59],[132.635,-5.675],[132.681,-5.725],[132.689,-5.806],[132.666,-5.902],[132.698,-5.949],[132.783,-5.94],[132.81,-5.804],[132.779,-5.728],[132.711,-5.652],[132.711,-5.59]]],[[[133.161,-5.283],[133.118,-5.282],[133.054,-5.455],[133.005,-5.649],[132.941,-5.688],[132.937,-5.778],[132.882,-5.842],[132.916,-5.902],[132.963,-5.743],[133.121,-5.566],[133.168,-5.356],[133.161,-5.283]]],[[[132.791,-5.577],[132.74,-5.613],[132.771,-5.687],[132.814,-5.682],[132.791,-5.577]]],[[[134.76,-6.621],[134.687,-6.592],[134.625,-6.759],[134.685,-6.775],[134.738,-6.701],[134.76,-6.621]]],[[[134.61,-6.436],[134.596,-6.385],[134.544,-6.362],[134.484,-6.454],[134.527,-6.497],[134.61,-6.436]]],[[[134.476,-6.3],[134.449,-6.274],[134.365,-6.331],[134.449,-6.448],[134.517,-6.398],[134.525,-6.337],[134.476,-6.3]]],[[[134.589,-5.941],[134.537,-5.919],[134.433,-6.019],[134.382,-6.019],[134.338,-6.058],[134.344,-6.034],[134.312,-6.026],[134.279,-6.05],[134.284,-6.146],[134.4,-6.258],[134.458,-6.267],[134.502,-6.294],[134.546,-6.349],[134.623,-6.373],[134.729,-6.301],[134.765,-6.206],[134.783,-6.095],[134.755,-6.048],[134.662,-5.975],[134.589,-5.941]]],[[[134.442,-5.801],[134.369,-5.802],[134.374,-5.848],[134.298,-5.898],[134.337,-5.946],[134.302,-6.019],[134.354,-6.035],[134.383,-6.016],[134.43,-6.018],[134.535,-5.916],[134.585,-5.93],[134.625,-5.879],[134.713,-5.816],[134.615,-5.725],[134.577,-5.677],[134.573,-5.656],[134.546,-5.651],[134.533,-5.627],[134.528,-5.566],[134.445,-5.575],[134.416,-5.64],[134.335,-5.728],[134.238,-5.671],[134.211,-5.716],[134.282,-5.752],[134.442,-5.801]]],[[[134.553,-5.561],[134.529,-5.579],[134.536,-5.627],[134.547,-5.649],[134.575,-5.654],[134.579,-5.677],[134.616,-5.723],[134.691,-5.725],[134.767,-5.669],[134.745,-5.617],[134.687,-5.582],[134.621,-5.583],[134.553,-5.561]]],[[[134.526,-5.49],[134.506,-5.546],[134.621,-5.581],[134.699,-5.566],[134.648,-5.439],[134.5,-5.42],[134.526,-5.49]]],[[[134.585,-5.329],[134.508,-5.368],[134.542,-5.41],[134.585,-5.329]]],[[[134.732,-6.474],[134.694,-6.443],[134.642,-6.475],[134.668,-6.557],[134.765,-6.528],[134.732,-6.474]]],[[[134.751,-5.858],[134.72,-5.833],[134.646,-5.869],[134.667,-5.934],[134.746,-5.967],[134.751,-5.858]]],[[[134.864,-6.321],[134.797,-6.39],[134.802,-6.45],[134.845,-6.477],[134.909,-6.321],[134.864,-6.321]]]]},"properties":{"kode_prov":"81"}},
{"type":"Feature","geometry":{"type":"MultiPolygon","coordinates":[[[[124.531,-1.633],[124.49,-1.659],[124.401,-1.66],[124.36,-1.718],[124.336,-1.887],[124.416,-2.023],[124.524,-2.018],[124.682,-1.976],[124.774,-1.916],[124.865,-1.892],[124.891,-1.927],[125.009,-1.944],[125.043,-1.887],[125.127,-1.878],[125.309,-1.893],[125.322,-1.786],[125.298,-1.739],[125.204,-1.724],[125.129,-1.684],[125.069,-1.772],[125.021,-1.718],[124.959,-1.695],[124.643,-1.64],[124.531,-1.633]]],[[[125.916,-1.98],[125.858,-2.06],[125.88,-2.21],[125.957,-2.322],[125.996,-2.445],[126.05,-2.477],[126.072,-2.42],[125.958,-2.159],[125.992,-2.026],[125.916,-1.98]]],[[[125.406,-1.776],[125.328,-1.831],[125.333,-1.876],[125.434,-1.886],[125.441,-1.927],[125.528,-1.948],[125.579,-1.929],[125.759,-1.929],[125.843,-1.894],[125.902,-1.935],[126.089,-1.879],[126.139,-1.891],[126.246,-1.879],[126.305,-1.829],[126.197,-1.805],[126.128,-1.811],[125.913,-1.793],[125.689,-1.822],[125.604,-1.819],[125.54,-1.786],[125.489,-1.82],[125.406,-1.776]]],[[[127.221,-0.603],[127.165,-0.749],[127.246,-0.766],[127.294,-0.799],[127.304,-0.684],[127.221,-0.603]]],[[[127.219,-0.258],[127.15,-0.257],[127.119,-0.374],[127.123,-0.51],[127.171,-0.531],[127.278,-0.456],[127.254,-0.338],[127.262,-0.28],[127.219,-0.258]]],[[[127.42,0.372],[127.344,0.331],[127.385,0.277],[127.443,0.337],[127.42,0.372]]],[[[127.399,0.757],[127.362,0.678],[127.402,0.622],[127.448,0.654],[127.448,0.746],[127.399,0.757]]],[[[127.331,0.865],[127.293,0.798],[127.314,0.756],[127.376,0.764],[127.379,0.839],[127.331,0.865]]],[[[127.549,-1.171],[127.532,-1.25],[127.693,-1.285],[127.695,-1.227],[127.599,-1.21],[127.549,-1.171]]],[[[127.526,-0.302],[127.479,-0.388],[127.426,-0.406],[127.372,-0.317],[127.296,-0.436],[127.306,-0.514],[127.359,-0.58],[127.48,-0.63],[127.442,-0.737],[127.463,-0.814],[127.653,-0.75],[127.682,-0.839],[127.77,-0.87],[127.87,-0.827],[127.894,-0.758],[127.799,-0.679],[127.648,-0.683],[127.647,-0.629],[127.596,-0.598],[127.693,-0.456],[127.526,-0.302]]],[[[127.439,0.13],[127.405,0.01],[127.47,0.034],[127.439,0.13]]],[[[127.924,0.215],[127.915,0.272],[127.869,0.309],[127.912,0.401],[127.903,0.436],[127.977,0.483],[128.111,0.455],[128.168,0.457],[128.284,0.396],[128.458,0.404],[128.559,0.318],[128.619,0.316],[128.829,0.259],[128.794,0.314],[128.685,0.331],[128.668,0.491],[128.68,0.549],[128.572,0.562],[128.434,0.632],[128.312,0.66],[128.198,0.79],[128.335,0.912],[128.442,0.93],[128.533,0.971],[128.61,1.042],[128.683,1.068],[128.691,1.198],[128.742,1.31],[128.742,1.371],[128.68,1.495],[128.722,1.573],[128.67,1.59],[128.564,1.57],[128.507,1.532],[128.467,1.551],[128.37,1.501],[128.345,1.46],[128.246,1.421],[128.156,1.354],[128.086,1.257],[128.18,1.243],[128.2,1.206],[128.166,1.125],[128.033,1.116],[127.981,1.087],[127.925,0.966],[127.931,0.876],[127.848,0.807],[127.754,0.808],[127.63,0.945],[127.655,1.027],[127.758,1.069],[127.825,1.147],[127.903,1.15],[127.919,1.228],[127.972,1.276],[127.989,1.381],[128.035,1.531],[128,1.598],[128.012,1.737],[127.929,1.812],[127.861,1.806],[127.842,1.845],[127.852,1.926],[127.952,1.991],[127.955,2.04],[128.065,2.174],[127.977,2.209],[127.838,2.091],[127.744,1.959],[127.674,1.904],[127.614,1.783],[127.576,1.761],[127.579,1.671],[127.554,1.597],[127.511,1.558],[127.536,1.503],[127.521,1.434],[127.443,1.298],[127.399,1.195],[127.429,1.158],[127.397,1.061],[127.502,1.041],[127.512,0.953],[127.493,0.892],[127.629,0.861],[127.636,0.81],[127.547,0.729],[127.527,0.554],[127.562,0.516],[127.579,0.415],[127.661,0.342],[127.734,0.311],[127.692,0.146],[127.722,0.069],[127.697,0.008],[127.7,-0.1],[127.661,-0.209],[127.751,-0.32],[127.864,-0.366],[127.938,-0.504],[127.997,-0.658],[128.066,-0.718],[128.24,-0.779],[128.226,-0.839],[128.352,-0.89],[128.381,-0.853],[128.234,-0.721],[128.185,-0.629],[128.049,-0.417],[127.982,-0.264],[127.965,-0.164],[127.89,-0.001],[127.888,0.083],[127.924,0.111],[127.924,0.215]]],[[[127.648,-1.332],[127.513,-1.417],[127.444,-1.434],[127.406,-1.525],[127.392,-1.617],[127.409,-1.662],[127.497,-1.724],[127.648,-1.731],[127.716,-1.687],[127.817,-1.701],[127.889,-1.683],[128.024,-1.727],[128.089,-1.722],[128.156,-1.684],[128.165,-1.615],[128.09,-1.584],[127.934,-1.448],[127.801,-1.413],[127.78,-1.373],[127.707,-1.336],[127.648,-1.332]]],[[[128.583,2.634],[128.526,2.577],[128.461,2.596],[128.412,2.528],[128.362,2.508],[128.297,2.443],[128.285,2.372],[128.213,2.302],[128.249,2.19],[128.253,2.094],[128.3,2.036],[128.522,2.069],[128.623,2.214],[128.654,2.31],[128.65,2.367],[128.694,2.424],[128.688,2.502],[128.633,2.534],[128.583,2.634]]],[[[129.287,0.051],[129.363,-0.003],[129.388,-0.061],[129.461,-0.092],[129.47,-0.139],[129.537,-0.213],[129.573,-0.179],[129.547,-0.13],[129.473,-0.087],[129.406,-0.018],[129.287,0.051]]]]},"properties":{"kode_prov":"82"}},
{"type":"Feature","geometry":{"type":"MultiPolygon","coordinates":[[[[133.233,-4.117],[133.191,-4.156],[133.279,-4.245],[133.286,-4.186],[133.233,-4.117]]],[[[132.542,-2.19],[132.591,-2.19],[132.651,-2.286],[132.719,-2.299],[132.765,-2.257],[132.843,-2.24],[132.968,-2.292],[133.039,-2.237],[133.158,-2.198],[133.286,-2.192],[133.315,-2.214],[133.414,-2.207],[133.517,-2.228],[133.709,-2.198],[133.834,-2.136],[133.865,-2.202],[133.779,-2.24],[133.861,-2.333],[133.878,-2.386],[133.757,-2.422],[133.71,-2.502],[133.588,-2.569],[133.491,-2.533],[133.411,-2.536],[133.323,-2.454],[133.247,-2.418],[133.129,-2.438],[133.051,-2.494],[132.976,-2.599],[132.792,-2.786],[132.744,-2.806],[132.687,-2.778],[132.589,-2.695],[132.44,-2.68],[132.395,-2.69],[132.323,-2.661],[132.143,-2.666],[132.146,-2.724],[132.058,-2.75],[132.048,-2.81],[132.006,-2.82],[132.087,-2.963],[132.237,-2.923],[132.309,-2.936],[132.42,-2.995],[132.562,-3.113],[132.559,-3.157],[132.641,-3.188],[132.642,-3.271],[132.666,-3.321],[132.813,-3.268],[132.833,-3.309],[132.804,-3.365],[132.82,-3.454],[132.89,-3.479],[132.913,-3.553],[132.896,-3.651],[132.731,-3.642],[132.736,-3.693],[132.812,-3.877],[132.85,-3.933],[132.849,-4.02],[132.895,-4.112],[133.001,-4.061],[133.14,-4.079],[133.231,-3.998],[133.334,-4.001],[133.442,-3.866],[133.399,-3.74],[133.46,-3.674],[133.509,-3.591],[133.587,-3.574],[133.602,-3.531],[133.546,-3.443],[133.643,-3.415],[133.672,-3.307],[133.658,-3.163],[133.73,-3.044],[133.838,-2.995],[133.835,-3.093],[133.778,-3.119],[133.779,-3.175],[133.723,-3.182],[133.672,-3.245],[133.703,-3.41],[133.642,-3.452],[133.653,-3.502],[133.739,-3.651],[133.789,-3.618],[133.847,-3.638],[133.909,-3.701],[133.917,-3.785],[133.965,-3.864],[134.043,-3.785],[134.121,-3.792],[134.182,-3.828],[134.136,-3.895],[134.184,-3.946],[134.28,-4.003],[134.294,-3.958],[134.44,-3.917],[134.511,-4.041],[134.627,-3.948],[134.705,-3.917],[134.905,-3.936],[134.861,-3.979],[134.761,-3.93],[134.658,-3.98],[134.665,-4.036],[134.622,-4.118],[134.706,-4.138],[134.719,-4.198],[134.812,-4.253],[134.87,-4.251],[134.923,-4.183],[135.002,-4.106],[135.177,-3.852],[135.258,-3.752],[135.164,-3.727],[135.045,-3.675],[134.889,-3.631],[134.636,-3.543],[134.727,-3.409],[134.704,-3.346],[134.599,-2.489],[134.531,-2.452],[134.46,-2.552],[134.521,-2.797],[134.495,-2.867],[134.407,-2.77],[134.333,-2.568],[134.261,-2.455],[134.216,-2.424],[134.157,-2.297],[134.121,-2.164],[134.104,-2.053],[134.142,-2.003],[134.122,-1.864],[134.1,-1.834],[134.081,-1.66],[134.199,-1.548],[134.199,-1.454],[134.264,-1.341],[134.201,-1.207],[134.106,-1.126],[134.071,-1.021],[134.01,-0.957],[134.044,-0.925],[134.041,-0.803],[133.946,-0.714],[133.877,-0.714],[133.813,-0.748],[133.72,-0.751],[133.605,-0.735],[133.509,-0.744],[133.484,-0.774],[133.488,-0.887],[133.517,-0.999],[133.469,-1.019],[133.456,-1.07],[133.367,-1.195],[133.334,-1.275],[132.709,-1.16],[132.72,-1.219],[132.6,-1.415],[132.568,-1.594],[132.487,-1.805],[132.471,-1.913],[132.484,-2.058],[132.542,-2.19]]],[[[133.482,-2.398],[133.499,-2.465],[133.564,-2.51],[133.576,-2.444],[133.482,-2.398]]],[[[134.238,-1.749],[134.203,-1.754],[134.148,-1.829],[134.147,-1.901],[134.193,-1.902],[134.238,-1.749]]],[[[134.576,-2.371],[134.502,-2.364],[134.534,-2.433],[134.576,-2.371]]],[[[134.413,-2.043],[134.36,-2],[134.311,-2.099],[134.37,-2.143],[134.413,-2.043]]]]},"properties":{"kode_prov":"91"}},
{"type":"Feature","geometry":{"type":"MultiPolygon","coordinates":[[[[130.268,-1.694],[130.194,-1.713],[130.054,-1.719],[129.977,-1.761],[129.897,-1.777],[129.861,-1.812],[129.742,-1.844],[129.718,-1.872],[129.786,-1.93],[129.96,-2.016],[130.088,-2.031],[130.117,-2.061],[130.254,-2.054],[130.323,-1.981],[130.366,-2.026],[130.444,-2.023],[130.445,-1.954],[130.37,-1.942],[130.437,-1.833],[130.416,-1.773],[130.37,-1.753],[130.377,-1.677],[130.268,-1.694]]],[[[129.909,-1.15],[129.851,-1.144],[129.792,-1.193],[129.876,-1.22],[129.909,-1.15]]],[[[131.024,-1.196],[131.044,-1.185],[131.083,-1.01],[131.03,-0.912],[130.936,-0.943],[130.921,-0.891],[130.832,-0.897],[130.783,-0.926],[130.634,-0.962],[130.717,-1.097],[130.744,-1.225],[130.842,-1.295],[130.985,-1.347],[131.043,-1.236],[131.024,-1.196]]],[[[130.818,-0.779],[130.733,-0.821],[130.668,-0.8],[130.572,-0.809],[130.543,-0.841],[130.446,-0.835],[130.422,-0.911],[130.537,-0.918],[130.676,-0.9],[130.872,-0.848],[130.818,-0.779]]],[[[130.638,-0.416],[130.465,-0.453],[130.452,-0.522],[130.592,-0.533],[130.651,-0.523],[130.694,-0.455],[130.638,-0.416]]],[[[130.641,-0.115],[130.695,-0.078],[130.727,-0.148],[130.77,-0.158],[130.794,-0.248],[130.861,-0.24],[130.917,-0.308],[130.94,-0.352],[130.994,-0.364],[131.067,-0.328],[131.176,-0.342],[131.244,-0.387],[131.305,-0.307],[131.311,-0.213],[131.293,-0.165],[131.19,-0.134],[131.149,-0.085],[131.073,-0.076],[131.03,-0.04],[130.965,-0.053],[130.874,-0.017],[130.77,-0.011],[130.665,-0.05],[130.581,-0.041],[130.49,-0.065],[130.422,-0.103],[130.337,-0.112],[130.44,-0.198],[130.423,-0.264],[130.524,-0.264],[130.568,-0.325],[130.675,-0.295],[130.7,-0.415],[130.79,-0.451],[130.932,-0.392],[130.915,-0.314],[130.888,-0.326],[130.843,-0.302],[130.766,-0.301],[130.739,-0.284],[130.653,-0.155],[130.641,-0.115]]],[[[132.484,-2.058],[132.473,-1.974],[132.476,-1.851],[132.487,-1.805],[132.568,-1.594],[132.6,-1.415],[132.72,-1.219],[132.709,-1.16],[133.334,-1.275],[133.367,-1.195],[133.456,-1.07],[133.469,-1.019],[133.517,-0.999],[133.488,-0.887],[133.484,-0.774],[133.322,-0.699],[133.226,-0.6],[133.096,-0.546],[133.016,-0.53],[133,-0.492],[132.749,-0.388],[132.647,-0.357],[132.503,-0.358],[132.43,-0.344],[132.335,-0.38],[132.257,-0.379],[132.079,-0.483],[132.059,-0.536],[131.983,-0.565],[131.914,-0.625],[131.885,-0.678],[131.818,-0.715],[131.687,-0.742],[131.533,-0.735],[131.225,-0.821],[131.242,-0.877],[131.286,-0.897],[131.23,-1.075],[131.233,-1.103],[131.174,-1.229],[131.083,-1.24],[131.046,-1.265],[130.996,-1.386],[130.993,-1.465],[131.163,-1.468],[131.211,-1.536],[131.322,-1.486],[131.313,-1.412],[131.363,-1.364],[131.38,-1.459],[131.444,-1.515],[131.487,-1.486],[131.581,-1.534],[131.791,-1.607],[131.882,-1.584],[131.91,-1.719],[131.983,-1.703],[131.995,-1.744],[131.924,-1.814],[131.926,-1.868],[131.971,-1.968],[132.042,-2.023],[132.066,-2.092],[132.144,-2.147],[132.223,-2.177],[132.316,-2.28],[132.376,-2.266],[132.542,-2.19],[132.484,-2.058]]]]},"properties":{"kode_prov":"92"}},
{"type":"Feature","geometry":{"type":"MultiPolygon","coordinates":[[[[135.114,-1.465],[135.176,-1.524],[135.216,-1.474],[135.114,-1.465]]],[[[134.844,-0.932],[134.793,-0.981],[134.795,-1.033],[134.836,-1.105],[134.89,-1.141],[134.948,-1.123],[134.983,-1.072],[134.942,-1.04],[134.944,-0.971],[134.844,-0.932]]],[[[135.709,-0.803],[135.742,-0.811],[135.801,-0.999],[135.824,-1.026],[135.827,-1.136],[135.873,-1.173],[136.001,-1.142],[136.075,-1.186],[136.149,-1.2],[136.314,-1.141],[136.324,-1.074],[136.257,-1.018],[136.19,-1.045],[136.099,-0.961],[136.051,-0.856],[135.973,-0.812],[135.854,-0.7],[135.806,-0.686],[135.749,-0.741],[135.643,-0.663],[135.598,-0.671],[135.434,-0.643],[135.394,-0.723],[135.428,-0.763],[135.529,-0.783],[135.643,-0.887],[135.709,-0.803]]],[[[135.483,-1.602],[135.474,-1.68],[135.553,-1.662],[135.673,-1.707],[135.732,-1.688],[135.777,-1.738],[135.821,-1.735],[136.072,-1.85],[136.198,-1.855],[136.232,-1.896],[136.313,-1.863],[136.436,-1.889],[136.536,-1.87],[136.628,-1.873],[136.718,-1.816],[136.849,-1.827],[136.904,-1.794],[136.789,-1.74],[136.585,-1.729],[136.446,-1.698],[136.41,-1.72],[136.183,-1.656],[135.899,-1.635],[135.87,-1.661],[135.786,-1.626],[135.624,-1.626],[135.483,-1.602]]],[[[136.788,-3.266],[136.827,-3.282],[136.886,-3.224],[136.899,-3.192],[137.072,-3.18],[137.134,-3.135],[137.187,-3.106],[137.261,-3.015],[137.383,-2.964],[137.462,-3.052],[137.558,-3.052],[137.618,-3.112],[137.883,-3.117],[138.01,-3.155],[138.01,-3.225],[138.076,-3.263],[138.11,-3.263],[138.162,-3.278],[138.215,-3.208],[138.327,-3.194],[138.38,-3.318],[138.563,-3.338],[138.73,-3.286],[138.855,-3.418],[138.93,-3.419],[139.005,-3.382],[139.048,-3.393],[139.076,-3.336],[139.138,-3.419],[139.195,-3.448],[139.251,-3.417],[139.279,-3.468],[139.361,-3.449],[139.473,-3.457],[139.506,-3.519],[139.625,-3.555],[139.661,-3.528],[139.862,-3.583],[139.891,-3.621],[139.969,-3.612],[140.066,-3.648],[140.09,-3.683],[140.163,-3.707],[140.372,-3.744],[140.418,-3.803],[140.405,-3.896],[140.517,-3.905],[140.587,-3.937],[140.679,-3.907],[140.755,-3.935],[140.789,-3.94],[140.904,-3.936],[140.917,-3.922],[140.962,-3.914],[140.967,-3.924],[140.983,-3.915],[141,-3.931],[141,-2.604],[140.916,-2.624],[140.809,-2.606],[140.729,-2.634],[140.686,-2.613],[140.725,-2.535],[140.721,-2.491],[140.617,-2.449],[140.497,-2.444],[140.386,-2.4],[140.368,-2.444],[140.3,-2.444],[140.254,-2.401],[140.208,-2.408],[140.157,-2.353],[140.083,-2.33],[140.058,-2.36],[139.811,-2.378],[139.713,-2.337],[139.642,-2.289],[139.536,-2.248],[139.363,-2.147],[139.249,-2.11],[139.125,-2.031],[138.992,-1.973],[138.864,-1.966],[138.79,-1.92],[138.738,-1.853],[138.66,-1.791],[138.473,-1.751],[138.281,-1.685],[138.178,-1.632],[138.075,-1.605],[137.969,-1.531],[137.932,-1.458],[137.744,-1.477],[137.588,-1.556],[137.477,-1.598],[137.402,-1.656],[137.247,-1.736],[137.102,-1.793],[137.089,-1.852],[137.191,-1.945],[137.221,-2.06],[137.154,-2.103],[137.039,-2.113],[136.945,-2.14],[136.912,-2.179],[136.817,-2.193],[136.777,-2.233],[136.712,-2.228],[136.673,-2.261],[136.602,-2.254],[136.518,-2.191],[136.394,-2.219],[136.332,-2.284],[136.342,-2.373],[136.296,-2.411],[136.267,-2.546],[136.224,-2.614],[136.112,-2.668],[136.056,-2.669],[136.018,-2.747],[136.044,-2.743],[136.136,-2.752],[136.138,-2.787],[136.146,-2.783],[136.217,-2.806],[136.266,-2.886],[136.279,-2.884],[136.289,-2.908],[136.306,-2.908],[136.336,-2.94],[136.353,-2.946],[136.339,-3.006],[136.346,-3.018],[136.365,-3.042],[136.435,-3.085],[136.445,-3.178],[136.487,-3.227],[136.569,-3.251],[136.647,-3.258],[136.732,-3.282],[136.788,-3.266]]]]},"properties":{"kode_prov":"94"}},
{"type":"Feature","geometry":{"type":"MultiPolygon","coordinates":[[[[138.89,-8.292],[138.855,-8.292],[138.847,-8.379],[138.904,-8.382],[138.89,-8.292]]],[[[138.823,-8.148],[138.679,-8.17],[138.664,-8.235],[138.553,-8.333],[138.599,-8.363],[138.727,-8.385],[138.839,-8.384],[138.855,-8.291],[138.823,-8.148]]],[[[138.625,-7.368],[138.425,-7.403],[138.288,-7.44],[138.148,-7.514],[138.037,-7.613],[137.97,-7.733],[137.927,-7.762],[137.869,-7.853],[137.782,-8.055],[137.721,-8.145],[137.684,-8.236],[137.64,-8.418],[137.857,-8.385],[138.077,-8.387],[138.223,-8.378],[138.303,-8.425],[138.446,-8.382],[138.615,-8.25],[138.683,-8.148],[138.801,-8.136],[138.811,-8.09],[138.89,-8.041],[138.898,-7.901],[138.982,-7.861],[138.99,-7.761],[139.03,-7.651],[139.088,-7.574],[138.926,-7.535],[138.865,-7.437],[138.779,-7.378],[138.625,-7.368]]],[[[139.134,-4.826],[139.022,-4.736],[138.95,-4.726],[138.643,-4.74],[137.966,-4.598],[137.87,-4.606],[137.577,-4.652],[137.651,-4.791],[137.737,-4.834],[137.814,-4.894],[137.815,-4.944],[137.763,-4.99],[137.653,-5.041],[137.614,-5.138],[137.577,-5.136],[137.55,-5.169],[137.681,-5.238],[137.743,-5.297],[137.721,-5.347],[137.81,-5.38],[137.874,-5.357],[138.007,-5.498],[138.083,-5.525],[138.043,-5.616],[138.067,-5.726],[138.167,-5.721],[138.175,-5.819],[138.252,-5.876],[138.393,-6.163],[138.383,-6.199],[138.422,-6.346],[138.576,-6.488],[138.695,-6.626],[138.666,-6.655],[138.673,-6.724],[138.623,-6.786],[138.677,-6.867],[138.581,-6.901],[138.561,-6.935],[138.596,-6.996],[138.765,-7.119],[138.854,-7.158],[138.833,-7.207],[138.763,-7.21],[138.771,-7.264],[138.87,-7.321],[138.907,-7.365],[138.967,-7.521],[139.035,-7.515],[139.104,-7.546],[139.108,-7.6],[139.062,-7.642],[139.015,-7.765],[139.018,-7.854],[138.926,-7.906],[138.903,-8.03],[138.834,-8.135],[138.855,-8.185],[138.932,-8.277],[138.989,-8.202],[139.092,-8.135],[139.228,-8.098],[139.278,-8.177],[139.34,-8.206],[139.457,-8.194],[139.584,-8.13],[139.714,-8.098],[139.942,-8.102],[140.017,-8.221],[140.17,-8.337],[140.227,-8.356],[140.261,-8.41],[140.503,-8.615],[140.529,-8.688],[140.603,-8.798],[140.767,-8.948],[140.9,-9.09],[141.019,-9.12],[141.019,-6.89],[140.955,-6.912],[140.87,-6.793],[140.845,-6.719],[140.869,-6.604],[140.929,-6.538],[140.915,-6.426],[141,-6.32],[141,-5.295],[140.098,-5.16],[139.511,-5.006],[139.304,-4.938],[139.134,-4.826]]]]},"properties":{"kode_prov":"95"}},
{"type":"Feature","geometry":{"type":"Polygon","coordinates":[[[135.002,-4.106],[134.923,-4.183],[134.87,-4.252],[134.939,-4.312],[135.207,-4.466],[135.409,-4.433],[135.506,-4.445],[135.718,-4.497],[135.789,-4.484],[135.924,-4.491],[136.052,-4.586],[136.208,-4.659],[136.354,-4.674],[136.444,-4.732],[136.83,-4.913],[136.925,-4.896],[136.976,-4.939],[137.06,-4.919],[137.18,-5.008],[137.215,-4.981],[137.329,-5.03],[137.42,-5.125],[137.497,-5.146],[137.577,-5.136],[137.614,-5.138],[137.653,-5.041],[137.763,-4.99],[137.815,-4.944],[137.814,-4.894],[137.737,-4.834],[137.651,-4.791],[137.577,-4.652],[137.569,-4.615],[137.665,-4.474],[137.678,-4.172],[137.715,-4.057],[137.814,-3.979],[137.937,-3.962],[137.952,-3.867],[138.05,-3.834],[138.186,-3.838],[138.269,-3.813],[138.305,-3.773],[138.236,-3.617],[138.183,-3.609],[138.085,-3.541],[138.037,-3.486],[138.014,-3.356],[138.032,-3.242],[138.01,-3.225],[138.01,-3.155],[137.883,-3.117],[137.618,-3.112],[137.558,-3.052],[137.462,-3.052],[137.383,-2.964],[137.261,-3.015],[137.187,-3.106],[137.134,-3.135],[137.072,-3.18],[136.899,-3.192],[136.886,-3.224],[136.835,-3.269],[136.788,-3.266],[136.732,-3.282],[136.647,-3.258],[136.569,-3.251],[136.487,-3.227],[136.445,-3.178],[136.435,-3.085],[136.355,-3.032],[136.346,-3.017],[136.349,-3.01],[136.339,-3.005],[136.336,-2.94],[136.306,-2.908],[136.289,-2.908],[136.279,-2.884],[136.266,-2.886],[136.217,-2.806],[136.146,-2.783],[136.138,-2.787],[136.136,-2.752],[136.044,-2.743],[136.018,-2.747],[135.975,-2.765],[135.923,-2.863],[135.922,-2.965],[135.827,-3.014],[135.757,-3.11],[135.596,-3.194],[135.558,-3.301],[135.504,-3.356],[135.336,-3.396],[135.166,-3.371],[135.112,-3.382],[135.048,-3.329],[135.011,-3.339],[134.888,-3.259],[134.851,-3.207],[134.862,-3.159],[134.818,-3.105],[134.813,-3.022],[134.852,-2.916],[134.805,-2.911],[134.778,-2.983],[134.689,-2.967],[134.657,-2.771],[134.663,-2.613],[134.634,-2.48],[134.599,-2.489],[134.704,-3.346],[134.727,-3.409],[134.636,-3.543],[134.889,-3.631],[135.045,-3.675],[135.164,-3.727],[135.258,-3.752],[135.002,-4.106]]]},"properties":{"kode_prov":"96"}},
{"type":"Feature","geometry":{"type":"Polygon","coordinates":[[[140.098,-5.16],[141,-5.295],[140.996,-3.922],[140.989,-3.926],[140.98,-3.915],[140.967,-3.924],[140.962,-3.914],[140.917,-3.922],[140.904,-3.936],[140.789,-3.94],[140.755,-3.935],[140.679,-3.907],[140.587,-3.937],[140.517,-3.905],[140.405,-3.896],[140.418,-3.803],[140.372,-3.744],[140.163,-3.707],[140.09,-3.683],[140.066,-3.648],[139.969,-3.612],[139.891,-3.621],[139.862,-3.583],[139.661,-3.528],[139.625,-3.555],[139.506,-3.519],[139.473,-3.457],[139.361,-3.449],[139.279,-3.468],[139.251,-3.417],[139.195,-3.448],[139.138,-3.419],[139.076,-3.336],[139.048,-3.393],[139.005,-3.382],[138.93,-3.419],[138.855,-3.418],[138.73,-3.286],[138.563,-3.338],[138.38,-3.318],[138.327,-3.194],[138.215,-3.208],[138.162,-3.278],[138.11,-3.263],[138.076,-3.263],[138.032,-3.242],[138.014,-3.356],[138.037,-3.486],[138.085,-3.541],[138.183,-3.609],[138.236,-3.617],[138.305,-3.773],[138.269,-3.813],[138.186,-3.838],[138.05,-3.834],[137.952,-3.867],[137.937,-3.962],[137.814,-3.979],[137.715,-4.057],[137.678,-4.172],[137.665,-4.474],[137.569,-4.615],[137.577,-4.652],[137.87,-4.606],[137.966,-4.598],[138.643,-4.74],[138.95,-4.726],[139.03,-4.737],[139.134,-4.826],[139.304,-4.938],[139.511,-5.006],[140.098,-5.16]]]},"properties":{"kode_prov":"97"}}
]}